OrgNr,PeOrgNr,Företagsnamn,Firma,Juridisk form,Privat/Publikt,Registreringsdatum,Startdatum,Slutdatum,Bolagsstatus,Företagsstatus,Bransch_1,"Bransch_1, kod",Säteskommun,Säteslän,ARegion,PostAdress,PostNr,PostOrt,E-post,Telefon,Fskattstatus,Momsstatus,Arbetsgivarstatus,Storleksklass SME,Utskick,Reklam
5595791129,165595791129,Famera Lokaler 6 AB,,Övriga aktiebolag,Privat,2026-04-07,,,Normalläge,Har aldrig varit verksam,Okänd,00000,Växjö,Kronoberg,Växjö,KUNGSGATAN 12,352 33,VÄXJÖ,johan@famera.se,,Har aldrig varit registrerad för F-skatt,Har aldrig varit registrerad för moms,Har aldrig varit registrerad som arbetsgivare,0 anställda,Postadress är OK,"Tar emot reklam, ej telefonnummerspärrat"
5595791228,165595791228,Grundbulten 160898 AB,,Övriga aktiebolag,Privat,2026-04-07,,,Normalläge,Har aldrig varit verksam,Okänd,00000,Växjö,Kronoberg,Växjö,BOX 427,351 06,VÄXJÖ,startaforetag@fortnox.se,,Har aldrig varit registrerad för F-skatt,Har aldrig varit registrerad för moms,Har aldrig varit registrerad som arbetsgivare,0 anställda,Postadress är OK,"Tar emot reklam, ej telefonnummerspärrat"
5595791244,165595791244,Grundbulten 160896 AB,,Övriga aktiebolag,Privat,2026-04-07,,,Normalläge,Har aldrig varit verksam,Okänd,00000,Växjö,Kronoberg,Växjö,BOX 427,351 06,VÄXJÖ,startaforetag@fortnox.se,,Har aldrig varit registrerad för F-skatt,Har aldrig varit registrerad för moms,Har aldrig varit registrerad som arbetsgivare,0 anställda,Postadress är OK,"Tar emot reklam, ej telefonnummerspärrat"
5595791251,165595791251,Grundbulten 160897 AB,,Övriga aktiebolag,Privat,2026-04-07,,,Normalläge,Har aldrig varit verksam,Okänd,00000,Växjö,Kronoberg,Växjö,BOX 427,351 06,VÄXJÖ,startaforetag@fortnox.se,,Har aldrig varit registrerad för F-skatt,Har aldrig varit registrerad för moms,Har aldrig varit registrerad som arbetsgivare,0 anställda,Postadress är OK,"Tar emot reklam, ej telefonnummerspärrat"
5595791269,165595791269,Grundbulten 160875 AB,,Övriga aktiebolag,Privat,2026-04-07,,,Normalläge,Har aldrig varit verksam,Okänd,00000,Växjö,Kronoberg,Växjö,BOX 427,351 06,VÄXJÖ,startaforetag@fortnox.se,,Har aldrig varit registrerad för F-skatt,Har aldrig varit registrerad för moms,Har aldrig varit registrerad som arbetsgivare,0 anställda,Postadress är OK,"Tar emot reklam, ej telefonnummerspärrat"
5595791277,165595791277,Grundbulten 160878 AB,,Övriga aktiebolag,Privat,2026-04-07,,,Normalläge,Har aldrig varit verksam,Okänd,00000,Växjö,Kronoberg,Växjö,BOX 427,351 06,VÄXJÖ,startaforetag@fortnox.se,,Har aldrig varit registrerad för F-skatt,Har aldrig varit registrerad för moms,Har aldrig varit registrerad som arbetsgivare,0 anställda,Postadress är OK,"Tar emot reklam, ej telefonnummerspärrat"
5595791285,165595791285,Grundbulten 160879 AB,,Övriga aktiebolag,Privat,2026-04-07,,,Normalläge,Har aldrig varit verksam,Okänd,00000,Växjö,Kronoberg,Växjö,BOX 427,351 06,VÄXJÖ,startaforetag@fortnox.se,,Har aldrig varit registrerad för F-skatt,Har aldrig varit registrerad för moms,Har aldrig varit registrerad som arbetsgivare,0 anställda,Postadress är OK,"Tar emot reklam, ej telefonnummerspärrat"
5595791293,165595791293,Grundbulten 160876 AB,,Övriga aktiebolag,Privat,2026-04-07,,,Normalläge,Har aldrig varit verksam,Okänd,00000,Växjö,Kronoberg,Växjö,BOX 427,351 06,VÄXJÖ,startaforetag@fortnox.se,,Har aldrig varit registrerad för F-skatt,Har aldrig varit registrerad för moms,Har aldrig varit registrerad som arbetsgivare,0 anställda,Postadress är OK,"Tar emot reklam, ej telefonnummerspärrat"
5595791301,165595791301,Grundbulten 160877 AB,,Övriga aktiebolag,Privat,2026-04-07,,,Normalläge,Har aldrig varit verksam,Okänd,00000,Växjö,Kronoberg,Växjö,BOX 427,351 06,VÄXJÖ,startaforetag@fortnox.se,,Har aldrig varit registrerad för F-skatt,Har aldrig varit registrerad för moms,Har aldrig varit registrerad som arbetsgivare,0 anställda,Postadress är OK,"Tar emot reklam, ej telefonnummerspärrat"
5595791319,165595791319,Grundbulten 160882 AB,,Övriga aktiebolag,Privat,2026-04-07,,,Normalläge,Har aldrig varit verksam,Okänd,00000,Växjö,Kronoberg,Växjö,BOX 427,351 06,VÄXJÖ,startaforetag@fortnox.se,,Har aldrig varit registrerad för F-skatt,Har aldrig varit registrerad för moms,Har aldrig varit registrerad som arbetsgivare,0 anställda,Postadress är OK,"Tar emot reklam, ej telefonnummerspärrat"
5595791327,165595791327,Grundbulten 160883 AB,,Övriga aktiebolag,Privat,2026-04-07,,,Normalläge,Har aldrig varit verksam,Okänd,00000,Växjö,Kronoberg,Växjö,BOX 427,351 06,VÄXJÖ,startaforetag@fortnox.se,,Har aldrig varit registrerad för F-skatt,Har aldrig varit registrerad för moms,Har aldrig varit registrerad som arbetsgivare,0 anställda,Postadress är OK,"Tar emot reklam, ej telefonnummerspärrat"
5595791335,165595791335,Grundbulten 160880 AB,,Övriga aktiebolag,Privat,2026-04-07,,,Normalläge,Har aldrig varit verksam,Okänd,00000,Växjö,Kronoberg,Växjö,BOX 427,351 06,VÄXJÖ,startaforetag@fortnox.se,,Har aldrig varit registrerad för F-skatt,Har aldrig varit registrerad för moms,Har aldrig varit registrerad som arbetsgivare,0 anställda,Postadress är OK,"Tar emot reklam, ej telefonnummerspärrat"
5595791343,165595791343,Grundbulten 160881 AB,,Övriga aktiebolag,Privat,2026-04-07,,,Normalläge,Har aldrig varit verksam,Okänd,00000,Växjö,Kronoberg,Växjö,BOX 427,351 06,VÄXJÖ,startaforetag@fortnox.se,,Har aldrig varit registrerad för F-skatt,Har aldrig varit registrerad för moms,Har aldrig varit registrerad som arbetsgivare,0 anställda,Postadress är OK,"Tar emot reklam, ej telefonnummerspärrat"
5595791350,165595791350,Grundbulten 160886 AB,,Övriga aktiebolag,Privat,2026-04-07,,,Normalläge,Har aldrig varit verksam,Okänd,00000,Växjö,Kronoberg,Växjö,BOX 427,351 06,VÄXJÖ,startaforetag@fortnox.se,,Har aldrig varit registrerad för F-skatt,Har aldrig varit registrerad för moms,Har aldrig varit registrerad som arbetsgivare,0 anställda,Postadress är OK,"Tar emot reklam, ej telefonnummerspärrat"
5595791368,165595791368,Grundbulten 160887 AB,,Övriga aktiebolag,Privat,2026-04-07,,,Normalläge,Har aldrig varit verksam,Okänd,00000,Växjö,Kronoberg,Växjö,BOX 427,351 06,VÄXJÖ,startaforetag@fortnox.se,,Har aldrig varit registrerad för F-skatt,Har aldrig varit registrerad för moms,Har aldrig varit registrerad som arbetsgivare,0 anställda,Postadress är OK,"Tar emot reklam, ej telefonnummerspärrat"
5595791384,165595791384,Grundbulten 160884 AB,,Övriga aktiebolag,Privat,2026-04-07,,,Normalläge,Har aldrig varit verksam,Okänd,00000,Växjö,Kronoberg,Växjö,BOX 427,351 06,VÄXJÖ,startaforetag@fortnox.se,,Har aldrig varit registrerad för F-skatt,Har aldrig varit registrerad för moms,Har aldrig varit registrerad som arbetsgivare,0 anställda,Postadress är OK,"Tar emot reklam, ej telefonnummerspärrat"
5595791392,165595791392,Grundbulten 160885 AB,,Övriga aktiebolag,Privat,2026-04-07,,,Normalläge,Har aldrig varit verksam,Okänd,00000,Växjö,Kronoberg,Växjö,BOX 427,351 06,VÄXJÖ,startaforetag@fortnox.se,,Har aldrig varit registrerad för F-skatt,Har aldrig varit registrerad för moms,Har aldrig varit registrerad som arbetsgivare,0 anställda,Postadress är OK,"Tar emot reklam, ej telefonnummerspärrat"
5595791400,165595791400,Grundbulten 160890 AB,,Övriga aktiebolag,Privat,2026-04-07,,,Normalläge,Har aldrig varit verksam,Okänd,00000,Växjö,Kronoberg,Växjö,BOX 427,351 06,VÄXJÖ,startaforetag@fortnox.se,,Har aldrig varit registrerad för F-skatt,Har aldrig varit registrerad för moms,Har aldrig varit registrerad som arbetsgivare,0 anställda,Postadress är OK,"Tar emot reklam, ej telefonnummerspärrat"
5595791418,165595791418,Grundbulten 160891 AB,,Övriga aktiebolag,Privat,2026-04-07,,,Normalläge,Har aldrig varit verksam,Okänd,00000,Växjö,Kronoberg,Växjö,BOX 427,351 06,VÄXJÖ,startaforetag@fortnox.se,,Har aldrig varit registrerad för F-skatt,Har aldrig varit registrerad för moms,Har aldrig varit registrerad som arbetsgivare,0 anställda,Postadress är OK,"Tar emot reklam, ej telefonnummerspärrat"
5595791426,165595791426,Grundbulten 160888 AB,,Övriga aktiebolag,Privat,2026-04-07,,,Normalläge,Har aldrig varit verksam,Okänd,00000,Växjö,Kronoberg,Växjö,BOX 427,351 06,VÄXJÖ,startaforetag@fortnox.se,,Har aldrig varit registrerad för F-skatt,Har aldrig varit registrerad för moms,Har aldrig varit registrerad som arbetsgivare,0 anställda,Postadress är OK,"Tar emot reklam, ej telefonnummerspärrat"
5595791434,165595791434,Grundbulten 160889 AB,,Övriga aktiebolag,Privat,2026-04-07,,,Normalläge,Har aldrig varit verksam,Okänd,00000,Växjö,Kronoberg,Växjö,BOX 427,351 06,VÄXJÖ,startaforetag@fortnox.se,,Har aldrig varit registrerad för F-skatt,Har aldrig varit registrerad för moms,Har aldrig varit registrerad som arbetsgivare,0 anställda,Postadress är OK,"Tar emot reklam, ej telefonnummerspärrat"
5595791442,165595791442,Grundbulten 160894 AB,,Övriga aktiebolag,Privat,2026-04-07,,,Normalläge,Har aldrig varit verksam,Okänd,00000,Växjö,Kronoberg,Växjö,BOX 427,351 06,VÄXJÖ,startaforetag@fortnox.se,,Har aldrig varit registrerad för F-skatt,Har aldrig varit registrerad för moms,Har aldrig varit registrerad som arbetsgivare,0 anställda,Postadress är OK,"Tar emot reklam, ej telefonnummerspärrat"
5595791459,165595791459,Grundbulten 160895 AB,,Övriga aktiebolag,Privat,2026-04-07,,,Normalläge,Har aldrig varit verksam,Okänd,00000,Växjö,Kronoberg,Växjö,BOX 427,351 06,VÄXJÖ,startaforetag@fortnox.se,,Har aldrig varit registrerad för F-skatt,Har aldrig varit registrerad för moms,Har aldrig varit registrerad som arbetsgivare,0 anställda,Postadress är OK,"Tar emot reklam, ej telefonnummerspärrat"
5595791467,165595791467,Grundbulten 160892 AB,,Övriga aktiebolag,Privat,2026-04-07,,,Normalläge,Har aldrig varit verksam,Okänd,00000,Växjö,Kronoberg,Växjö,BOX 427,351 06,VÄXJÖ,startaforetag@fortnox.se,,Har aldrig varit registrerad för F-skatt,Har aldrig varit registrerad för moms,Har aldrig varit registrerad som arbetsgivare,0 anställda,Postadress är OK,"Tar emot reklam, ej telefonnummerspärrat"
5595791475,165595791475,Grundbulten 160893 AB,,Övriga aktiebolag,Privat,2026-04-07,,,Normalläge,Har aldrig varit verksam,Okänd,00000,Växjö,Kronoberg,Växjö,BOX 427,351 06,VÄXJÖ,startaforetag@fortnox.se,,Har aldrig varit registrerad för F-skatt,Har aldrig varit registrerad för moms,Har aldrig varit registrerad som arbetsgivare,0 anställda,Postadress är OK,"Tar emot reklam, ej telefonnummerspärrat"
5595791483,165595791483,Grundbulten 160850 AB,,Övriga aktiebolag,Privat,2026-04-07,,,Normalläge,Har aldrig varit verksam,Okänd,00000,Växjö,Kronoberg,Växjö,BOX 427,351 06,VÄXJÖ,startaforetag@fortnox.se,,Har aldrig varit registrerad för F-skatt,Har aldrig varit registrerad för moms,Har aldrig varit registrerad som arbetsgivare,0 anställda,Postadress är OK,"Tar emot reklam, ej telefonnummerspärrat"
5595791491,165595791491,Grundbulten 160851 AB,,Övriga aktiebolag,Privat,2026-04-07,,,Normalläge,Har aldrig varit verksam,Okänd,00000,Växjö,Kronoberg,Växjö,BOX 427,351 06,VÄXJÖ,startaforetag@fortnox.se,,Har aldrig varit registrerad för F-skatt,Har aldrig varit registrerad för moms,Har aldrig varit registrerad som arbetsgivare,0 anställda,Postadress är OK,"Tar emot reklam, ej telefonnummerspärrat"
5595791509,165595791509,Grundbulten 160854 AB,,Övriga aktiebolag,Privat,2026-04-07,,,Normalläge,Har aldrig varit verksam,Okänd,00000,Växjö,Kronoberg,Växjö,BOX 427,351 06,VÄXJÖ,startaforetag@fortnox.se,,Har aldrig varit registrerad för F-skatt,Har aldrig varit registrerad för moms,Har aldrig varit registrerad som arbetsgivare,0 anställda,Postadress är OK,"Tar emot reklam, ej telefonnummerspärrat"
5595791517,165595791517,Grundbulten 160855 AB,,Övriga aktiebolag,Privat,2026-04-07,,,Normalläge,Har aldrig varit verksam,Okänd,00000,Växjö,Kronoberg,Växjö,BOX 427,351 06,VÄXJÖ,startaforetag@fortnox.se,,Har aldrig varit registrerad för F-skatt,Har aldrig varit registrerad för moms,Har aldrig varit registrerad som arbetsgivare,0 anställda,Postadress är OK,"Tar emot reklam, ej telefonnummerspärrat"
5595791525,165595791525,Grundbulten 160852 AB,,Övriga aktiebolag,Privat,2026-04-07,,,Normalläge,Har aldrig varit verksam,Okänd,00000,Växjö,Kronoberg,Växjö,BOX 427,351 06,VÄXJÖ,startaforetag@fortnox.se,,Har aldrig varit registrerad för F-skatt,Har aldrig varit registrerad för moms,Har aldrig varit registrerad som arbetsgivare,0 anställda,Postadress är OK,"Tar emot reklam, ej telefonnummerspärrat"
5595791533,165595791533,Grundbulten 160853 AB,,Övriga aktiebolag,Privat,2026-04-07,,,Normalläge,Har aldrig varit verksam,Okänd,00000,Växjö,Kronoberg,Växjö,BOX 427,351 06,VÄXJÖ,startaforetag@fortnox.se,,Har aldrig varit registrerad för F-skatt,Har aldrig varit registrerad för moms,Har aldrig varit registrerad som arbetsgivare,0 anställda,Postadress är OK,"Tar emot reklam, ej telefonnummerspärrat"
5595791541,165595791541,Grundbulten 160858 AB,,Övriga aktiebolag,Privat,2026-04-07,,,Normalläge,Har aldrig varit verksam,Okänd,00000,Växjö,Kronoberg,Växjö,BOX 427,351 06,VÄXJÖ,startaforetag@fortnox.se,,Har aldrig varit registrerad för F-skatt,Har aldrig varit registrerad för moms,Har aldrig varit registrerad som arbetsgivare,0 anställda,Postadress är OK,"Tar emot reklam, ej telefonnummerspärrat"
5595791558,165595791558,Grundbulten 160859 AB,,Övriga aktiebolag,Privat,2026-04-07,,,Normalläge,Har aldrig varit verksam,Okänd,00000,Växjö,Kronoberg,Växjö,BOX 427,351 06,VÄXJÖ,startaforetag@fortnox.se,,Har aldrig varit registrerad för F-skatt,Har aldrig varit registrerad för moms,Har aldrig varit registrerad som arbetsgivare,0 anställda,Postadress är OK,"Tar emot reklam, ej telefonnummerspärrat"
5595791566,165595791566,Grundbulten 160856 AB,,Övriga aktiebolag,Privat,2026-04-07,,,Normalläge,Har aldrig varit verksam,Okänd,00000,Växjö,Kronoberg,Växjö,BOX 427,351 06,VÄXJÖ,startaforetag@fortnox.se,,Har aldrig varit registrerad för F-skatt,Har aldrig varit registrerad för moms,Har aldrig varit registrerad som arbetsgivare,0 anställda,Postadress är OK,"Tar emot reklam, ej telefonnummerspärrat"
5595791574,165595791574,Grundbulten 160857 AB,,Övriga aktiebolag,Privat,2026-04-07,,,Normalläge,Har aldrig varit verksam,Okänd,00000,Växjö,Kronoberg,Växjö,BOX 427,351 06,VÄXJÖ,startaforetag@fortnox.se,,Har aldrig varit registrerad för F-skatt,Har aldrig varit registrerad för moms,Har aldrig varit registrerad som arbetsgivare,0 anställda,Postadress är OK,"Tar emot reklam, ej telefonnummerspärrat"
5595791582,165595791582,Grundbulten 160862 AB,,Övriga aktiebolag,Privat,2026-04-07,,,Normalläge,Har aldrig varit verksam,Okänd,00000,Växjö,Kronoberg,Växjö,BOX 427,351 06,VÄXJÖ,startaforetag@fortnox.se,,Har aldrig varit registrerad för F-skatt,Har aldrig varit registrerad för moms,Har aldrig varit registrerad som arbetsgivare,0 anställda,Postadress är OK,"Tar emot reklam, ej telefonnummerspärrat"
5595791590,165595791590,Grundbulten 160863 AB,,Övriga aktiebolag,Privat,2026-04-07,,,Normalläge,Har aldrig varit verksam,Okänd,00000,Växjö,Kronoberg,Växjö,BOX 427,351 06,VÄXJÖ,startaforetag@fortnox.se,,Har aldrig varit registrerad för F-skatt,Har aldrig varit registrerad för moms,Har aldrig varit registrerad som arbetsgivare,0 anställda,Postadress är OK,"Tar emot reklam, ej telefonnummerspärrat"
5595791608,165595791608,Grundbulten 160860 AB,,Övriga aktiebolag,Privat,2026-04-07,,,Normalläge,Har aldrig varit verksam,Okänd,00000,Växjö,Kronoberg,Växjö,BOX 427,351 06,VÄXJÖ,startaforetag@fortnox.se,,Har aldrig varit registrerad för F-skatt,Har aldrig varit registrerad för moms,Har aldrig varit registrerad som arbetsgivare,0 anställda,Postadress är OK,"Tar emot reklam, ej telefonnummerspärrat"
5595791616,165595791616,Grundbulten 160861 AB,,Övriga aktiebolag,Privat,2026-04-07,,,Normalläge,Har aldrig varit verksam,Okänd,00000,Växjö,Kronoberg,Växjö,BOX 427,351 06,VÄXJÖ,startaforetag@fortnox.se,,Har aldrig varit registrerad för F-skatt,Har aldrig varit registrerad för moms,Har aldrig varit registrerad som arbetsgivare,0 anställda,Postadress är OK,"Tar emot reklam, ej telefonnummerspärrat"
5595791624,165595791624,Grundbulten 160866 AB,,Övriga aktiebolag,Privat,2026-04-07,,,Normalläge,Har aldrig varit verksam,Okänd,00000,Växjö,Kronoberg,Växjö,BOX 427,351 06,VÄXJÖ,startaforetag@fortnox.se,,Har aldrig varit registrerad för F-skatt,Har aldrig varit registrerad för moms,Har aldrig varit registrerad som arbetsgivare,0 anställda,Postadress är OK,"Tar emot reklam, ej telefonnummerspärrat"
5595791632,165595791632,Grundbulten 160867 AB,,Övriga aktiebolag,Privat,2026-04-07,,,Normalläge,Har aldrig varit verksam,Okänd,00000,Växjö,Kronoberg,Växjö,BOX 427,351 06,VÄXJÖ,startaforetag@fortnox.se,,Har aldrig varit registrerad för F-skatt,Har aldrig varit registrerad för moms,Har aldrig varit registrerad som arbetsgivare,0 anställda,Postadress är OK,"Tar emot reklam, ej telefonnummerspärrat"
5595791640,165595791640,Grundbulten 160864 AB,,Övriga aktiebolag,Privat,2026-04-07,,,Normalläge,Har aldrig varit verksam,Okänd,00000,Växjö,Kronoberg,Växjö,BOX 427,351 06,VÄXJÖ,startaforetag@fortnox.se,,Har aldrig varit registrerad för F-skatt,Har aldrig varit registrerad för moms,Har aldrig varit registrerad som arbetsgivare,0 anställda,Postadress är OK,"Tar emot reklam, ej telefonnummerspärrat"
5595791657,165595791657,Grundbulten 160865 AB,,Övriga aktiebolag,Privat,2026-04-07,,,Normalläge,Har aldrig varit verksam,Okänd,00000,Växjö,Kronoberg,Växjö,BOX 427,351 06,VÄXJÖ,startaforetag@fortnox.se,,Har aldrig varit registrerad för F-skatt,Har aldrig varit registrerad för moms,Har aldrig varit registrerad som arbetsgivare,0 anställda,Postadress är OK,"Tar emot reklam, ej telefonnummerspärrat"
5595791665,165595791665,Grundbulten 160870 AB,,Övriga aktiebolag,Privat,2026-04-07,,,Normalläge,Har aldrig varit verksam,Okänd,00000,Växjö,Kronoberg,Växjö,BOX 427,351 06,VÄXJÖ,startaforetag@fortnox.se,,Har aldrig varit registrerad för F-skatt,Har aldrig varit registrerad för moms,Har aldrig varit registrerad som arbetsgivare,0 anställda,Postadress är OK,"Tar emot reklam, ej telefonnummerspärrat"
5595791673,165595791673,Grundbulten 160871 AB,,Övriga aktiebolag,Privat,2026-04-07,,,Normalläge,Har aldrig varit verksam,Okänd,00000,Växjö,Kronoberg,Växjö,BOX 427,351 06,VÄXJÖ,startaforetag@fortnox.se,,Har aldrig varit registrerad för F-skatt,Har aldrig varit registrerad för moms,Har aldrig varit registrerad som arbetsgivare,0 anställda,Postadress är OK,"Tar emot reklam, ej telefonnummerspärrat"
5595791681,165595791681,Grundbulten 160868 AB,,Övriga aktiebolag,Privat,2026-04-07,,,Normalläge,Har aldrig varit verksam,Okänd,00000,Växjö,Kronoberg,Växjö,BOX 427,351 06,VÄXJÖ,startaforetag@fortnox.se,,Har aldrig varit registrerad för F-skatt,Har aldrig varit registrerad för moms,Har aldrig varit registrerad som arbetsgivare,0 anställda,Postadress är OK,"Tar emot reklam, ej telefonnummerspärrat"
5595791699,165595791699,Grundbulten 160869 AB,,Övriga aktiebolag,Privat,2026-04-07,,,Normalläge,Har aldrig varit verksam,Okänd,00000,Växjö,Kronoberg,Växjö,BOX 427,351 06,VÄXJÖ,startaforetag@fortnox.se,,Har aldrig varit registrerad för F-skatt,Har aldrig varit registrerad för moms,Har aldrig varit registrerad som arbetsgivare,0 anställda,Postadress är OK,"Tar emot reklam, ej telefonnummerspärrat"
5595791707,165595791707,Grundbulten 160874 AB,,Övriga aktiebolag,Privat,2026-04-07,,,Normalläge,Har aldrig varit verksam,Okänd,00000,Växjö,Kronoberg,Växjö,BOX 427,351 06,VÄXJÖ,startaforetag@fortnox.se,,Har aldrig varit registrerad för F-skatt,Har aldrig varit registrerad för moms,Har aldrig varit registrerad som arbetsgivare,0 anställda,Postadress är OK,"Tar emot reklam, ej telefonnummerspärrat"
5595791715,165595791715,Grundbulten 160872 AB,,Övriga aktiebolag,Privat,2026-04-07,,,Normalläge,Har aldrig varit verksam,Okänd,00000,Växjö,Kronoberg,Växjö,BOX 427,351 06,VÄXJÖ,startaforetag@fortnox.se,,Har aldrig varit registrerad för F-skatt,Har aldrig varit registrerad för moms,Har aldrig varit registrerad som arbetsgivare,0 anställda,Postadress är OK,"Tar emot reklam, ej telefonnummerspärrat"
5595791723,165595791723,Grundbulten 160873 AB,,Övriga aktiebolag,Privat,2026-04-07,,,Normalläge,Har aldrig varit verksam,Okänd,00000,Växjö,Kronoberg,Växjö,BOX 427,351 06,VÄXJÖ,startaforetag@fortnox.se,,Har aldrig varit registrerad för F-skatt,Har aldrig varit registrerad för moms,Har aldrig varit registrerad som arbetsgivare,0 anställda,Postadress är OK,"Tar emot reklam, ej telefonnummerspärrat"
5595791731,165595791731,Grundbulten 160834 AB,,Övriga aktiebolag,Privat,2026-04-07,,,Normalläge,Har aldrig varit verksam,Okänd,00000,Växjö,Kronoberg,Växjö,BOX 427,351 06,VÄXJÖ,startaforetag@fortnox.se,,Har aldrig varit registrerad för F-skatt,Har aldrig varit registrerad för moms,Har aldrig varit registrerad som arbetsgivare,0 anställda,Postadress är OK,"Tar emot reklam, ej telefonnummerspärrat"
5595791749,165595791749,Grundbulten 160835 AB,,Övriga aktiebolag,Privat,2026-04-07,,,Normalläge,Har aldrig varit verksam,Okänd,00000,Växjö,Kronoberg,Växjö,BOX 427,351 06,VÄXJÖ,startaforetag@fortnox.se,,Har aldrig varit registrerad för F-skatt,Har aldrig varit registrerad för moms,Har aldrig varit registrerad som arbetsgivare,0 anställda,Postadress är OK,"Tar emot reklam, ej telefonnummerspärrat"
5595791756,165595791756,Grundbulten 160832 AB,,Övriga aktiebolag,Privat,2026-04-07,,,Normalläge,Har aldrig varit verksam,Okänd,00000,Växjö,Kronoberg,Växjö,BOX 427,351 06,VÄXJÖ,startaforetag@fortnox.se,,Har aldrig varit registrerad för F-skatt,Har aldrig varit registrerad för moms,Har aldrig varit registrerad som arbetsgivare,0 anställda,Postadress är OK,"Tar emot reklam, ej telefonnummerspärrat"
5595791764,165595791764,Grundbulten 160833 AB,,Övriga aktiebolag,Privat,2026-04-07,,,Normalläge,Har aldrig varit verksam,Okänd,00000,Växjö,Kronoberg,Växjö,BOX 427,351 06,VÄXJÖ,startaforetag@fortnox.se,,Har aldrig varit registrerad för F-skatt,Har aldrig varit registrerad för moms,Har aldrig varit registrerad som arbetsgivare,0 anställda,Postadress är OK,"Tar emot reklam, ej telefonnummerspärrat"
5595791772,165595791772,Grundbulten 160838 AB,,Övriga aktiebolag,Privat,2026-04-07,,,Normalläge,Har aldrig varit verksam,Okänd,00000,Växjö,Kronoberg,Växjö,BOX 427,351 06,VÄXJÖ,startaforetag@fortnox.se,,Har aldrig varit registrerad för F-skatt,Har aldrig varit registrerad för moms,Har aldrig varit registrerad som arbetsgivare,0 anställda,Postadress är OK,"Tar emot reklam, ej telefonnummerspärrat"
5595791780,165595791780,Grundbulten 160839 AB,,Övriga aktiebolag,Privat,2026-04-07,,,Normalläge,Har aldrig varit verksam,Okänd,00000,Växjö,Kronoberg,Växjö,BOX 427,351 06,VÄXJÖ,startaforetag@fortnox.se,,Har aldrig varit registrerad för F-skatt,Har aldrig varit registrerad för moms,Har aldrig varit registrerad som arbetsgivare,0 anställda,Postadress är OK,"Tar emot reklam, ej telefonnummerspärrat"
5595791798,165595791798,Grundbulten 160836 AB,,Övriga aktiebolag,Privat,2026-04-07,,,Normalläge,Har aldrig varit verksam,Okänd,00000,Växjö,Kronoberg,Växjö,BOX 427,351 06,VÄXJÖ,startaforetag@fortnox.se,,Har aldrig varit registrerad för F-skatt,Har aldrig varit registrerad för moms,Har aldrig varit registrerad som arbetsgivare,0 anställda,Postadress är OK,"Tar emot reklam, ej telefonnummerspärrat"
5595791806,165595791806,Grundbulten 160837 AB,,Övriga aktiebolag,Privat,2026-04-07,,,Normalläge,Har aldrig varit verksam,Okänd,00000,Växjö,Kronoberg,Växjö,BOX 427,351 06,VÄXJÖ,startaforetag@fortnox.se,,Har aldrig varit registrerad för F-skatt,Har aldrig varit registrerad för moms,Har aldrig varit registrerad som arbetsgivare,0 anställda,Postadress är OK,"Tar emot reklam, ej telefonnummerspärrat"
5595791814,165595791814,Grundbulten 160842 AB,,Övriga aktiebolag,Privat,2026-04-07,,,Normalläge,Har aldrig varit verksam,Okänd,00000,Växjö,Kronoberg,Växjö,BOX 427,351 06,VÄXJÖ,startaforetag@fortnox.se,,Har aldrig varit registrerad för F-skatt,Har aldrig varit registrerad för moms,Har aldrig varit registrerad som arbetsgivare,0 anställda,Postadress är OK,"Tar emot reklam, ej telefonnummerspärrat"
5595791822,165595791822,Grundbulten 160843 AB,,Övriga aktiebolag,Privat,2026-04-07,,,Normalläge,Har aldrig varit verksam,Okänd,00000,Växjö,Kronoberg,Växjö,BOX 427,351 06,VÄXJÖ,startaforetag@fortnox.se,,Har aldrig varit registrerad för F-skatt,Har aldrig varit registrerad för moms,Har aldrig varit registrerad som arbetsgivare,0 anställda,Postadress är OK,"Tar emot reklam, ej telefonnummerspärrat"
5595791830,165595791830,Grundbulten 160840 AB,,Övriga aktiebolag,Privat,2026-04-07,,,Normalläge,Har aldrig varit verksam,Okänd,00000,Växjö,Kronoberg,Växjö,BOX 427,351 06,VÄXJÖ,startaforetag@fortnox.se,,Har aldrig varit registrerad för F-skatt,Har aldrig varit registrerad för moms,Har aldrig varit registrerad som arbetsgivare,0 anställda,Postadress är OK,"Tar emot reklam, ej telefonnummerspärrat"
5595791848,165595791848,Grundbulten 160841 AB,,Övriga aktiebolag,Privat,2026-04-07,,,Normalläge,Har aldrig varit verksam,Okänd,00000,Växjö,Kronoberg,Växjö,BOX 427,351 06,VÄXJÖ,startaforetag@fortnox.se,,Har aldrig varit registrerad för F-skatt,Har aldrig varit registrerad för moms,Har aldrig varit registrerad som arbetsgivare,0 anställda,Postadress är OK,"Tar emot reklam, ej telefonnummerspärrat"
5595791855,165595791855,Grundbulten 160846 AB,,Övriga aktiebolag,Privat,2026-04-07,,,Normalläge,Har aldrig varit verksam,Okänd,00000,Växjö,Kronoberg,Växjö,BOX 427,351 06,VÄXJÖ,startaforetag@fortnox.se,,Har aldrig varit registrerad för F-skatt,Har aldrig varit registrerad för moms,Har aldrig varit registrerad som arbetsgivare,0 anställda,Postadress är OK,"Tar emot reklam, ej telefonnummerspärrat"
5595791863,165595791863,Grundbulten 160847 AB,,Övriga aktiebolag,Privat,2026-04-07,,,Normalläge,Har aldrig varit verksam,Okänd,00000,Växjö,Kronoberg,Växjö,BOX 427,351 06,VÄXJÖ,startaforetag@fortnox.se,,Har aldrig varit registrerad för F-skatt,Har aldrig varit registrerad för moms,Har aldrig varit registrerad som arbetsgivare,0 anställda,Postadress är OK,"Tar emot reklam, ej telefonnummerspärrat"
5595791871,165595791871,Grundbulten 160844 AB,,Övriga aktiebolag,Privat,2026-04-07,,,Normalläge,Har aldrig varit verksam,Okänd,00000,Växjö,Kronoberg,Växjö,BOX 427,351 06,VÄXJÖ,startaforetag@fortnox.se,,Har aldrig varit registrerad för F-skatt,Har aldrig varit registrerad för moms,Har aldrig varit registrerad som arbetsgivare,0 anställda,Postadress är OK,"Tar emot reklam, ej telefonnummerspärrat"
5595791889,165595791889,Grundbulten 160845 AB,,Övriga aktiebolag,Privat,2026-04-07,,,Normalläge,Har aldrig varit verksam,Okänd,00000,Växjö,Kronoberg,Växjö,BOX 427,351 06,VÄXJÖ,startaforetag@fortnox.se,,Har aldrig varit registrerad för F-skatt,Har aldrig varit registrerad för moms,Har aldrig varit registrerad som arbetsgivare,0 anställda,Postadress är OK,"Tar emot reklam, ej telefonnummerspärrat"
5595791897,165595791897,Grundbulten 160848 AB,,Övriga aktiebolag,Privat,2026-04-07,,,Normalläge,Har aldrig varit verksam,Okänd,00000,Växjö,Kronoberg,Växjö,BOX 427,351 06,VÄXJÖ,startaforetag@fortnox.se,,Har aldrig varit registrerad för F-skatt,Har aldrig varit registrerad för moms,Har aldrig varit registrerad som arbetsgivare,0 anställda,Postadress är OK,"Tar emot reklam, ej telefonnummerspärrat"
5595791905,165595791905,Grundbulten 160849 AB,,Övriga aktiebolag,Privat,2026-04-07,,,Normalläge,Har aldrig varit verksam,Okänd,00000,Växjö,Kronoberg,Växjö,BOX 427,351 06,VÄXJÖ,startaforetag@fortnox.se,,Har aldrig varit registrerad för F-skatt,Har aldrig varit registrerad för moms,Har aldrig varit registrerad som arbetsgivare,0 anställda,Postadress är OK,"Tar emot reklam, ej telefonnummerspärrat"
5595791913,165595791913,Grundbulten 160826 AB,,Övriga aktiebolag,Privat,2026-04-07,,,Normalläge,Har aldrig varit verksam,Okänd,00000,Växjö,Kronoberg,Växjö,BOX 427,351 06,VÄXJÖ,startaforetag@fortnox.se,,Har aldrig varit registrerad för F-skatt,Har aldrig varit registrerad för moms,Har aldrig varit registrerad som arbetsgivare,0 anställda,Postadress är OK,"Tar emot reklam, ej telefonnummerspärrat"
5595791921,165595791921,Grundbulten 160827 AB,,Övriga aktiebolag,Privat,2026-04-07,,,Normalläge,Har aldrig varit verksam,Okänd,00000,Växjö,Kronoberg,Växjö,BOX 427,351 06,VÄXJÖ,startaforetag@fortnox.se,,Har aldrig varit registrerad för F-skatt,Har aldrig varit registrerad för moms,Har aldrig varit registrerad som arbetsgivare,0 anställda,Postadress är OK,"Tar emot reklam, ej telefonnummerspärrat"
5595791939,165595791939,Grundbulten 160825 AB,,Övriga aktiebolag,Privat,2026-04-07,,,Normalläge,Har aldrig varit verksam,Okänd,00000,Växjö,Kronoberg,Växjö,BOX 427,351 06,VÄXJÖ,startaforetag@fortnox.se,,Har aldrig varit registrerad för F-skatt,Har aldrig varit registrerad för moms,Har aldrig varit registrerad som arbetsgivare,0 anställda,Postadress är OK,"Tar emot reklam, ej telefonnummerspärrat"
5595791947,165595791947,Grundbulten 160830 AB,,Övriga aktiebolag,Privat,2026-04-07,,,Normalläge,Har aldrig varit verksam,Okänd,00000,Växjö,Kronoberg,Växjö,BOX 427,351 06,VÄXJÖ,startaforetag@fortnox.se,,Har aldrig varit registrerad för F-skatt,Har aldrig varit registrerad för moms,Har aldrig varit registrerad som arbetsgivare,0 anställda,Postadress är OK,"Tar emot reklam, ej telefonnummerspärrat"
5595791954,165595791954,Grundbulten 160831 AB,,Övriga aktiebolag,Privat,2026-04-07,,,Normalläge,Har aldrig varit verksam,Okänd,00000,Växjö,Kronoberg,Växjö,BOX 427,351 06,VÄXJÖ,startaforetag@fortnox.se,,Har aldrig varit registrerad för F-skatt,Har aldrig varit registrerad för moms,Har aldrig varit registrerad som arbetsgivare,0 anställda,Postadress är OK,"Tar emot reklam, ej telefonnummerspärrat"
5595791962,165595791962,Grundbulten 160828 AB,,Övriga aktiebolag,Privat,2026-04-07,,,Normalläge,Har aldrig varit verksam,Okänd,00000,Växjö,Kronoberg,Växjö,BOX 427,351 06,VÄXJÖ,startaforetag@fortnox.se,,Har aldrig varit registrerad för F-skatt,Har aldrig varit registrerad för moms,Har aldrig varit registrerad som arbetsgivare,0 anställda,Postadress är OK,"Tar emot reklam, ej telefonnummerspärrat"
5595791970,165595791970,Grundbulten 160829 AB,,Övriga aktiebolag,Privat,2026-04-07,,,Normalläge,Har aldrig varit verksam,Okänd,00000,Växjö,Kronoberg,Växjö,BOX 427,351 06,VÄXJÖ,startaforetag@fortnox.se,,Har aldrig varit registrerad för F-skatt,Har aldrig varit registrerad för moms,Har aldrig varit registrerad som arbetsgivare,0 anställda,Postadress är OK,"Tar emot reklam, ej telefonnummerspärrat"
5595791988,165595791988,Grundbulten 160802 AB,,Övriga aktiebolag,Privat,2026-04-07,,,Normalläge,Har aldrig varit verksam,Okänd,00000,Växjö,Kronoberg,Växjö,BOX 427,351 06,VÄXJÖ,startaforetag@fortnox.se,,Har aldrig varit registrerad för F-skatt,Har aldrig varit registrerad för moms,Har aldrig varit registrerad som arbetsgivare,0 anställda,Postadress är OK,"Tar emot reklam, ej telefonnummerspärrat"
5595791996,165595791996,Grundbulten 160803 AB,,Övriga aktiebolag,Privat,2026-04-07,,,Normalläge,Har aldrig varit verksam,Okänd,00000,Växjö,Kronoberg,Växjö,BOX 427,351 06,VÄXJÖ,startaforetag@fortnox.se,,Har aldrig varit registrerad för F-skatt,Har aldrig varit registrerad för moms,Har aldrig varit registrerad som arbetsgivare,0 anställda,Postadress är OK,"Tar emot reklam, ej telefonnummerspärrat"
5595792002,165595792002,Grundbulten 160800 AB,,Övriga aktiebolag,Privat,2026-04-07,,,Normalläge,Har aldrig varit verksam,Okänd,00000,Växjö,Kronoberg,Växjö,BOX 427,351 06,VÄXJÖ,startaforetag@fortnox.se,,Har aldrig varit registrerad för F-skatt,Har aldrig varit registrerad för moms,Har aldrig varit registrerad som arbetsgivare,0 anställda,Postadress är OK,"Tar emot reklam, ej telefonnummerspärrat"
5595792010,165595792010,Grundbulten 160801 AB,,Övriga aktiebolag,Privat,2026-04-07,,,Normalläge,Har aldrig varit verksam,Okänd,00000,Växjö,Kronoberg,Växjö,BOX 427,351 06,VÄXJÖ,startaforetag@fortnox.se,,Har aldrig varit registrerad för F-skatt,Har aldrig varit registrerad för moms,Har aldrig varit registrerad som arbetsgivare,0 anställda,Postadress är OK,"Tar emot reklam, ej telefonnummerspärrat"
5595792028,165595792028,Grundbulten 160806 AB,,Övriga aktiebolag,Privat,2026-04-07,,,Normalläge,Har aldrig varit verksam,Okänd,00000,Växjö,Kronoberg,Växjö,BOX 427,351 06,VÄXJÖ,startaforetag@fortnox.se,,Har aldrig varit registrerad för F-skatt,Har aldrig varit registrerad för moms,Har aldrig varit registrerad som arbetsgivare,0 anställda,Postadress är OK,"Tar emot reklam, ej telefonnummerspärrat"
5595792036,165595792036,Grundbulten 160807 AB,,Övriga aktiebolag,Privat,2026-04-07,,,Normalläge,Har aldrig varit verksam,Okänd,00000,Växjö,Kronoberg,Växjö,BOX 427,351 06,VÄXJÖ,startaforetag@fortnox.se,,Har aldrig varit registrerad för F-skatt,Har aldrig varit registrerad för moms,Har aldrig varit registrerad som arbetsgivare,0 anställda,Postadress är OK,"Tar emot reklam, ej telefonnummerspärrat"
5595792044,165595792044,Grundbulten 160804 AB,,Övriga aktiebolag,Privat,2026-04-07,,,Normalläge,Har aldrig varit verksam,Okänd,00000,Växjö,Kronoberg,Växjö,BOX 427,351 06,VÄXJÖ,startaforetag@fortnox.se,,Har aldrig varit registrerad för F-skatt,Har aldrig varit registrerad för moms,Har aldrig varit registrerad som arbetsgivare,0 anställda,Postadress är OK,"Tar emot reklam, ej telefonnummerspärrat"
5595792051,165595792051,Grundbulten 160805 AB,,Övriga aktiebolag,Privat,2026-04-07,,,Normalläge,Har aldrig varit verksam,Okänd,00000,Växjö,Kronoberg,Växjö,BOX 427,351 06,VÄXJÖ,startaforetag@fortnox.se,,Har aldrig varit registrerad för F-skatt,Har aldrig varit registrerad för moms,Har aldrig varit registrerad som arbetsgivare,0 anställda,Postadress är OK,"Tar emot reklam, ej telefonnummerspärrat"
5595792069,165595792069,Grundbulten 160810 AB,,Övriga aktiebolag,Privat,2026-04-07,,,Normalläge,Har aldrig varit verksam,Okänd,00000,Växjö,Kronoberg,Växjö,BOX 427,351 06,VÄXJÖ,startaforetag@fortnox.se,,Har aldrig varit registrerad för F-skatt,Har aldrig varit registrerad för moms,Har aldrig varit registrerad som arbetsgivare,0 anställda,Postadress är OK,"Tar emot reklam, ej telefonnummerspärrat"
5595792077,165595792077,Grundbulten 160811 AB,,Övriga aktiebolag,Privat,2026-04-07,,,Normalläge,Har aldrig varit verksam,Okänd,00000,Växjö,Kronoberg,Växjö,BOX 427,351 06,VÄXJÖ,startaforetag@fortnox.se,,Har aldrig varit registrerad för F-skatt,Har aldrig varit registrerad för moms,Har aldrig varit registrerad som arbetsgivare,0 anställda,Postadress är OK,"Tar emot reklam, ej telefonnummerspärrat"
5595792085,165595792085,Grundbulten 160808 AB,,Övriga aktiebolag,Privat,2026-04-07,,,Normalläge,Har aldrig varit verksam,Okänd,00000,Växjö,Kronoberg,Växjö,BOX 427,351 06,VÄXJÖ,startaforetag@fortnox.se,,Har aldrig varit registrerad för F-skatt,Har aldrig varit registrerad för moms,Har aldrig varit registrerad som arbetsgivare,0 anställda,Postadress är OK,"Tar emot reklam, ej telefonnummerspärrat"
5595792093,165595792093,Grundbulten 160809 AB,,Övriga aktiebolag,Privat,2026-04-07,,,Normalläge,Har aldrig varit verksam,Okänd,00000,Växjö,Kronoberg,Växjö,BOX 427,351 06,VÄXJÖ,startaforetag@fortnox.se,,Har aldrig varit registrerad för F-skatt,Har aldrig varit registrerad för moms,Har aldrig varit registrerad som arbetsgivare,0 anställda,Postadress är OK,"Tar emot reklam, ej telefonnummerspärrat"
5595792101,165595792101,Grundbulten 160814 AB,,Övriga aktiebolag,Privat,2026-04-07,,,Normalläge,Har aldrig varit verksam,Okänd,00000,Växjö,Kronoberg,Växjö,BOX 427,351 06,VÄXJÖ,startaforetag@fortnox.se,,Har aldrig varit registrerad för F-skatt,Har aldrig varit registrerad för moms,Har aldrig varit registrerad som arbetsgivare,0 anställda,Postadress är OK,"Tar emot reklam, ej telefonnummerspärrat"
5595792119,165595792119,Grundbulten 160815 AB,,Övriga aktiebolag,Privat,2026-04-07,,,Normalläge,Har aldrig varit verksam,Okänd,00000,Växjö,Kronoberg,Växjö,BOX 427,351 06,VÄXJÖ,startaforetag@fortnox.se,,Har aldrig varit registrerad för F-skatt,Har aldrig varit registrerad för moms,Har aldrig varit registrerad som arbetsgivare,0 anställda,Postadress är OK,"Tar emot reklam, ej telefonnummerspärrat"
5595792127,165595792127,Grundbulten 160812 AB,,Övriga aktiebolag,Privat,2026-04-07,,,Normalläge,Har aldrig varit verksam,Okänd,00000,Växjö,Kronoberg,Växjö,BOX 427,351 06,VÄXJÖ,startaforetag@fortnox.se,,Har aldrig varit registrerad för F-skatt,Har aldrig varit registrerad för moms,Har aldrig varit registrerad som arbetsgivare,0 anställda,Postadress är OK,"Tar emot reklam, ej telefonnummerspärrat"
5595792135,165595792135,Grundbulten 160813 AB,,Övriga aktiebolag,Privat,2026-04-07,,,Normalläge,Har aldrig varit verksam,Okänd,00000,Växjö,Kronoberg,Växjö,BOX 427,351 06,VÄXJÖ,startaforetag@fortnox.se,,Har aldrig varit registrerad för F-skatt,Har aldrig varit registrerad för moms,Har aldrig varit registrerad som arbetsgivare,0 anställda,Postadress är OK,"Tar emot reklam, ej telefonnummerspärrat"
5595792143,165595792143,Grundbulten 160818 AB,,Övriga aktiebolag,Privat,2026-04-07,,,Normalläge,Har aldrig varit verksam,Okänd,00000,Växjö,Kronoberg,Växjö,BOX 427,351 06,VÄXJÖ,startaforetag@fortnox.se,,Har aldrig varit registrerad för F-skatt,Har aldrig varit registrerad för moms,Har aldrig varit registrerad som arbetsgivare,0 anställda,Postadress är OK,"Tar emot reklam, ej telefonnummerspärrat"
5595792150,165595792150,Grundbulten 160819 AB,,Övriga aktiebolag,Privat,2026-04-07,,,Normalläge,Har aldrig varit verksam,Okänd,00000,Växjö,Kronoberg,Växjö,BOX 427,351 06,VÄXJÖ,startaforetag@fortnox.se,,Har aldrig varit registrerad för F-skatt,Har aldrig varit registrerad för moms,Har aldrig varit registrerad som arbetsgivare,0 anställda,Postadress är OK,"Tar emot reklam, ej telefonnummerspärrat"
5595792168,165595792168,Grundbulten 160816 AB,,Övriga aktiebolag,Privat,2026-04-07,,,Normalläge,Har aldrig varit verksam,Okänd,00000,Växjö,Kronoberg,Växjö,BOX 427,351 06,VÄXJÖ,startaforetag@fortnox.se,,Har aldrig varit registrerad för F-skatt,Har aldrig varit registrerad för moms,Har aldrig varit registrerad som arbetsgivare,0 anställda,Postadress är OK,"Tar emot reklam, ej telefonnummerspärrat"
5595792176,165595792176,Grundbulten 160817 AB,,Övriga aktiebolag,Privat,2026-04-07,,,Normalläge,Har aldrig varit verksam,Okänd,00000,Växjö,Kronoberg,Växjö,BOX 427,351 06,VÄXJÖ,startaforetag@fortnox.se,,Har aldrig varit registrerad för F-skatt,Har aldrig varit registrerad för moms,Har aldrig varit registrerad som arbetsgivare,0 anställda,Postadress är OK,"Tar emot reklam, ej telefonnummerspärrat"
5595792184,165595792184,Grundbulten 160822 AB,,Övriga aktiebolag,Privat,2026-04-07,,,Normalläge,Har aldrig varit verksam,Okänd,00000,Växjö,Kronoberg,Växjö,BOX 427,351 06,VÄXJÖ,startaforetag@fortnox.se,,Har aldrig varit registrerad för F-skatt,Har aldrig varit registrerad för moms,Har aldrig varit registrerad som arbetsgivare,0 anställda,Postadress är OK,"Tar emot reklam, ej telefonnummerspärrat"
5595792192,165595792192,Grundbulten 160823 AB,,Övriga aktiebolag,Privat,2026-04-07,,,Normalläge,Har aldrig varit verksam,Okänd,00000,Växjö,Kronoberg,Växjö,BOX 427,351 06,VÄXJÖ,startaforetag@fortnox.se,,Har aldrig varit registrerad för F-skatt,Har aldrig varit registrerad för moms,Har aldrig varit registrerad som arbetsgivare,0 anställda,Postadress är OK,"Tar emot reklam, ej telefonnummerspärrat"
5595792200,165595792200,Grundbulten 160820 AB,,Övriga aktiebolag,Privat,2026-04-07,,,Normalläge,Har aldrig varit verksam,Okänd,00000,Växjö,Kronoberg,Växjö,BOX 427,351 06,VÄXJÖ,startaforetag@fortnox.se,,Har aldrig varit registrerad för F-skatt,Har aldrig varit registrerad för moms,Har aldrig varit registrerad som arbetsgivare,0 anställda,Postadress är OK,"Tar emot reklam, ej telefonnummerspärrat"
5595792218,165595792218,Grundbulten 160821 AB,,Övriga aktiebolag,Privat,2026-04-07,,,Normalläge,Har aldrig varit verksam,Okänd,00000,Växjö,Kronoberg,Växjö,BOX 427,351 06,VÄXJÖ,startaforetag@fortnox.se,,Har aldrig varit registrerad för F-skatt,Har aldrig varit registrerad för moms,Har aldrig varit registrerad som arbetsgivare,0 anställda,Postadress är OK,"Tar emot reklam, ej telefonnummerspärrat"
5595792226,165595792226,Grundbulten 160824 AB,,Övriga aktiebolag,Privat,2026-04-07,,,Normalläge,Har aldrig varit verksam,Okänd,00000,Växjö,Kronoberg,Växjö,BOX 427,351 06,VÄXJÖ,startaforetag@fortnox.se,,Har aldrig varit registrerad för F-skatt,Har aldrig varit registrerad för moms,Har aldrig varit registrerad som arbetsgivare,0 anställda,Postadress är OK,"Tar emot reklam, ej telefonnummerspärrat"
5595792234,165595792234,Grundbulten 160775 AB,,Övriga aktiebolag,Privat,2026-04-07,,,Normalläge,Har aldrig varit verksam,Okänd,00000,Växjö,Kronoberg,Växjö,BOX 427,351 06,VÄXJÖ,startaforetag@fortnox.se,,Har aldrig varit registrerad för F-skatt,Har aldrig varit registrerad för moms,Har aldrig varit registrerad som arbetsgivare,0 anställda,Postadress är OK,"Tar emot reklam, ej telefonnummerspärrat"
5595792242,165595792242,Grundbulten 160778 AB,,Övriga aktiebolag,Privat,2026-04-07,,,Normalläge,Har aldrig varit verksam,Okänd,00000,Växjö,Kronoberg,Växjö,BOX 427,351 06,VÄXJÖ,startaforetag@fortnox.se,,Har aldrig varit registrerad för F-skatt,Har aldrig varit registrerad för moms,Har aldrig varit registrerad som arbetsgivare,0 anställda,Postadress är OK,"Tar emot reklam, ej telefonnummerspärrat"
5595792259,165595792259,Grundbulten 160779 AB,,Övriga aktiebolag,Privat,2026-04-07,,,Normalläge,Har aldrig varit verksam,Okänd,00000,Växjö,Kronoberg,Växjö,BOX 427,351 06,VÄXJÖ,startaforetag@fortnox.se,,Har aldrig varit registrerad för F-skatt,Har aldrig varit registrerad för moms,Har aldrig varit registrerad som arbetsgivare,0 anställda,Postadress är OK,"Tar emot reklam, ej telefonnummerspärrat"
5595792267,165595792267,Grundbulten 160776 AB,,Övriga aktiebolag,Privat,2026-04-07,,,Normalläge,Har aldrig varit verksam,Okänd,00000,Växjö,Kronoberg,Växjö,BOX 427,351 06,VÄXJÖ,startaforetag@fortnox.se,,Har aldrig varit registrerad för F-skatt,Har aldrig varit registrerad för moms,Har aldrig varit registrerad som arbetsgivare,0 anställda,Postadress är OK,"Tar emot reklam, ej telefonnummerspärrat"
5595792275,165595792275,Grundbulten 160777 AB,,Övriga aktiebolag,Privat,2026-04-07,,,Normalläge,Har aldrig varit verksam,Okänd,00000,Växjö,Kronoberg,Växjö,BOX 427,351 06,VÄXJÖ,startaforetag@fortnox.se,,Har aldrig varit registrerad för F-skatt,Har aldrig varit registrerad för moms,Har aldrig varit registrerad som arbetsgivare,0 anställda,Postadress är OK,"Tar emot reklam, ej telefonnummerspärrat"
5595792283,165595792283,Grundbulten 160782 AB,,Övriga aktiebolag,Privat,2026-04-07,,,Normalläge,Har aldrig varit verksam,Okänd,00000,Växjö,Kronoberg,Växjö,BOX 427,351 06,VÄXJÖ,startaforetag@fortnox.se,,Har aldrig varit registrerad för F-skatt,Har aldrig varit registrerad för moms,Har aldrig varit registrerad som arbetsgivare,0 anställda,Postadress är OK,"Tar emot reklam, ej telefonnummerspärrat"
5595792291,165595792291,Grundbulten 160783 AB,,Övriga aktiebolag,Privat,2026-04-07,,,Normalläge,Har aldrig varit verksam,Okänd,00000,Växjö,Kronoberg,Växjö,BOX 427,351 06,VÄXJÖ,startaforetag@fortnox.se,,Har aldrig varit registrerad för F-skatt,Har aldrig varit registrerad för moms,Har aldrig varit registrerad som arbetsgivare,0 anställda,Postadress är OK,"Tar emot reklam, ej telefonnummerspärrat"
5595792309,165595792309,Grundbulten 160780 AB,,Övriga aktiebolag,Privat,2026-04-07,,,Normalläge,Har aldrig varit verksam,Okänd,00000,Växjö,Kronoberg,Växjö,BOX 427,351 06,VÄXJÖ,startaforetag@fortnox.se,,Har aldrig varit registrerad för F-skatt,Har aldrig varit registrerad för moms,Har aldrig varit registrerad som arbetsgivare,0 anställda,Postadress är OK,"Tar emot reklam, ej telefonnummerspärrat"
5595792317,165595792317,Grundbulten 160781 AB,,Övriga aktiebolag,Privat,2026-04-07,,,Normalläge,Har aldrig varit verksam,Okänd,00000,Växjö,Kronoberg,Växjö,BOX 427,351 06,VÄXJÖ,startaforetag@fortnox.se,,Har aldrig varit registrerad för F-skatt,Har aldrig varit registrerad för moms,Har aldrig varit registrerad som arbetsgivare,0 anställda,Postadress är OK,"Tar emot reklam, ej telefonnummerspärrat"
5595792325,165595792325,Grundbulten 160786 AB,,Övriga aktiebolag,Privat,2026-04-07,,,Normalläge,Har aldrig varit verksam,Okänd,00000,Växjö,Kronoberg,Växjö,BOX 427,351 06,VÄXJÖ,startaforetag@fortnox.se,,Har aldrig varit registrerad för F-skatt,Har aldrig varit registrerad för moms,Har aldrig varit registrerad som arbetsgivare,0 anställda,Postadress är OK,"Tar emot reklam, ej telefonnummerspärrat"
5595792333,165595792333,Grundbulten 160787 AB,,Övriga aktiebolag,Privat,2026-04-07,,,Normalläge,Har aldrig varit verksam,Okänd,00000,Växjö,Kronoberg,Växjö,BOX 427,351 06,VÄXJÖ,startaforetag@fortnox.se,,Har aldrig varit registrerad för F-skatt,Har aldrig varit registrerad för moms,Har aldrig varit registrerad som arbetsgivare,0 anställda,Postadress är OK,"Tar emot reklam, ej telefonnummerspärrat"
5595792341,165595792341,Grundbulten 160784 AB,,Övriga aktiebolag,Privat,2026-04-07,,,Normalläge,Har aldrig varit verksam,Okänd,00000,Växjö,Kronoberg,Växjö,BOX 427,351 06,VÄXJÖ,startaforetag@fortnox.se,,Har aldrig varit registrerad för F-skatt,Har aldrig varit registrerad för moms,Har aldrig varit registrerad som arbetsgivare,0 anställda,Postadress är OK,"Tar emot reklam, ej telefonnummerspärrat"
5595792358,165595792358,Grundbulten 160785 AB,,Övriga aktiebolag,Privat,2026-04-07,,,Normalläge,Har aldrig varit verksam,Okänd,00000,Växjö,Kronoberg,Växjö,BOX 427,351 06,VÄXJÖ,startaforetag@fortnox.se,,Har aldrig varit registrerad för F-skatt,Har aldrig varit registrerad för moms,Har aldrig varit registrerad som arbetsgivare,0 anställda,Postadress är OK,"Tar emot reklam, ej telefonnummerspärrat"
5595792366,165595792366,Grundbulten 160790 AB,,Övriga aktiebolag,Privat,2026-04-07,,,Normalläge,Har aldrig varit verksam,Okänd,00000,Växjö,Kronoberg,Växjö,BOX 427,351 06,VÄXJÖ,startaforetag@fortnox.se,,Har aldrig varit registrerad för F-skatt,Har aldrig varit registrerad för moms,Har aldrig varit registrerad som arbetsgivare,0 anställda,Postadress är OK,"Tar emot reklam, ej telefonnummerspärrat"
5595792374,165595792374,Grundbulten 160791 AB,,Övriga aktiebolag,Privat,2026-04-07,,,Normalläge,Har aldrig varit verksam,Okänd,00000,Växjö,Kronoberg,Växjö,BOX 427,351 06,VÄXJÖ,startaforetag@fortnox.se,,Har aldrig varit registrerad för F-skatt,Har aldrig varit registrerad för moms,Har aldrig varit registrerad som arbetsgivare,0 anställda,Postadress är OK,"Tar emot reklam, ej telefonnummerspärrat"
5595792382,165595792382,Grundbulten 160788 AB,,Övriga aktiebolag,Privat,2026-04-07,,,Normalläge,Har aldrig varit verksam,Okänd,00000,Växjö,Kronoberg,Växjö,BOX 427,351 06,VÄXJÖ,startaforetag@fortnox.se,,Har aldrig varit registrerad för F-skatt,Har aldrig varit registrerad för moms,Har aldrig varit registrerad som arbetsgivare,0 anställda,Postadress är OK,"Tar emot reklam, ej telefonnummerspärrat"
5595792390,165595792390,Grundbulten 160789 AB,,Övriga aktiebolag,Privat,2026-04-07,,,Normalläge,Har aldrig varit verksam,Okänd,00000,Växjö,Kronoberg,Växjö,BOX 427,351 06,VÄXJÖ,startaforetag@fortnox.se,,Har aldrig varit registrerad för F-skatt,Har aldrig varit registrerad för moms,Har aldrig varit registrerad som arbetsgivare,0 anställda,Postadress är OK,"Tar emot reklam, ej telefonnummerspärrat"
5595792408,165595792408,Grundbulten 160794 AB,,Övriga aktiebolag,Privat,2026-04-07,,,Normalläge,Har aldrig varit verksam,Okänd,00000,Växjö,Kronoberg,Växjö,BOX 427,351 06,VÄXJÖ,startaforetag@fortnox.se,,Har aldrig varit registrerad för F-skatt,Har aldrig varit registrerad för moms,Har aldrig varit registrerad som arbetsgivare,0 anställda,Postadress är OK,"Tar emot reklam, ej telefonnummerspärrat"
5595792416,165595792416,Grundbulten 160795 AB,,Övriga aktiebolag,Privat,2026-04-07,,,Normalläge,Har aldrig varit verksam,Okänd,00000,Växjö,Kronoberg,Växjö,BOX 427,351 06,VÄXJÖ,startaforetag@fortnox.se,,Har aldrig varit registrerad för F-skatt,Har aldrig varit registrerad för moms,Har aldrig varit registrerad som arbetsgivare,0 anställda,Postadress är OK,"Tar emot reklam, ej telefonnummerspärrat"
5595792424,165595792424,Grundbulten 160792 AB,,Övriga aktiebolag,Privat,2026-04-07,,,Normalläge,Har aldrig varit verksam,Okänd,00000,Växjö,Kronoberg,Växjö,BOX 427,351 06,VÄXJÖ,startaforetag@fortnox.se,,Har aldrig varit registrerad för F-skatt,Har aldrig varit registrerad för moms,Har aldrig varit registrerad som arbetsgivare,0 anställda,Postadress är OK,"Tar emot reklam, ej telefonnummerspärrat"
5595792432,165595792432,Grundbulten 160793 AB,,Övriga aktiebolag,Privat,2026-04-07,,,Normalläge,Har aldrig varit verksam,Okänd,00000,Växjö,Kronoberg,Växjö,BOX 427,351 06,VÄXJÖ,startaforetag@fortnox.se,,Har aldrig varit registrerad för F-skatt,Har aldrig varit registrerad för moms,Har aldrig varit registrerad som arbetsgivare,0 anställda,Postadress är OK,"Tar emot reklam, ej telefonnummerspärrat"
5595792440,165595792440,Grundbulten 160798 AB,,Övriga aktiebolag,Privat,2026-04-07,,,Normalläge,Har aldrig varit verksam,Okänd,00000,Växjö,Kronoberg,Växjö,BOX 427,351 06,VÄXJÖ,startaforetag@fortnox.se,,Har aldrig varit registrerad för F-skatt,Har aldrig varit registrerad för moms,Har aldrig varit registrerad som arbetsgivare,0 anställda,Postadress är OK,"Tar emot reklam, ej telefonnummerspärrat"
5595792457,165595792457,Grundbulten 160799 AB,,Övriga aktiebolag,Privat,2026-04-07,,,Normalläge,Har aldrig varit verksam,Okänd,00000,Växjö,Kronoberg,Växjö,BOX 427,351 06,VÄXJÖ,startaforetag@fortnox.se,,Har aldrig varit registrerad för F-skatt,Har aldrig varit registrerad för moms,Har aldrig varit registrerad som arbetsgivare,0 anställda,Postadress är OK,"Tar emot reklam, ej telefonnummerspärrat"
5595792465,165595792465,Grundbulten 160796 AB,,Övriga aktiebolag,Privat,2026-04-07,,,Normalläge,Har aldrig varit verksam,Okänd,00000,Växjö,Kronoberg,Växjö,BOX 427,351 06,VÄXJÖ,startaforetag@fortnox.se,,Har aldrig varit registrerad för F-skatt,Har aldrig varit registrerad för moms,Har aldrig varit registrerad som arbetsgivare,0 anställda,Postadress är OK,"Tar emot reklam, ej telefonnummerspärrat"
5595792473,165595792473,Grundbulten 160797 AB,,Övriga aktiebolag,Privat,2026-04-07,,,Normalläge,Har aldrig varit verksam,Okänd,00000,Växjö,Kronoberg,Växjö,BOX 427,351 06,VÄXJÖ,startaforetag@fortnox.se,,Har aldrig varit registrerad för F-skatt,Har aldrig varit registrerad för moms,Har aldrig varit registrerad som arbetsgivare,0 anställda,Postadress är OK,"Tar emot reklam, ej telefonnummerspärrat"
5595792481,165595792481,Grundbulten 160770 AB,,Övriga aktiebolag,Privat,2026-04-07,,,Normalläge,Har aldrig varit verksam,Okänd,00000,Växjö,Kronoberg,Växjö,BOX 427,351 06,VÄXJÖ,startaforetag@fortnox.se,,Har aldrig varit registrerad för F-skatt,Har aldrig varit registrerad för moms,Har aldrig varit registrerad som arbetsgivare,0 anställda,Postadress är OK,"Tar emot reklam, ej telefonnummerspärrat"
5595792499,165595792499,Grundbulten 160771 AB,,Övriga aktiebolag,Privat,2026-04-07,,,Normalläge,Har aldrig varit verksam,Okänd,00000,Växjö,Kronoberg,Växjö,BOX 427,351 06,VÄXJÖ,startaforetag@fortnox.se,,Har aldrig varit registrerad för F-skatt,Har aldrig varit registrerad för moms,Har aldrig varit registrerad som arbetsgivare,0 anställda,Postadress är OK,"Tar emot reklam, ej telefonnummerspärrat"
5595792507,165595792507,Grundbulten 160768 AB,,Övriga aktiebolag,Privat,2026-04-07,,,Normalläge,Har aldrig varit verksam,Okänd,00000,Växjö,Kronoberg,Växjö,BOX 427,351 06,VÄXJÖ,startaforetag@fortnox.se,,Har aldrig varit registrerad för F-skatt,Har aldrig varit registrerad för moms,Har aldrig varit registrerad som arbetsgivare,0 anställda,Postadress är OK,"Tar emot reklam, ej telefonnummerspärrat"
5595792515,165595792515,Grundbulten 160769 AB,,Övriga aktiebolag,Privat,2026-04-07,,,Normalläge,Har aldrig varit verksam,Okänd,00000,Växjö,Kronoberg,Växjö,BOX 427,351 06,VÄXJÖ,startaforetag@fortnox.se,,Har aldrig varit registrerad för F-skatt,Har aldrig varit registrerad för moms,Har aldrig varit registrerad som arbetsgivare,0 anställda,Postadress är OK,"Tar emot reklam, ej telefonnummerspärrat"
5595792523,165595792523,Grundbulten 160774 AB,,Övriga aktiebolag,Privat,2026-04-07,,,Normalläge,Har aldrig varit verksam,Okänd,00000,Växjö,Kronoberg,Växjö,BOX 427,351 06,VÄXJÖ,startaforetag@fortnox.se,,Har aldrig varit registrerad för F-skatt,Har aldrig varit registrerad för moms,Har aldrig varit registrerad som arbetsgivare,0 anställda,Postadress är OK,"Tar emot reklam, ej telefonnummerspärrat"
5595792531,165595792531,Grundbulten 160772 AB,,Övriga aktiebolag,Privat,2026-04-07,,,Normalläge,Har aldrig varit verksam,Okänd,00000,Växjö,Kronoberg,Växjö,BOX 427,351 06,VÄXJÖ,startaforetag@fortnox.se,,Har aldrig varit registrerad för F-skatt,Har aldrig varit registrerad för moms,Har aldrig varit registrerad som arbetsgivare,0 anställda,Postadress är OK,"Tar emot reklam, ej telefonnummerspärrat"
5595792549,165595792549,Grundbulten 160773 AB,,Övriga aktiebolag,Privat,2026-04-07,,,Normalläge,Har aldrig varit verksam,Okänd,00000,Växjö,Kronoberg,Växjö,BOX 427,351 06,VÄXJÖ,startaforetag@fortnox.se,,Har aldrig varit registrerad för F-skatt,Har aldrig varit registrerad för moms,Har aldrig varit registrerad som arbetsgivare,0 anställda,Postadress är OK,"Tar emot reklam, ej telefonnummerspärrat"
5595792556,165595792556,Grundbulten 160750 AB,,Övriga aktiebolag,Privat,2026-04-07,,,Normalläge,Har aldrig varit verksam,Okänd,00000,Växjö,Kronoberg,Växjö,BOX 427,351 06,VÄXJÖ,startaforetag@fortnox.se,,Har aldrig varit registrerad för F-skatt,Har aldrig varit registrerad för moms,Har aldrig varit registrerad som arbetsgivare,0 anställda,Postadress är OK,"Tar emot reklam, ej telefonnummerspärrat"
5595792564,165595792564,Grundbulten 160751 AB,,Övriga aktiebolag,Privat,2026-04-07,,,Normalläge,Har aldrig varit verksam,Okänd,00000,Växjö,Kronoberg,Växjö,BOX 427,351 06,VÄXJÖ,startaforetag@fortnox.se,,Har aldrig varit registrerad för F-skatt,Har aldrig varit registrerad för moms,Har aldrig varit registrerad som arbetsgivare,0 anställda,Postadress är OK,"Tar emot reklam, ej telefonnummerspärrat"
5595792572,165595792572,Grundbulten 160754 AB,,Övriga aktiebolag,Privat,2026-04-07,,,Normalläge,Har aldrig varit verksam,Okänd,00000,Växjö,Kronoberg,Växjö,BOX 427,351 06,VÄXJÖ,startaforetag@fortnox.se,,Har aldrig varit registrerad för F-skatt,Har aldrig varit registrerad för moms,Har aldrig varit registrerad som arbetsgivare,0 anställda,Postadress är OK,"Tar emot reklam, ej telefonnummerspärrat"
5595792580,165595792580,Grundbulten 160755 AB,,Övriga aktiebolag,Privat,2026-04-07,,,Normalläge,Har aldrig varit verksam,Okänd,00000,Växjö,Kronoberg,Växjö,BOX 427,351 06,VÄXJÖ,startaforetag@fortnox.se,,Har aldrig varit registrerad för F-skatt,Har aldrig varit registrerad för moms,Har aldrig varit registrerad som arbetsgivare,0 anställda,Postadress är OK,"Tar emot reklam, ej telefonnummerspärrat"
5595792598,165595792598,Grundbulten 160752 AB,,Övriga aktiebolag,Privat,2026-04-07,,,Normalläge,Har aldrig varit verksam,Okänd,00000,Växjö,Kronoberg,Växjö,BOX 427,351 06,VÄXJÖ,startaforetag@fortnox.se,,Har aldrig varit registrerad för F-skatt,Har aldrig varit registrerad för moms,Har aldrig varit registrerad som arbetsgivare,0 anställda,Postadress är OK,"Tar emot reklam, ej telefonnummerspärrat"
5595792606,165595792606,Grundbulten 160753 AB,,Övriga aktiebolag,Privat,2026-04-07,,,Normalläge,Har aldrig varit verksam,Okänd,00000,Växjö,Kronoberg,Växjö,BOX 427,351 06,VÄXJÖ,startaforetag@fortnox.se,,Har aldrig varit registrerad för F-skatt,Har aldrig varit registrerad för moms,Har aldrig varit registrerad som arbetsgivare,0 anställda,Postadress är OK,"Tar emot reklam, ej telefonnummerspärrat"
5595792614,165595792614,Grundbulten 160758 AB,,Övriga aktiebolag,Privat,2026-04-07,,,Normalläge,Har aldrig varit verksam,Okänd,00000,Växjö,Kronoberg,Växjö,BOX 427,351 06,VÄXJÖ,startaforetag@fortnox.se,,Har aldrig varit registrerad för F-skatt,Har aldrig varit registrerad för moms,Har aldrig varit registrerad som arbetsgivare,0 anställda,Postadress är OK,"Tar emot reklam, ej telefonnummerspärrat"
5595792622,165595792622,Grundbulten 160759 AB,,Övriga aktiebolag,Privat,2026-04-07,,,Normalläge,Har aldrig varit verksam,Okänd,00000,Växjö,Kronoberg,Växjö,BOX 427,351 06,VÄXJÖ,startaforetag@fortnox.se,,Har aldrig varit registrerad för F-skatt,Har aldrig varit registrerad för moms,Har aldrig varit registrerad som arbetsgivare,0 anställda,Postadress är OK,"Tar emot reklam, ej telefonnummerspärrat"
5595792630,165595792630,Grundbulten 160756 AB,,Övriga aktiebolag,Privat,2026-04-07,,,Normalläge,Har aldrig varit verksam,Okänd,00000,Växjö,Kronoberg,Växjö,BOX 427,351 06,VÄXJÖ,startaforetag@fortnox.se,,Har aldrig varit registrerad för F-skatt,Har aldrig varit registrerad för moms,Har aldrig varit registrerad som arbetsgivare,0 anställda,Postadress är OK,"Tar emot reklam, ej telefonnummerspärrat"
5595792648,165595792648,Grundbulten 160757 AB,,Övriga aktiebolag,Privat,2026-04-07,,,Normalläge,Har aldrig varit verksam,Okänd,00000,Växjö,Kronoberg,Växjö,BOX 427,351 06,VÄXJÖ,startaforetag@fortnox.se,,Har aldrig varit registrerad för F-skatt,Har aldrig varit registrerad för moms,Har aldrig varit registrerad som arbetsgivare,0 anställda,Postadress är OK,"Tar emot reklam, ej telefonnummerspärrat"
5595792655,165595792655,Grundbulten 160762 AB,,Övriga aktiebolag,Privat,2026-04-07,,,Normalläge,Har aldrig varit verksam,Okänd,00000,Växjö,Kronoberg,Växjö,BOX 427,351 06,VÄXJÖ,startaforetag@fortnox.se,,Har aldrig varit registrerad för F-skatt,Har aldrig varit registrerad för moms,Har aldrig varit registrerad som arbetsgivare,0 anställda,Postadress är OK,"Tar emot reklam, ej telefonnummerspärrat"
5595792663,165595792663,Grundbulten 160763 AB,,Övriga aktiebolag,Privat,2026-04-07,,,Normalläge,Har aldrig varit verksam,Okänd,00000,Växjö,Kronoberg,Växjö,BOX 427,351 06,VÄXJÖ,startaforetag@fortnox.se,,Har aldrig varit registrerad för F-skatt,Har aldrig varit registrerad för moms,Har aldrig varit registrerad som arbetsgivare,0 anställda,Postadress är OK,"Tar emot reklam, ej telefonnummerspärrat"
5595792671,165595792671,Grundbulten 160760 AB,,Övriga aktiebolag,Privat,2026-04-07,,,Normalläge,Har aldrig varit verksam,Okänd,00000,Växjö,Kronoberg,Växjö,BOX 427,351 06,VÄXJÖ,startaforetag@fortnox.se,,Har aldrig varit registrerad för F-skatt,Har aldrig varit registrerad för moms,Har aldrig varit registrerad som arbetsgivare,0 anställda,Postadress är OK,"Tar emot reklam, ej telefonnummerspärrat"
5595792689,165595792689,Grundbulten 160761 AB,,Övriga aktiebolag,Privat,2026-04-07,,,Normalläge,Har aldrig varit verksam,Okänd,00000,Växjö,Kronoberg,Växjö,BOX 427,351 06,VÄXJÖ,startaforetag@fortnox.se,,Har aldrig varit registrerad för F-skatt,Har aldrig varit registrerad för moms,Har aldrig varit registrerad som arbetsgivare,0 anställda,Postadress är OK,"Tar emot reklam, ej telefonnummerspärrat"
5595792697,165595792697,Grundbulten 160766 AB,,Övriga aktiebolag,Privat,2026-04-07,,,Normalläge,Har aldrig varit verksam,Okänd,00000,Växjö,Kronoberg,Växjö,BOX 427,351 06,VÄXJÖ,startaforetag@fortnox.se,,Har aldrig varit registrerad för F-skatt,Har aldrig varit registrerad för moms,Har aldrig varit registrerad som arbetsgivare,0 anställda,Postadress är OK,"Tar emot reklam, ej telefonnummerspärrat"
5595792705,165595792705,Grundbulten 160767 AB,,Övriga aktiebolag,Privat,2026-04-07,,,Normalläge,Har aldrig varit verksam,Okänd,00000,Växjö,Kronoberg,Växjö,BOX 427,351 06,VÄXJÖ,startaforetag@fortnox.se,,Har aldrig varit registrerad för F-skatt,Har aldrig varit registrerad för moms,Har aldrig varit registrerad som arbetsgivare,0 anställda,Postadress är OK,"Tar emot reklam, ej telefonnummerspärrat"
5595792713,165595792713,Grundbulten 160764 AB,,Övriga aktiebolag,Privat,2026-04-07,,,Normalläge,Har aldrig varit verksam,Okänd,00000,Växjö,Kronoberg,Växjö,BOX 427,351 06,VÄXJÖ,startaforetag@fortnox.se,,Har aldrig varit registrerad för F-skatt,Har aldrig varit registrerad för moms,Har aldrig varit registrerad som arbetsgivare,0 anställda,Postadress är OK,"Tar emot reklam, ej telefonnummerspärrat"
5595792721,165595792721,Grundbulten 160765 AB,,Övriga aktiebolag,Privat,2026-04-07,,,Normalläge,Har aldrig varit verksam,Okänd,00000,Växjö,Kronoberg,Växjö,BOX 427,351 06,VÄXJÖ,startaforetag@fortnox.se,,Har aldrig varit registrerad för F-skatt,Har aldrig varit registrerad för moms,Har aldrig varit registrerad som arbetsgivare,0 anställda,Postadress är OK,"Tar emot reklam, ej telefonnummerspärrat"
5595792739,165595792739,Grundbulten 160726 AB,,Övriga aktiebolag,Privat,2026-04-07,,,Normalläge,Har aldrig varit verksam,Okänd,00000,Växjö,Kronoberg,Växjö,BOX 427,351 06,VÄXJÖ,startaforetag@fortnox.se,,Har aldrig varit registrerad för F-skatt,Har aldrig varit registrerad för moms,Har aldrig varit registrerad som arbetsgivare,0 anställda,Postadress är OK,"Tar emot reklam, ej telefonnummerspärrat"
5595792747,165595792747,Grundbulten 160727 AB,,Övriga aktiebolag,Privat,2026-04-07,,,Normalläge,Har aldrig varit verksam,Okänd,00000,Växjö,Kronoberg,Växjö,BOX 427,351 06,VÄXJÖ,startaforetag@fortnox.se,,Har aldrig varit registrerad för F-skatt,Har aldrig varit registrerad för moms,Har aldrig varit registrerad som arbetsgivare,0 anställda,Postadress är OK,"Tar emot reklam, ej telefonnummerspärrat"
5595792754,165595792754,Grundbulten 160725 AB,,Övriga aktiebolag,Privat,2026-04-07,,,Normalläge,Har aldrig varit verksam,Okänd,00000,Växjö,Kronoberg,Växjö,BOX 427,351 06,VÄXJÖ,startaforetag@fortnox.se,,Har aldrig varit registrerad för F-skatt,Har aldrig varit registrerad för moms,Har aldrig varit registrerad som arbetsgivare,0 anställda,Postadress är OK,"Tar emot reklam, ej telefonnummerspärrat"
5595792762,165595792762,Grundbulten 160730 AB,,Övriga aktiebolag,Privat,2026-04-07,,,Normalläge,Har aldrig varit verksam,Okänd,00000,Växjö,Kronoberg,Växjö,BOX 427,351 06,VÄXJÖ,startaforetag@fortnox.se,,Har aldrig varit registrerad för F-skatt,Har aldrig varit registrerad för moms,Har aldrig varit registrerad som arbetsgivare,0 anställda,Postadress är OK,"Tar emot reklam, ej telefonnummerspärrat"
5595792770,165595792770,Grundbulten 160731 AB,,Övriga aktiebolag,Privat,2026-04-07,,,Normalläge,Har aldrig varit verksam,Okänd,00000,Växjö,Kronoberg,Växjö,BOX 427,351 06,VÄXJÖ,startaforetag@fortnox.se,,Har aldrig varit registrerad för F-skatt,Har aldrig varit registrerad för moms,Har aldrig varit registrerad som arbetsgivare,0 anställda,Postadress är OK,"Tar emot reklam, ej telefonnummerspärrat"
5595792788,165595792788,Grundbulten 160728 AB,,Övriga aktiebolag,Privat,2026-04-07,,,Normalläge,Har aldrig varit verksam,Okänd,00000,Växjö,Kronoberg,Växjö,BOX 427,351 06,VÄXJÖ,startaforetag@fortnox.se,,Har aldrig varit registrerad för F-skatt,Har aldrig varit registrerad för moms,Har aldrig varit registrerad som arbetsgivare,0 anställda,Postadress är OK,"Tar emot reklam, ej telefonnummerspärrat"
5595792796,165595792796,Grundbulten 160729 AB,,Övriga aktiebolag,Privat,2026-04-07,,,Normalläge,Har aldrig varit verksam,Okänd,00000,Växjö,Kronoberg,Växjö,BOX 427,351 06,VÄXJÖ,startaforetag@fortnox.se,,Har aldrig varit registrerad för F-skatt,Har aldrig varit registrerad för moms,Har aldrig varit registrerad som arbetsgivare,0 anställda,Postadress är OK,"Tar emot reklam, ej telefonnummerspärrat"
5595792804,165595792804,Grundbulten 160734 AB,,Övriga aktiebolag,Privat,2026-04-07,,,Normalläge,Har aldrig varit verksam,Okänd,00000,Växjö,Kronoberg,Växjö,BOX 427,351 06,VÄXJÖ,startaforetag@fortnox.se,,Har aldrig varit registrerad för F-skatt,Har aldrig varit registrerad för moms,Har aldrig varit registrerad som arbetsgivare,0 anställda,Postadress är OK,"Tar emot reklam, ej telefonnummerspärrat"
5595792812,165595792812,Grundbulten 160735 AB,,Övriga aktiebolag,Privat,2026-04-07,,,Normalläge,Har aldrig varit verksam,Okänd,00000,Växjö,Kronoberg,Växjö,BOX 427,351 06,VÄXJÖ,startaforetag@fortnox.se,,Har aldrig varit registrerad för F-skatt,Har aldrig varit registrerad för moms,Har aldrig varit registrerad som arbetsgivare,0 anställda,Postadress är OK,"Tar emot reklam, ej telefonnummerspärrat"
5595792820,165595792820,Grundbulten 160732 AB,,Övriga aktiebolag,Privat,2026-04-07,,,Normalläge,Har aldrig varit verksam,Okänd,00000,Växjö,Kronoberg,Växjö,BOX 427,351 06,VÄXJÖ,startaforetag@fortnox.se,,Har aldrig varit registrerad för F-skatt,Har aldrig varit registrerad för moms,Har aldrig varit registrerad som arbetsgivare,0 anställda,Postadress är OK,"Tar emot reklam, ej telefonnummerspärrat"
5595792838,165595792838,Grundbulten 160733 AB,,Övriga aktiebolag,Privat,2026-04-07,,,Normalläge,Har aldrig varit verksam,Okänd,00000,Växjö,Kronoberg,Växjö,BOX 427,351 06,VÄXJÖ,startaforetag@fortnox.se,,Har aldrig varit registrerad för F-skatt,Har aldrig varit registrerad för moms,Har aldrig varit registrerad som arbetsgivare,0 anställda,Postadress är OK,"Tar emot reklam, ej telefonnummerspärrat"
5595792846,165595792846,Grundbulten 160738 AB,,Övriga aktiebolag,Privat,2026-04-07,,,Normalläge,Har aldrig varit verksam,Okänd,00000,Växjö,Kronoberg,Växjö,BOX 427,351 06,VÄXJÖ,startaforetag@fortnox.se,,Har aldrig varit registrerad för F-skatt,Har aldrig varit registrerad för moms,Har aldrig varit registrerad som arbetsgivare,0 anställda,Postadress är OK,"Tar emot reklam, ej telefonnummerspärrat"
5595792853,165595792853,Grundbulten 160739 AB,,Övriga aktiebolag,Privat,2026-04-07,,,Normalläge,Har aldrig varit verksam,Okänd,00000,Växjö,Kronoberg,Växjö,BOX 427,351 06,VÄXJÖ,startaforetag@fortnox.se,,Har aldrig varit registrerad för F-skatt,Har aldrig varit registrerad för moms,Har aldrig varit registrerad som arbetsgivare,0 anställda,Postadress är OK,"Tar emot reklam, ej telefonnummerspärrat"
5595792861,165595792861,Grundbulten 160736 AB,,Övriga aktiebolag,Privat,2026-04-07,,,Normalläge,Har aldrig varit verksam,Okänd,00000,Växjö,Kronoberg,Växjö,BOX 427,351 06,VÄXJÖ,startaforetag@fortnox.se,,Har aldrig varit registrerad för F-skatt,Har aldrig varit registrerad för moms,Har aldrig varit registrerad som arbetsgivare,0 anställda,Postadress är OK,"Tar emot reklam, ej telefonnummerspärrat"
5595792879,165595792879,Grundbulten 160737 AB,,Övriga aktiebolag,Privat,2026-04-07,,,Normalläge,Har aldrig varit verksam,Okänd,00000,Växjö,Kronoberg,Växjö,BOX 427,351 06,VÄXJÖ,startaforetag@fortnox.se,,Har aldrig varit registrerad för F-skatt,Har aldrig varit registrerad för moms,Har aldrig varit registrerad som arbetsgivare,0 anställda,Postadress är OK,"Tar emot reklam, ej telefonnummerspärrat"
5595792887,165595792887,Grundbulten 160742 AB,,Övriga aktiebolag,Privat,2026-04-07,,,Normalläge,Har aldrig varit verksam,Okänd,00000,Växjö,Kronoberg,Växjö,BOX 427,351 06,VÄXJÖ,startaforetag@fortnox.se,,Har aldrig varit registrerad för F-skatt,Har aldrig varit registrerad för moms,Har aldrig varit registrerad som arbetsgivare,0 anställda,Postadress är OK,"Tar emot reklam, ej telefonnummerspärrat"
5595792895,165595792895,Grundbulten 160743 AB,,Övriga aktiebolag,Privat,2026-04-07,,,Normalläge,Har aldrig varit verksam,Okänd,00000,Växjö,Kronoberg,Växjö,BOX 427,351 06,VÄXJÖ,startaforetag@fortnox.se,,Har aldrig varit registrerad för F-skatt,Har aldrig varit registrerad för moms,Har aldrig varit registrerad som arbetsgivare,0 anställda,Postadress är OK,"Tar emot reklam, ej telefonnummerspärrat"
5595792903,165595792903,Grundbulten 160740 AB,,Övriga aktiebolag,Privat,2026-04-07,,,Normalläge,Har aldrig varit verksam,Okänd,00000,Växjö,Kronoberg,Växjö,BOX 427,351 06,VÄXJÖ,startaforetag@fortnox.se,,Har aldrig varit registrerad för F-skatt,Har aldrig varit registrerad för moms,Har aldrig varit registrerad som arbetsgivare,0 anställda,Postadress är OK,"Tar emot reklam, ej telefonnummerspärrat"
5595792911,165595792911,Grundbulten 160741 AB,,Övriga aktiebolag,Privat,2026-04-07,,,Normalläge,Har aldrig varit verksam,Okänd,00000,Växjö,Kronoberg,Växjö,BOX 427,351 06,VÄXJÖ,startaforetag@fortnox.se,,Har aldrig varit registrerad för F-skatt,Har aldrig varit registrerad för moms,Har aldrig varit registrerad som arbetsgivare,0 anställda,Postadress är OK,"Tar emot reklam, ej telefonnummerspärrat"
5595792929,165595792929,Grundbulten 160746 AB,,Övriga aktiebolag,Privat,2026-04-07,,,Normalläge,Har aldrig varit verksam,Okänd,00000,Växjö,Kronoberg,Växjö,BOX 427,351 06,VÄXJÖ,startaforetag@fortnox.se,,Har aldrig varit registrerad för F-skatt,Har aldrig varit registrerad för moms,Har aldrig varit registrerad som arbetsgivare,0 anställda,Postadress är OK,"Tar emot reklam, ej telefonnummerspärrat"
5595792937,165595792937,Grundbulten 160747 AB,,Övriga aktiebolag,Privat,2026-04-07,,,Normalläge,Har aldrig varit verksam,Okänd,00000,Växjö,Kronoberg,Växjö,BOX 427,351 06,VÄXJÖ,startaforetag@fortnox.se,,Har aldrig varit registrerad för F-skatt,Har aldrig varit registrerad för moms,Har aldrig varit registrerad som arbetsgivare,0 anställda,Postadress är OK,"Tar emot reklam, ej telefonnummerspärrat"
5595792945,165595792945,Grundbulten 160744 AB,,Övriga aktiebolag,Privat,2026-04-07,,,Normalläge,Har aldrig varit verksam,Okänd,00000,Växjö,Kronoberg,Växjö,BOX 427,351 06,VÄXJÖ,startaforetag@fortnox.se,,Har aldrig varit registrerad för F-skatt,Har aldrig varit registrerad för moms,Har aldrig varit registrerad som arbetsgivare,0 anställda,Postadress är OK,"Tar emot reklam, ej telefonnummerspärrat"
5595792952,165595792952,Grundbulten 160745 AB,,Övriga aktiebolag,Privat,2026-04-07,,,Normalläge,Har aldrig varit verksam,Okänd,00000,Växjö,Kronoberg,Växjö,BOX 427,351 06,VÄXJÖ,startaforetag@fortnox.se,,Har aldrig varit registrerad för F-skatt,Har aldrig varit registrerad för moms,Har aldrig varit registrerad som arbetsgivare,0 anställda,Postadress är OK,"Tar emot reklam, ej telefonnummerspärrat"
5595792960,165595792960,Grundbulten 160748 AB,,Övriga aktiebolag,Privat,2026-04-07,,,Normalläge,Har aldrig varit verksam,Okänd,00000,Växjö,Kronoberg,Växjö,BOX 427,351 06,VÄXJÖ,startaforetag@fortnox.se,,Har aldrig varit registrerad för F-skatt,Har aldrig varit registrerad för moms,Har aldrig varit registrerad som arbetsgivare,0 anställda,Postadress är OK,"Tar emot reklam, ej telefonnummerspärrat"
5595792978,165595792978,Grundbulten 160749 AB,,Övriga aktiebolag,Privat,2026-04-07,,,Normalläge,Har aldrig varit verksam,Okänd,00000,Växjö,Kronoberg,Växjö,BOX 427,351 06,VÄXJÖ,startaforetag@fortnox.se,,Har aldrig varit registrerad för F-skatt,Har aldrig varit registrerad för moms,Har aldrig varit registrerad som arbetsgivare,0 anställda,Postadress är OK,"Tar emot reklam, ej telefonnummerspärrat"
5595792986,165595792986,Grundbulten 160706 AB,,Övriga aktiebolag,Privat,2026-04-07,,,Normalläge,Har aldrig varit verksam,Okänd,00000,Växjö,Kronoberg,Växjö,BOX 427,351 06,VÄXJÖ,startaforetag@fortnox.se,,Har aldrig varit registrerad för F-skatt,Har aldrig varit registrerad för moms,Har aldrig varit registrerad som arbetsgivare,0 anställda,Postadress är OK,"Tar emot reklam, ej telefonnummerspärrat"
5595792994,165595792994,Grundbulten 160707 AB,,Övriga aktiebolag,Privat,2026-04-07,,,Normalläge,Har aldrig varit verksam,Okänd,00000,Växjö,Kronoberg,Växjö,BOX 427,351 06,VÄXJÖ,startaforetag@fortnox.se,,Har aldrig varit registrerad för F-skatt,Har aldrig varit registrerad för moms,Har aldrig varit registrerad som arbetsgivare,0 anställda,Postadress är OK,"Tar emot reklam, ej telefonnummerspärrat"
5595793000,165595793000,Grundbulten 160704 AB,,Övriga aktiebolag,Privat,2026-04-07,,,Normalläge,Har aldrig varit verksam,Okänd,00000,Växjö,Kronoberg,Växjö,BOX 427,351 06,VÄXJÖ,startaforetag@fortnox.se,,Har aldrig varit registrerad för F-skatt,Har aldrig varit registrerad för moms,Har aldrig varit registrerad som arbetsgivare,0 anställda,Postadress är OK,"Tar emot reklam, ej telefonnummerspärrat"
5595793018,165595793018,Grundbulten 160705 AB,,Övriga aktiebolag,Privat,2026-04-07,,,Normalläge,Har aldrig varit verksam,Okänd,00000,Växjö,Kronoberg,Växjö,BOX 427,351 06,VÄXJÖ,startaforetag@fortnox.se,,Har aldrig varit registrerad för F-skatt,Har aldrig varit registrerad för moms,Har aldrig varit registrerad som arbetsgivare,0 anställda,Postadress är OK,"Tar emot reklam, ej telefonnummerspärrat"
5595793026,165595793026,Grundbulten 160710 AB,,Övriga aktiebolag,Privat,2026-04-07,,,Normalläge,Har aldrig varit verksam,Okänd,00000,Växjö,Kronoberg,Växjö,BOX 427,351 06,VÄXJÖ,startaforetag@fortnox.se,,Har aldrig varit registrerad för F-skatt,Har aldrig varit registrerad för moms,Har aldrig varit registrerad som arbetsgivare,0 anställda,Postadress är OK,"Tar emot reklam, ej telefonnummerspärrat"
5595793034,165595793034,Grundbulten 160711 AB,,Övriga aktiebolag,Privat,2026-04-07,,,Normalläge,Har aldrig varit verksam,Okänd,00000,Växjö,Kronoberg,Växjö,BOX 427,351 06,VÄXJÖ,startaforetag@fortnox.se,,Har aldrig varit registrerad för F-skatt,Har aldrig varit registrerad för moms,Har aldrig varit registrerad som arbetsgivare,0 anställda,Postadress är OK,"Tar emot reklam, ej telefonnummerspärrat"
5595793042,165595793042,Grundbulten 160708 AB,,Övriga aktiebolag,Privat,2026-04-07,,,Normalläge,Har aldrig varit verksam,Okänd,00000,Växjö,Kronoberg,Växjö,BOX 427,351 06,VÄXJÖ,startaforetag@fortnox.se,,Har aldrig varit registrerad för F-skatt,Har aldrig varit registrerad för moms,Har aldrig varit registrerad som arbetsgivare,0 anställda,Postadress är OK,"Tar emot reklam, ej telefonnummerspärrat"
5595793059,165595793059,Grundbulten 160709 AB,,Övriga aktiebolag,Privat,2026-04-07,,,Normalläge,Har aldrig varit verksam,Okänd,00000,Växjö,Kronoberg,Växjö,BOX 427,351 06,VÄXJÖ,startaforetag@fortnox.se,,Har aldrig varit registrerad för F-skatt,Har aldrig varit registrerad för moms,Har aldrig varit registrerad som arbetsgivare,0 anställda,Postadress är OK,"Tar emot reklam, ej telefonnummerspärrat"
5595793067,165595793067,Grundbulten 160714 AB,,Övriga aktiebolag,Privat,2026-04-07,,,Normalläge,Har aldrig varit verksam,Okänd,00000,Växjö,Kronoberg,Växjö,BOX 427,351 06,VÄXJÖ,startaforetag@fortnox.se,,Har aldrig varit registrerad för F-skatt,Har aldrig varit registrerad för moms,Har aldrig varit registrerad som arbetsgivare,0 anställda,Postadress är OK,"Tar emot reklam, ej telefonnummerspärrat"
5595793075,165595793075,Grundbulten 160715 AB,,Övriga aktiebolag,Privat,2026-04-07,,,Normalläge,Har aldrig varit verksam,Okänd,00000,Växjö,Kronoberg,Växjö,BOX 427,351 06,VÄXJÖ,startaforetag@fortnox.se,,Har aldrig varit registrerad för F-skatt,Har aldrig varit registrerad för moms,Har aldrig varit registrerad som arbetsgivare,0 anställda,Postadress är OK,"Tar emot reklam, ej telefonnummerspärrat"
5595793083,165595793083,Grundbulten 160712 AB,,Övriga aktiebolag,Privat,2026-04-07,,,Normalläge,Har aldrig varit verksam,Okänd,00000,Växjö,Kronoberg,Växjö,BOX 427,351 06,VÄXJÖ,startaforetag@fortnox.se,,Har aldrig varit registrerad för F-skatt,Har aldrig varit registrerad för moms,Har aldrig varit registrerad som arbetsgivare,0 anställda,Postadress är OK,"Tar emot reklam, ej telefonnummerspärrat"
5595793091,165595793091,Grundbulten 160713 AB,,Övriga aktiebolag,Privat,2026-04-07,,,Normalläge,Har aldrig varit verksam,Okänd,00000,Växjö,Kronoberg,Växjö,BOX 427,351 06,VÄXJÖ,startaforetag@fortnox.se,,Har aldrig varit registrerad för F-skatt,Har aldrig varit registrerad för moms,Har aldrig varit registrerad som arbetsgivare,0 anställda,Postadress är OK,"Tar emot reklam, ej telefonnummerspärrat"
5595793109,165595793109,Grundbulten 160718 AB,,Övriga aktiebolag,Privat,2026-04-07,,,Normalläge,Har aldrig varit verksam,Okänd,00000,Växjö,Kronoberg,Växjö,BOX 427,351 06,VÄXJÖ,startaforetag@fortnox.se,,Har aldrig varit registrerad för F-skatt,Har aldrig varit registrerad för moms,Har aldrig varit registrerad som arbetsgivare,0 anställda,Postadress är OK,"Tar emot reklam, ej telefonnummerspärrat"
5595793117,165595793117,Grundbulten 160719 AB,,Övriga aktiebolag,Privat,2026-04-07,,,Normalläge,Har aldrig varit verksam,Okänd,00000,Växjö,Kronoberg,Växjö,BOX 427,351 06,VÄXJÖ,startaforetag@fortnox.se,,Har aldrig varit registrerad för F-skatt,Har aldrig varit registrerad för moms,Har aldrig varit registrerad som arbetsgivare,0 anställda,Postadress är OK,"Tar emot reklam, ej telefonnummerspärrat"
5595793125,165595793125,Grundbulten 160716 AB,,Övriga aktiebolag,Privat,2026-04-07,,,Normalläge,Har aldrig varit verksam,Okänd,00000,Växjö,Kronoberg,Växjö,BOX 427,351 06,VÄXJÖ,startaforetag@fortnox.se,,Har aldrig varit registrerad för F-skatt,Har aldrig varit registrerad för moms,Har aldrig varit registrerad som arbetsgivare,0 anställda,Postadress är OK,"Tar emot reklam, ej telefonnummerspärrat"
5595793133,165595793133,Grundbulten 160717 AB,,Övriga aktiebolag,Privat,2026-04-07,,,Normalläge,Har aldrig varit verksam,Okänd,00000,Växjö,Kronoberg,Växjö,BOX 427,351 06,VÄXJÖ,startaforetag@fortnox.se,,Har aldrig varit registrerad för F-skatt,Har aldrig varit registrerad för moms,Har aldrig varit registrerad som arbetsgivare,0 anställda,Postadress är OK,"Tar emot reklam, ej telefonnummerspärrat"
5595793141,165595793141,Grundbulten 160722 AB,,Övriga aktiebolag,Privat,2026-04-07,,,Normalläge,Har aldrig varit verksam,Okänd,00000,Växjö,Kronoberg,Växjö,BOX 427,351 06,VÄXJÖ,startaforetag@fortnox.se,,Har aldrig varit registrerad för F-skatt,Har aldrig varit registrerad för moms,Har aldrig varit registrerad som arbetsgivare,0 anställda,Postadress är OK,"Tar emot reklam, ej telefonnummerspärrat"
5595793158,165595793158,Grundbulten 160723 AB,,Övriga aktiebolag,Privat,2026-04-07,,,Normalläge,Har aldrig varit verksam,Okänd,00000,Växjö,Kronoberg,Växjö,BOX 427,351 06,VÄXJÖ,startaforetag@fortnox.se,,Har aldrig varit registrerad för F-skatt,Har aldrig varit registrerad för moms,Har aldrig varit registrerad som arbetsgivare,0 anställda,Postadress är OK,"Tar emot reklam, ej telefonnummerspärrat"
5595793166,165595793166,Grundbulten 160720 AB,,Övriga aktiebolag,Privat,2026-04-07,,,Normalläge,Har aldrig varit verksam,Okänd,00000,Växjö,Kronoberg,Växjö,BOX 427,351 06,VÄXJÖ,startaforetag@fortnox.se,,Har aldrig varit registrerad för F-skatt,Har aldrig varit registrerad för moms,Har aldrig varit registrerad som arbetsgivare,0 anställda,Postadress är OK,"Tar emot reklam, ej telefonnummerspärrat"
5595793174,165595793174,Grundbulten 160721 AB,,Övriga aktiebolag,Privat,2026-04-07,,,Normalläge,Har aldrig varit verksam,Okänd,00000,Växjö,Kronoberg,Växjö,BOX 427,351 06,VÄXJÖ,startaforetag@fortnox.se,,Har aldrig varit registrerad för F-skatt,Har aldrig varit registrerad för moms,Har aldrig varit registrerad som arbetsgivare,0 anställda,Postadress är OK,"Tar emot reklam, ej telefonnummerspärrat"
5595793182,165595793182,Grundbulten 160724 AB,,Övriga aktiebolag,Privat,2026-04-07,,,Normalläge,Har aldrig varit verksam,Okänd,00000,Växjö,Kronoberg,Växjö,BOX 427,351 06,VÄXJÖ,startaforetag@fortnox.se,,Har aldrig varit registrerad för F-skatt,Har aldrig varit registrerad för moms,Har aldrig varit registrerad som arbetsgivare,0 anställda,Postadress är OK,"Tar emot reklam, ej telefonnummerspärrat"
5595793190,165595793190,Grundbulten 160702 AB,,Övriga aktiebolag,Privat,2026-04-07,,,Normalläge,Har aldrig varit verksam,Okänd,00000,Växjö,Kronoberg,Växjö,BOX 427,351 06,VÄXJÖ,startaforetag@fortnox.se,,Har aldrig varit registrerad för F-skatt,Har aldrig varit registrerad för moms,Har aldrig varit registrerad som arbetsgivare,0 anställda,Postadress är OK,"Tar emot reklam, ej telefonnummerspärrat"
5595793208,165595793208,Grundbulten 160703 AB,,Övriga aktiebolag,Privat,2026-04-07,,,Normalläge,Har aldrig varit verksam,Okänd,00000,Växjö,Kronoberg,Växjö,BOX 427,351 06,VÄXJÖ,startaforetag@fortnox.se,,Har aldrig varit registrerad för F-skatt,Har aldrig varit registrerad för moms,Har aldrig varit registrerad som arbetsgivare,0 anställda,Postadress är OK,"Tar emot reklam, ej telefonnummerspärrat"
5595793216,165595793216,Grundbulten 160700 AB,,Övriga aktiebolag,Privat,2026-04-07,,,Normalläge,Har aldrig varit verksam,Okänd,00000,Växjö,Kronoberg,Växjö,BOX 427,351 06,VÄXJÖ,startaforetag@fortnox.se,,Har aldrig varit registrerad för F-skatt,Har aldrig varit registrerad för moms,Har aldrig varit registrerad som arbetsgivare,0 anställda,Postadress är OK,"Tar emot reklam, ej telefonnummerspärrat"
5595793224,165595793224,Grundbulten 160701 AB,,Övriga aktiebolag,Privat,2026-04-07,,,Normalläge,Har aldrig varit verksam,Okänd,00000,Växjö,Kronoberg,Växjö,BOX 427,351 06,VÄXJÖ,startaforetag@fortnox.se,,Har aldrig varit registrerad för F-skatt,Har aldrig varit registrerad för moms,Har aldrig varit registrerad som arbetsgivare,0 anställda,Postadress är OK,"Tar emot reklam, ej telefonnummerspärrat"
5595793232,165595793232,Grundbulten 160675 AB,,Övriga aktiebolag,Privat,2026-04-07,,,Normalläge,Har aldrig varit verksam,Okänd,00000,Växjö,Kronoberg,Växjö,BOX 427,351 06,VÄXJÖ,startaforetag@fortnox.se,,Har aldrig varit registrerad för F-skatt,Har aldrig varit registrerad för moms,Har aldrig varit registrerad som arbetsgivare,0 anställda,Postadress är OK,"Tar emot reklam, ej telefonnummerspärrat"
5595793240,165595793240,Grundbulten 160678 AB,,Övriga aktiebolag,Privat,2026-04-07,,,Normalläge,Har aldrig varit verksam,Okänd,00000,Växjö,Kronoberg,Växjö,BOX 427,351 06,VÄXJÖ,startaforetag@fortnox.se,,Har aldrig varit registrerad för F-skatt,Har aldrig varit registrerad för moms,Har aldrig varit registrerad som arbetsgivare,0 anställda,Postadress är OK,"Tar emot reklam, ej telefonnummerspärrat"
5595793257,165595793257,Grundbulten 160679 AB,,Övriga aktiebolag,Privat,2026-04-07,,,Normalläge,Har aldrig varit verksam,Okänd,00000,Växjö,Kronoberg,Växjö,BOX 427,351 06,VÄXJÖ,startaforetag@fortnox.se,,Har aldrig varit registrerad för F-skatt,Har aldrig varit registrerad för moms,Har aldrig varit registrerad som arbetsgivare,0 anställda,Postadress är OK,"Tar emot reklam, ej telefonnummerspärrat"
5595793265,165595793265,Grundbulten 160676 AB,,Övriga aktiebolag,Privat,2026-04-07,,,Normalläge,Har aldrig varit verksam,Okänd,00000,Växjö,Kronoberg,Växjö,BOX 427,351 06,VÄXJÖ,startaforetag@fortnox.se,,Har aldrig varit registrerad för F-skatt,Har aldrig varit registrerad för moms,Har aldrig varit registrerad som arbetsgivare,0 anställda,Postadress är OK,"Tar emot reklam, ej telefonnummerspärrat"
5595793273,165595793273,Grundbulten 160677 AB,,Övriga aktiebolag,Privat,2026-04-07,,,Normalläge,Har aldrig varit verksam,Okänd,00000,Växjö,Kronoberg,Växjö,BOX 427,351 06,VÄXJÖ,startaforetag@fortnox.se,,Har aldrig varit registrerad för F-skatt,Har aldrig varit registrerad för moms,Har aldrig varit registrerad som arbetsgivare,0 anställda,Postadress är OK,"Tar emot reklam, ej telefonnummerspärrat"
5595793281,165595793281,Grundbulten 160682 AB,,Övriga aktiebolag,Privat,2026-04-07,,,Normalläge,Har aldrig varit verksam,Okänd,00000,Växjö,Kronoberg,Växjö,BOX 427,351 06,VÄXJÖ,startaforetag@fortnox.se,,Har aldrig varit registrerad för F-skatt,Har aldrig varit registrerad för moms,Har aldrig varit registrerad som arbetsgivare,0 anställda,Postadress är OK,"Tar emot reklam, ej telefonnummerspärrat"
5595793299,165595793299,Grundbulten 160683 AB,,Övriga aktiebolag,Privat,2026-04-07,,,Normalläge,Har aldrig varit verksam,Okänd,00000,Växjö,Kronoberg,Växjö,BOX 427,351 06,VÄXJÖ,startaforetag@fortnox.se,,Har aldrig varit registrerad för F-skatt,Har aldrig varit registrerad för moms,Har aldrig varit registrerad som arbetsgivare,0 anställda,Postadress är OK,"Tar emot reklam, ej telefonnummerspärrat"
5595793307,165595793307,Grundbulten 160680 AB,,Övriga aktiebolag,Privat,2026-04-07,,,Normalläge,Har aldrig varit verksam,Okänd,00000,Växjö,Kronoberg,Växjö,BOX 427,351 06,VÄXJÖ,startaforetag@fortnox.se,,Har aldrig varit registrerad för F-skatt,Har aldrig varit registrerad för moms,Har aldrig varit registrerad som arbetsgivare,0 anställda,Postadress är OK,"Tar emot reklam, ej telefonnummerspärrat"
5595793315,165595793315,Grundbulten 160681 AB,,Övriga aktiebolag,Privat,2026-04-07,,,Normalläge,Har aldrig varit verksam,Okänd,00000,Växjö,Kronoberg,Växjö,BOX 427,351 06,VÄXJÖ,startaforetag@fortnox.se,,Har aldrig varit registrerad för F-skatt,Har aldrig varit registrerad för moms,Har aldrig varit registrerad som arbetsgivare,0 anställda,Postadress är OK,"Tar emot reklam, ej telefonnummerspärrat"
5595793323,165595793323,Grundbulten 160686 AB,,Övriga aktiebolag,Privat,2026-04-07,,,Normalläge,Har aldrig varit verksam,Okänd,00000,Växjö,Kronoberg,Växjö,BOX 427,351 06,VÄXJÖ,startaforetag@fortnox.se,,Har aldrig varit registrerad för F-skatt,Har aldrig varit registrerad för moms,Har aldrig varit registrerad som arbetsgivare,0 anställda,Postadress är OK,"Tar emot reklam, ej telefonnummerspärrat"
5595793331,165595793331,Grundbulten 160687 AB,,Övriga aktiebolag,Privat,2026-04-07,,,Normalläge,Har aldrig varit verksam,Okänd,00000,Växjö,Kronoberg,Växjö,BOX 427,351 06,VÄXJÖ,startaforetag@fortnox.se,,Har aldrig varit registrerad för F-skatt,Har aldrig varit registrerad för moms,Har aldrig varit registrerad som arbetsgivare,0 anställda,Postadress är OK,"Tar emot reklam, ej telefonnummerspärrat"
5595793349,165595793349,Grundbulten 160684 AB,,Övriga aktiebolag,Privat,2026-04-07,,,Normalläge,Har aldrig varit verksam,Okänd,00000,Växjö,Kronoberg,Växjö,BOX 427,351 06,VÄXJÖ,startaforetag@fortnox.se,,Har aldrig varit registrerad för F-skatt,Har aldrig varit registrerad för moms,Har aldrig varit registrerad som arbetsgivare,0 anställda,Postadress är OK,"Tar emot reklam, ej telefonnummerspärrat"
5595793356,165595793356,Grundbulten 160685 AB,,Övriga aktiebolag,Privat,2026-04-07,,,Normalläge,Har aldrig varit verksam,Okänd,00000,Växjö,Kronoberg,Växjö,BOX 427,351 06,VÄXJÖ,startaforetag@fortnox.se,,Har aldrig varit registrerad för F-skatt,Har aldrig varit registrerad för moms,Har aldrig varit registrerad som arbetsgivare,0 anställda,Postadress är OK,"Tar emot reklam, ej telefonnummerspärrat"
5595793364,165595793364,Grundbulten 160690 AB,,Övriga aktiebolag,Privat,2026-04-07,,,Normalläge,Har aldrig varit verksam,Okänd,00000,Växjö,Kronoberg,Växjö,BOX 427,351 06,VÄXJÖ,startaforetag@fortnox.se,,Har aldrig varit registrerad för F-skatt,Har aldrig varit registrerad för moms,Har aldrig varit registrerad som arbetsgivare,0 anställda,Postadress är OK,"Tar emot reklam, ej telefonnummerspärrat"
5595793372,165595793372,Grundbulten 160691 AB,,Övriga aktiebolag,Privat,2026-04-07,,,Normalläge,Har aldrig varit verksam,Okänd,00000,Växjö,Kronoberg,Växjö,BOX 427,351 06,VÄXJÖ,startaforetag@fortnox.se,,Har aldrig varit registrerad för F-skatt,Har aldrig varit registrerad för moms,Har aldrig varit registrerad som arbetsgivare,0 anställda,Postadress är OK,"Tar emot reklam, ej telefonnummerspärrat"
5595793380,165595793380,Grundbulten 160688 AB,,Övriga aktiebolag,Privat,2026-04-07,,,Normalläge,Har aldrig varit verksam,Okänd,00000,Växjö,Kronoberg,Växjö,BOX 427,351 06,VÄXJÖ,startaforetag@fortnox.se,,Har aldrig varit registrerad för F-skatt,Har aldrig varit registrerad för moms,Har aldrig varit registrerad som arbetsgivare,0 anställda,Postadress är OK,"Tar emot reklam, ej telefonnummerspärrat"
5595793398,165595793398,Grundbulten 160689 AB,,Övriga aktiebolag,Privat,2026-04-07,,,Normalläge,Har aldrig varit verksam,Okänd,00000,Växjö,Kronoberg,Växjö,BOX 427,351 06,VÄXJÖ,startaforetag@fortnox.se,,Har aldrig varit registrerad för F-skatt,Har aldrig varit registrerad för moms,Har aldrig varit registrerad som arbetsgivare,0 anställda,Postadress är OK,"Tar emot reklam, ej telefonnummerspärrat"
5595793406,165595793406,Grundbulten 160694 AB,,Övriga aktiebolag,Privat,2026-04-07,,,Normalläge,Har aldrig varit verksam,Okänd,00000,Växjö,Kronoberg,Växjö,BOX 427,351 06,VÄXJÖ,startaforetag@fortnox.se,,Har aldrig varit registrerad för F-skatt,Har aldrig varit registrerad för moms,Har aldrig varit registrerad som arbetsgivare,0 anställda,Postadress är OK,"Tar emot reklam, ej telefonnummerspärrat"
5595793414,165595793414,Grundbulten 160695 AB,,Övriga aktiebolag,Privat,2026-04-07,,,Normalläge,Har aldrig varit verksam,Okänd,00000,Växjö,Kronoberg,Växjö,BOX 427,351 06,VÄXJÖ,startaforetag@fortnox.se,,Har aldrig varit registrerad för F-skatt,Har aldrig varit registrerad för moms,Har aldrig varit registrerad som arbetsgivare,0 anställda,Postadress är OK,"Tar emot reklam, ej telefonnummerspärrat"
5595793422,165595793422,Grundbulten 160692 AB,,Övriga aktiebolag,Privat,2026-04-07,,,Normalläge,Har aldrig varit verksam,Okänd,00000,Växjö,Kronoberg,Växjö,BOX 427,351 06,VÄXJÖ,startaforetag@fortnox.se,,Har aldrig varit registrerad för F-skatt,Har aldrig varit registrerad för moms,Har aldrig varit registrerad som arbetsgivare,0 anställda,Postadress är OK,"Tar emot reklam, ej telefonnummerspärrat"
5595793430,165595793430,Grundbulten 160693 AB,,Övriga aktiebolag,Privat,2026-04-07,,,Normalläge,Har aldrig varit verksam,Okänd,00000,Växjö,Kronoberg,Växjö,BOX 427,351 06,VÄXJÖ,startaforetag@fortnox.se,,Har aldrig varit registrerad för F-skatt,Har aldrig varit registrerad för moms,Har aldrig varit registrerad som arbetsgivare,0 anställda,Postadress är OK,"Tar emot reklam, ej telefonnummerspärrat"
5595793448,165595793448,Grundbulten 160698 AB,,Övriga aktiebolag,Privat,2026-04-07,,,Normalläge,Har aldrig varit verksam,Okänd,00000,Växjö,Kronoberg,Växjö,BOX 427,351 06,VÄXJÖ,startaforetag@fortnox.se,,Har aldrig varit registrerad för F-skatt,Har aldrig varit registrerad för moms,Har aldrig varit registrerad som arbetsgivare,0 anställda,Postadress är OK,"Tar emot reklam, ej telefonnummerspärrat"
5595793455,165595793455,Grundbulten 160699 AB,,Övriga aktiebolag,Privat,2026-04-07,,,Normalläge,Har aldrig varit verksam,Okänd,00000,Växjö,Kronoberg,Växjö,BOX 427,351 06,VÄXJÖ,startaforetag@fortnox.se,,Har aldrig varit registrerad för F-skatt,Har aldrig varit registrerad för moms,Har aldrig varit registrerad som arbetsgivare,0 anställda,Postadress är OK,"Tar emot reklam, ej telefonnummerspärrat"
5595793463,165595793463,Grundbulten 160696 AB,,Övriga aktiebolag,Privat,2026-04-07,,,Normalläge,Har aldrig varit verksam,Okänd,00000,Växjö,Kronoberg,Växjö,BOX 427,351 06,VÄXJÖ,startaforetag@fortnox.se,,Har aldrig varit registrerad för F-skatt,Har aldrig varit registrerad för moms,Har aldrig varit registrerad som arbetsgivare,0 anställda,Postadress är OK,"Tar emot reklam, ej telefonnummerspärrat"
5595793471,165595793471,Grundbulten 160697 AB,,Övriga aktiebolag,Privat,2026-04-07,,,Normalläge,Har aldrig varit verksam,Okänd,00000,Växjö,Kronoberg,Växjö,BOX 427,351 06,VÄXJÖ,startaforetag@fortnox.se,,Har aldrig varit registrerad för F-skatt,Har aldrig varit registrerad för moms,Har aldrig varit registrerad som arbetsgivare,0 anställda,Postadress är OK,"Tar emot reklam, ej telefonnummerspärrat"
5595793489,165595793489,Grundbulten 160650 AB,,Övriga aktiebolag,Privat,2026-04-07,,,Normalläge,Har aldrig varit verksam,Okänd,00000,Växjö,Kronoberg,Växjö,BOX 427,351 06,VÄXJÖ,startaforetag@fortnox.se,,Har aldrig varit registrerad för F-skatt,Har aldrig varit registrerad för moms,Har aldrig varit registrerad som arbetsgivare,0 anställda,Postadress är OK,"Tar emot reklam, ej telefonnummerspärrat"
5595793497,165595793497,Grundbulten 160651 AB,,Övriga aktiebolag,Privat,2026-04-07,,,Normalläge,Har aldrig varit verksam,Okänd,00000,Växjö,Kronoberg,Växjö,BOX 427,351 06,VÄXJÖ,startaforetag@fortnox.se,,Har aldrig varit registrerad för F-skatt,Har aldrig varit registrerad för moms,Har aldrig varit registrerad som arbetsgivare,0 anställda,Postadress är OK,"Tar emot reklam, ej telefonnummerspärrat"
5595793505,165595793505,Grundbulten 160654 AB,,Övriga aktiebolag,Privat,2026-04-07,,,Normalläge,Har aldrig varit verksam,Okänd,00000,Växjö,Kronoberg,Växjö,BOX 427,351 06,VÄXJÖ,startaforetag@fortnox.se,,Har aldrig varit registrerad för F-skatt,Har aldrig varit registrerad för moms,Har aldrig varit registrerad som arbetsgivare,0 anställda,Postadress är OK,"Tar emot reklam, ej telefonnummerspärrat"
5595793513,165595793513,Grundbulten 160655 AB,,Övriga aktiebolag,Privat,2026-04-07,,,Normalläge,Har aldrig varit verksam,Okänd,00000,Växjö,Kronoberg,Växjö,BOX 427,351 06,VÄXJÖ,startaforetag@fortnox.se,,Har aldrig varit registrerad för F-skatt,Har aldrig varit registrerad för moms,Har aldrig varit registrerad som arbetsgivare,0 anställda,Postadress är OK,"Tar emot reklam, ej telefonnummerspärrat"
5595793521,165595793521,Grundbulten 160652 AB,,Övriga aktiebolag,Privat,2026-04-07,,,Normalläge,Har aldrig varit verksam,Okänd,00000,Växjö,Kronoberg,Växjö,BOX 427,351 06,VÄXJÖ,startaforetag@fortnox.se,,Har aldrig varit registrerad för F-skatt,Har aldrig varit registrerad för moms,Har aldrig varit registrerad som arbetsgivare,0 anställda,Postadress är OK,"Tar emot reklam, ej telefonnummerspärrat"
5595793539,165595793539,Grundbulten 160653 AB,,Övriga aktiebolag,Privat,2026-04-07,,,Normalläge,Har aldrig varit verksam,Okänd,00000,Växjö,Kronoberg,Växjö,BOX 427,351 06,VÄXJÖ,startaforetag@fortnox.se,,Har aldrig varit registrerad för F-skatt,Har aldrig varit registrerad för moms,Har aldrig varit registrerad som arbetsgivare,0 anställda,Postadress är OK,"Tar emot reklam, ej telefonnummerspärrat"
5595793547,165595793547,Grundbulten 160658 AB,,Övriga aktiebolag,Privat,2026-04-07,,,Normalläge,Har aldrig varit verksam,Okänd,00000,Växjö,Kronoberg,Växjö,BOX 427,351 06,VÄXJÖ,startaforetag@fortnox.se,,Har aldrig varit registrerad för F-skatt,Har aldrig varit registrerad för moms,Har aldrig varit registrerad som arbetsgivare,0 anställda,Postadress är OK,"Tar emot reklam, ej telefonnummerspärrat"
5595793554,165595793554,Grundbulten 160659 AB,,Övriga aktiebolag,Privat,2026-04-07,,,Normalläge,Har aldrig varit verksam,Okänd,00000,Växjö,Kronoberg,Växjö,BOX 427,351 06,VÄXJÖ,startaforetag@fortnox.se,,Har aldrig varit registrerad för F-skatt,Har aldrig varit registrerad för moms,Har aldrig varit registrerad som arbetsgivare,0 anställda,Postadress är OK,"Tar emot reklam, ej telefonnummerspärrat"
5595793562,165595793562,Grundbulten 160656 AB,,Övriga aktiebolag,Privat,2026-04-07,,,Normalläge,Har aldrig varit verksam,Okänd,00000,Växjö,Kronoberg,Växjö,BOX 427,351 06,VÄXJÖ,startaforetag@fortnox.se,,Har aldrig varit registrerad för F-skatt,Har aldrig varit registrerad för moms,Har aldrig varit registrerad som arbetsgivare,0 anställda,Postadress är OK,"Tar emot reklam, ej telefonnummerspärrat"
5595793570,165595793570,Grundbulten 160657 AB,,Övriga aktiebolag,Privat,2026-04-07,,,Normalläge,Har aldrig varit verksam,Okänd,00000,Växjö,Kronoberg,Växjö,BOX 427,351 06,VÄXJÖ,startaforetag@fortnox.se,,Har aldrig varit registrerad för F-skatt,Har aldrig varit registrerad för moms,Har aldrig varit registrerad som arbetsgivare,0 anställda,Postadress är OK,"Tar emot reklam, ej telefonnummerspärrat"
5595793588,165595793588,Grundbulten 160662 AB,,Övriga aktiebolag,Privat,2026-04-07,,,Normalläge,Har aldrig varit verksam,Okänd,00000,Växjö,Kronoberg,Växjö,BOX 427,351 06,VÄXJÖ,startaforetag@fortnox.se,,Har aldrig varit registrerad för F-skatt,Har aldrig varit registrerad för moms,Har aldrig varit registrerad som arbetsgivare,0 anställda,Postadress är OK,"Tar emot reklam, ej telefonnummerspärrat"
5595793596,165595793596,Grundbulten 160663 AB,,Övriga aktiebolag,Privat,2026-04-07,,,Normalläge,Har aldrig varit verksam,Okänd,00000,Växjö,Kronoberg,Växjö,BOX 427,351 06,VÄXJÖ,startaforetag@fortnox.se,,Har aldrig varit registrerad för F-skatt,Har aldrig varit registrerad för moms,Har aldrig varit registrerad som arbetsgivare,0 anställda,Postadress är OK,"Tar emot reklam, ej telefonnummerspärrat"
5595793604,165595793604,Grundbulten 160660 AB,,Övriga aktiebolag,Privat,2026-04-07,,,Normalläge,Har aldrig varit verksam,Okänd,00000,Växjö,Kronoberg,Växjö,BOX 427,351 06,VÄXJÖ,startaforetag@fortnox.se,,Har aldrig varit registrerad för F-skatt,Har aldrig varit registrerad för moms,Har aldrig varit registrerad som arbetsgivare,0 anställda,Postadress är OK,"Tar emot reklam, ej telefonnummerspärrat"
5595793612,165595793612,Grundbulten 160661 AB,,Övriga aktiebolag,Privat,2026-04-07,,,Normalläge,Har aldrig varit verksam,Okänd,00000,Växjö,Kronoberg,Växjö,BOX 427,351 06,VÄXJÖ,startaforetag@fortnox.se,,Har aldrig varit registrerad för F-skatt,Har aldrig varit registrerad för moms,Har aldrig varit registrerad som arbetsgivare,0 anställda,Postadress är OK,"Tar emot reklam, ej telefonnummerspärrat"
5595793620,165595793620,Grundbulten 160666 AB,,Övriga aktiebolag,Privat,2026-04-07,,,Normalläge,Har aldrig varit verksam,Okänd,00000,Växjö,Kronoberg,Växjö,BOX 427,351 06,VÄXJÖ,startaforetag@fortnox.se,,Har aldrig varit registrerad för F-skatt,Har aldrig varit registrerad för moms,Har aldrig varit registrerad som arbetsgivare,0 anställda,Postadress är OK,"Tar emot reklam, ej telefonnummerspärrat"
5595793638,165595793638,Grundbulten 160667 AB,,Övriga aktiebolag,Privat,2026-04-07,,,Normalläge,Har aldrig varit verksam,Okänd,00000,Växjö,Kronoberg,Växjö,BOX 427,351 06,VÄXJÖ,startaforetag@fortnox.se,,Har aldrig varit registrerad för F-skatt,Har aldrig varit registrerad för moms,Har aldrig varit registrerad som arbetsgivare,0 anställda,Postadress är OK,"Tar emot reklam, ej telefonnummerspärrat"
5595793646,165595793646,Grundbulten 160664 AB,,Övriga aktiebolag,Privat,2026-04-07,,,Normalläge,Har aldrig varit verksam,Okänd,00000,Växjö,Kronoberg,Växjö,BOX 427,351 06,VÄXJÖ,startaforetag@fortnox.se,,Har aldrig varit registrerad för F-skatt,Har aldrig varit registrerad för moms,Har aldrig varit registrerad som arbetsgivare,0 anställda,Postadress är OK,"Tar emot reklam, ej telefonnummerspärrat"
5595793653,165595793653,Grundbulten 160665 AB,,Övriga aktiebolag,Privat,2026-04-07,,,Normalläge,Har aldrig varit verksam,Okänd,00000,Växjö,Kronoberg,Växjö,BOX 427,351 06,VÄXJÖ,startaforetag@fortnox.se,,Har aldrig varit registrerad för F-skatt,Har aldrig varit registrerad för moms,Har aldrig varit registrerad som arbetsgivare,0 anställda,Postadress är OK,"Tar emot reklam, ej telefonnummerspärrat"
5595793661,165595793661,Grundbulten 160670 AB,,Övriga aktiebolag,Privat,2026-04-07,,,Normalläge,Har aldrig varit verksam,Okänd,00000,Växjö,Kronoberg,Växjö,BOX 427,351 06,VÄXJÖ,startaforetag@fortnox.se,,Har aldrig varit registrerad för F-skatt,Har aldrig varit registrerad för moms,Har aldrig varit registrerad som arbetsgivare,0 anställda,Postadress är OK,"Tar emot reklam, ej telefonnummerspärrat"
5595793679,165595793679,Grundbulten 160671 AB,,Övriga aktiebolag,Privat,2026-04-07,,,Normalläge,Har aldrig varit verksam,Okänd,00000,Växjö,Kronoberg,Växjö,BOX 427,351 06,VÄXJÖ,startaforetag@fortnox.se,,Har aldrig varit registrerad för F-skatt,Har aldrig varit registrerad för moms,Har aldrig varit registrerad som arbetsgivare,0 anställda,Postadress är OK,"Tar emot reklam, ej telefonnummerspärrat"
5595793687,165595793687,Grundbulten 160668 AB,,Övriga aktiebolag,Privat,2026-04-07,,,Normalläge,Har aldrig varit verksam,Okänd,00000,Växjö,Kronoberg,Växjö,BOX 427,351 06,VÄXJÖ,startaforetag@fortnox.se,,Har aldrig varit registrerad för F-skatt,Har aldrig varit registrerad för moms,Har aldrig varit registrerad som arbetsgivare,0 anställda,Postadress är OK,"Tar emot reklam, ej telefonnummerspärrat"
5595793695,165595793695,Grundbulten 160669 AB,,Övriga aktiebolag,Privat,2026-04-07,,,Normalläge,Har aldrig varit verksam,Okänd,00000,Växjö,Kronoberg,Växjö,BOX 427,351 06,VÄXJÖ,startaforetag@fortnox.se,,Har aldrig varit registrerad för F-skatt,Har aldrig varit registrerad för moms,Har aldrig varit registrerad som arbetsgivare,0 anställda,Postadress är OK,"Tar emot reklam, ej telefonnummerspärrat"
5595793703,165595793703,Grundbulten 160674 AB,,Övriga aktiebolag,Privat,2026-04-07,,,Normalläge,Har aldrig varit verksam,Okänd,00000,Växjö,Kronoberg,Växjö,BOX 427,351 06,VÄXJÖ,startaforetag@fortnox.se,,Har aldrig varit registrerad för F-skatt,Har aldrig varit registrerad för moms,Har aldrig varit registrerad som arbetsgivare,0 anställda,Postadress är OK,"Tar emot reklam, ej telefonnummerspärrat"
5595793711,165595793711,Grundbulten 160672 AB,,Övriga aktiebolag,Privat,2026-04-07,,,Normalläge,Har aldrig varit verksam,Okänd,00000,Växjö,Kronoberg,Växjö,BOX 427,351 06,VÄXJÖ,startaforetag@fortnox.se,,Har aldrig varit registrerad för F-skatt,Har aldrig varit registrerad för moms,Har aldrig varit registrerad som arbetsgivare,0 anställda,Postadress är OK,"Tar emot reklam, ej telefonnummerspärrat"
5595793729,165595793729,Grundbulten 160673 AB,,Övriga aktiebolag,Privat,2026-04-07,,,Normalläge,Har aldrig varit verksam,Okänd,00000,Växjö,Kronoberg,Växjö,BOX 427,351 06,VÄXJÖ,startaforetag@fortnox.se,,Har aldrig varit registrerad för F-skatt,Har aldrig varit registrerad för moms,Har aldrig varit registrerad som arbetsgivare,0 anställda,Postadress är OK,"Tar emot reklam, ej telefonnummerspärrat"
5595793737,165595793737,Grundbulten 160642 AB,,Övriga aktiebolag,Privat,2026-04-07,,,Normalläge,Har aldrig varit verksam,Okänd,00000,Växjö,Kronoberg,Växjö,BOX 427,351 06,VÄXJÖ,startaforetag@fortnox.se,,Har aldrig varit registrerad för F-skatt,Har aldrig varit registrerad för moms,Har aldrig varit registrerad som arbetsgivare,0 anställda,Postadress är OK,"Tar emot reklam, ej telefonnummerspärrat"
5595793745,165595793745,Grundbulten 160643 AB,,Övriga aktiebolag,Privat,2026-04-07,,,Normalläge,Har aldrig varit verksam,Okänd,00000,Växjö,Kronoberg,Växjö,BOX 427,351 06,VÄXJÖ,startaforetag@fortnox.se,,Har aldrig varit registrerad för F-skatt,Har aldrig varit registrerad för moms,Har aldrig varit registrerad som arbetsgivare,0 anställda,Postadress är OK,"Tar emot reklam, ej telefonnummerspärrat"
5595793752,165595793752,Grundbulten 160640 AB,,Övriga aktiebolag,Privat,2026-04-07,,,Normalläge,Har aldrig varit verksam,Okänd,00000,Växjö,Kronoberg,Växjö,BOX 427,351 06,VÄXJÖ,startaforetag@fortnox.se,,Har aldrig varit registrerad för F-skatt,Har aldrig varit registrerad för moms,Har aldrig varit registrerad som arbetsgivare,0 anställda,Postadress är OK,"Tar emot reklam, ej telefonnummerspärrat"
5595793760,165595793760,Grundbulten 160641 AB,,Övriga aktiebolag,Privat,2026-04-07,,,Normalläge,Har aldrig varit verksam,Okänd,00000,Växjö,Kronoberg,Växjö,BOX 427,351 06,VÄXJÖ,startaforetag@fortnox.se,,Har aldrig varit registrerad för F-skatt,Har aldrig varit registrerad för moms,Har aldrig varit registrerad som arbetsgivare,0 anställda,Postadress är OK,"Tar emot reklam, ej telefonnummerspärrat"
5595793778,165595793778,Grundbulten 160646 AB,,Övriga aktiebolag,Privat,2026-04-07,,,Normalläge,Har aldrig varit verksam,Okänd,00000,Växjö,Kronoberg,Växjö,BOX 427,351 06,VÄXJÖ,startaforetag@fortnox.se,,Har aldrig varit registrerad för F-skatt,Har aldrig varit registrerad för moms,Har aldrig varit registrerad som arbetsgivare,0 anställda,Postadress är OK,"Tar emot reklam, ej telefonnummerspärrat"
5595793786,165595793786,Grundbulten 160647 AB,,Övriga aktiebolag,Privat,2026-04-07,,,Normalläge,Har aldrig varit verksam,Okänd,00000,Växjö,Kronoberg,Växjö,BOX 427,351 06,VÄXJÖ,startaforetag@fortnox.se,,Har aldrig varit registrerad för F-skatt,Har aldrig varit registrerad för moms,Har aldrig varit registrerad som arbetsgivare,0 anställda,Postadress är OK,"Tar emot reklam, ej telefonnummerspärrat"
5595793794,165595793794,Grundbulten 160644 AB,,Övriga aktiebolag,Privat,2026-04-07,,,Normalläge,Har aldrig varit verksam,Okänd,00000,Växjö,Kronoberg,Växjö,BOX 427,351 06,VÄXJÖ,startaforetag@fortnox.se,,Har aldrig varit registrerad för F-skatt,Har aldrig varit registrerad för moms,Har aldrig varit registrerad som arbetsgivare,0 anställda,Postadress är OK,"Tar emot reklam, ej telefonnummerspärrat"
5595793802,165595793802,Grundbulten 160645 AB,,Övriga aktiebolag,Privat,2026-04-07,,,Normalläge,Har aldrig varit verksam,Okänd,00000,Växjö,Kronoberg,Växjö,BOX 427,351 06,VÄXJÖ,startaforetag@fortnox.se,,Har aldrig varit registrerad för F-skatt,Har aldrig varit registrerad för moms,Har aldrig varit registrerad som arbetsgivare,0 anställda,Postadress är OK,"Tar emot reklam, ej telefonnummerspärrat"
5595793810,165595793810,Grundbulten 160648 AB,,Övriga aktiebolag,Privat,2026-04-07,,,Normalläge,Har aldrig varit verksam,Okänd,00000,Växjö,Kronoberg,Växjö,BOX 427,351 06,VÄXJÖ,startaforetag@fortnox.se,,Har aldrig varit registrerad för F-skatt,Har aldrig varit registrerad för moms,Har aldrig varit registrerad som arbetsgivare,0 anställda,Postadress är OK,"Tar emot reklam, ej telefonnummerspärrat"
5595793828,165595793828,Grundbulten 160649 AB,,Övriga aktiebolag,Privat,2026-04-07,,,Normalläge,Har aldrig varit verksam,Okänd,00000,Växjö,Kronoberg,Växjö,BOX 427,351 06,VÄXJÖ,startaforetag@fortnox.se,,Har aldrig varit registrerad för F-skatt,Har aldrig varit registrerad för moms,Har aldrig varit registrerad som arbetsgivare,0 anställda,Postadress är OK,"Tar emot reklam, ej telefonnummerspärrat"
5595793836,165595793836,Grundbulten 160626 AB,,Övriga aktiebolag,Privat,2026-04-07,,,Normalläge,Har aldrig varit verksam,Okänd,00000,Växjö,Kronoberg,Växjö,BOX 427,351 06,VÄXJÖ,startaforetag@fortnox.se,,Har aldrig varit registrerad för F-skatt,Har aldrig varit registrerad för moms,Har aldrig varit registrerad som arbetsgivare,0 anställda,Postadress är OK,"Tar emot reklam, ej telefonnummerspärrat"
5595793844,165595793844,Grundbulten 160627 AB,,Övriga aktiebolag,Privat,2026-04-07,,,Normalläge,Har aldrig varit verksam,Okänd,00000,Växjö,Kronoberg,Växjö,BOX 427,351 06,VÄXJÖ,startaforetag@fortnox.se,,Har aldrig varit registrerad för F-skatt,Har aldrig varit registrerad för moms,Har aldrig varit registrerad som arbetsgivare,0 anställda,Postadress är OK,"Tar emot reklam, ej telefonnummerspärrat"
5595793851,165595793851,Grundbulten 160625 AB,,Övriga aktiebolag,Privat,2026-04-07,,,Normalläge,Har aldrig varit verksam,Okänd,00000,Växjö,Kronoberg,Växjö,BOX 427,351 06,VÄXJÖ,startaforetag@fortnox.se,,Har aldrig varit registrerad för F-skatt,Har aldrig varit registrerad för moms,Har aldrig varit registrerad som arbetsgivare,0 anställda,Postadress är OK,"Tar emot reklam, ej telefonnummerspärrat"
5595793869,165595793869,Grundbulten 160630 AB,,Övriga aktiebolag,Privat,2026-04-07,,,Normalläge,Har aldrig varit verksam,Okänd,00000,Växjö,Kronoberg,Växjö,BOX 427,351 06,VÄXJÖ,startaforetag@fortnox.se,,Har aldrig varit registrerad för F-skatt,Har aldrig varit registrerad för moms,Har aldrig varit registrerad som arbetsgivare,0 anställda,Postadress är OK,"Tar emot reklam, ej telefonnummerspärrat"
5595793877,165595793877,Grundbulten 160631 AB,,Övriga aktiebolag,Privat,2026-04-07,,,Normalläge,Har aldrig varit verksam,Okänd,00000,Växjö,Kronoberg,Växjö,BOX 427,351 06,VÄXJÖ,startaforetag@fortnox.se,,Har aldrig varit registrerad för F-skatt,Har aldrig varit registrerad för moms,Har aldrig varit registrerad som arbetsgivare,0 anställda,Postadress är OK,"Tar emot reklam, ej telefonnummerspärrat"
5595793885,165595793885,Grundbulten 160628 AB,,Övriga aktiebolag,Privat,2026-04-07,,,Normalläge,Har aldrig varit verksam,Okänd,00000,Växjö,Kronoberg,Växjö,BOX 427,351 06,VÄXJÖ,startaforetag@fortnox.se,,Har aldrig varit registrerad för F-skatt,Har aldrig varit registrerad för moms,Har aldrig varit registrerad som arbetsgivare,0 anställda,Postadress är OK,"Tar emot reklam, ej telefonnummerspärrat"
5595793893,165595793893,Grundbulten 160629 AB,,Övriga aktiebolag,Privat,2026-04-07,,,Normalläge,Har aldrig varit verksam,Okänd,00000,Växjö,Kronoberg,Växjö,BOX 427,351 06,VÄXJÖ,startaforetag@fortnox.se,,Har aldrig varit registrerad för F-skatt,Har aldrig varit registrerad för moms,Har aldrig varit registrerad som arbetsgivare,0 anställda,Postadress är OK,"Tar emot reklam, ej telefonnummerspärrat"
5595793901,165595793901,Grundbulten 160634 AB,,Övriga aktiebolag,Privat,2026-04-07,,,Normalläge,Har aldrig varit verksam,Okänd,00000,Växjö,Kronoberg,Växjö,BOX 427,351 06,VÄXJÖ,startaforetag@fortnox.se,,Har aldrig varit registrerad för F-skatt,Har aldrig varit registrerad för moms,Har aldrig varit registrerad som arbetsgivare,0 anställda,Postadress är OK,"Tar emot reklam, ej telefonnummerspärrat"
5595793919,165595793919,Grundbulten 160635 AB,,Övriga aktiebolag,Privat,2026-04-07,,,Normalläge,Har aldrig varit verksam,Okänd,00000,Växjö,Kronoberg,Växjö,BOX 427,351 06,VÄXJÖ,startaforetag@fortnox.se,,Har aldrig varit registrerad för F-skatt,Har aldrig varit registrerad för moms,Har aldrig varit registrerad som arbetsgivare,0 anställda,Postadress är OK,"Tar emot reklam, ej telefonnummerspärrat"
5595793927,165595793927,Grundbulten 160632 AB,,Övriga aktiebolag,Privat,2026-04-07,,,Normalläge,Har aldrig varit verksam,Okänd,00000,Växjö,Kronoberg,Växjö,BOX 427,351 06,VÄXJÖ,startaforetag@fortnox.se,,Har aldrig varit registrerad för F-skatt,Har aldrig varit registrerad för moms,Har aldrig varit registrerad som arbetsgivare,0 anställda,Postadress är OK,"Tar emot reklam, ej telefonnummerspärrat"
5595793935,165595793935,Grundbulten 160633 AB,,Övriga aktiebolag,Privat,2026-04-07,,,Normalläge,Har aldrig varit verksam,Okänd,00000,Växjö,Kronoberg,Växjö,BOX 427,351 06,VÄXJÖ,startaforetag@fortnox.se,,Har aldrig varit registrerad för F-skatt,Har aldrig varit registrerad för moms,Har aldrig varit registrerad som arbetsgivare,0 anställda,Postadress är OK,"Tar emot reklam, ej telefonnummerspärrat"
5595793943,165595793943,Grundbulten 160638 AB,,Övriga aktiebolag,Privat,2026-04-07,,,Normalläge,Har aldrig varit verksam,Okänd,00000,Växjö,Kronoberg,Växjö,BOX 427,351 06,VÄXJÖ,startaforetag@fortnox.se,,Har aldrig varit registrerad för F-skatt,Har aldrig varit registrerad för moms,Har aldrig varit registrerad som arbetsgivare,0 anställda,Postadress är OK,"Tar emot reklam, ej telefonnummerspärrat"
5595793950,165595793950,Grundbulten 160639 AB,,Övriga aktiebolag,Privat,2026-04-07,,,Normalläge,Har aldrig varit verksam,Okänd,00000,Växjö,Kronoberg,Växjö,BOX 427,351 06,VÄXJÖ,startaforetag@fortnox.se,,Har aldrig varit registrerad för F-skatt,Har aldrig varit registrerad för moms,Har aldrig varit registrerad som arbetsgivare,0 anställda,Postadress är OK,"Tar emot reklam, ej telefonnummerspärrat"
5595793968,165595793968,Grundbulten 160636 AB,,Övriga aktiebolag,Privat,2026-04-07,,,Normalläge,Har aldrig varit verksam,Okänd,00000,Växjö,Kronoberg,Växjö,BOX 427,351 06,VÄXJÖ,startaforetag@fortnox.se,,Har aldrig varit registrerad för F-skatt,Har aldrig varit registrerad för moms,Har aldrig varit registrerad som arbetsgivare,0 anställda,Postadress är OK,"Tar emot reklam, ej telefonnummerspärrat"
5595793976,165595793976,Grundbulten 160637 AB,,Övriga aktiebolag,Privat,2026-04-07,,,Normalläge,Har aldrig varit verksam,Okänd,00000,Växjö,Kronoberg,Växjö,BOX 427,351 06,VÄXJÖ,startaforetag@fortnox.se,,Har aldrig varit registrerad för F-skatt,Har aldrig varit registrerad för moms,Har aldrig varit registrerad som arbetsgivare,0 anställda,Postadress är OK,"Tar emot reklam, ej telefonnummerspärrat"
5595793984,165595793984,Grundbulten 160602 AB,,Övriga aktiebolag,Privat,2026-04-07,,,Normalläge,Har aldrig varit verksam,Okänd,00000,Växjö,Kronoberg,Växjö,BOX 427,351 06,VÄXJÖ,startaforetag@fortnox.se,,Har aldrig varit registrerad för F-skatt,Har aldrig varit registrerad för moms,Har aldrig varit registrerad som arbetsgivare,0 anställda,Postadress är OK,"Tar emot reklam, ej telefonnummerspärrat"
5595793992,165595793992,Grundbulten 160603 AB,,Övriga aktiebolag,Privat,2026-04-07,,,Normalläge,Har aldrig varit verksam,Okänd,00000,Växjö,Kronoberg,Växjö,BOX 427,351 06,VÄXJÖ,startaforetag@fortnox.se,,Har aldrig varit registrerad för F-skatt,Har aldrig varit registrerad för moms,Har aldrig varit registrerad som arbetsgivare,0 anställda,Postadress är OK,"Tar emot reklam, ej telefonnummerspärrat"
5595794008,165595794008,Grundbulten 160600 AB,,Övriga aktiebolag,Privat,2026-04-07,,,Normalläge,Har aldrig varit verksam,Okänd,00000,Växjö,Kronoberg,Växjö,BOX 427,351 06,VÄXJÖ,startaforetag@fortnox.se,,Har aldrig varit registrerad för F-skatt,Har aldrig varit registrerad för moms,Har aldrig varit registrerad som arbetsgivare,0 anställda,Postadress är OK,"Tar emot reklam, ej telefonnummerspärrat"
5595794016,165595794016,Grundbulten 160601 AB,,Övriga aktiebolag,Privat,2026-04-07,,,Normalläge,Har aldrig varit verksam,Okänd,00000,Växjö,Kronoberg,Växjö,BOX 427,351 06,VÄXJÖ,startaforetag@fortnox.se,,Har aldrig varit registrerad för F-skatt,Har aldrig varit registrerad för moms,Har aldrig varit registrerad som arbetsgivare,0 anställda,Postadress är OK,"Tar emot reklam, ej telefonnummerspärrat"
5595794024,165595794024,Grundbulten 160606 AB,,Övriga aktiebolag,Privat,2026-04-07,,,Normalläge,Har aldrig varit verksam,Okänd,00000,Växjö,Kronoberg,Växjö,BOX 427,351 06,VÄXJÖ,startaforetag@fortnox.se,,Har aldrig varit registrerad för F-skatt,Har aldrig varit registrerad för moms,Har aldrig varit registrerad som arbetsgivare,0 anställda,Postadress är OK,"Tar emot reklam, ej telefonnummerspärrat"
5595794032,165595794032,Grundbulten 160607 AB,,Övriga aktiebolag,Privat,2026-04-07,,,Normalläge,Har aldrig varit verksam,Okänd,00000,Växjö,Kronoberg,Växjö,BOX 427,351 06,VÄXJÖ,startaforetag@fortnox.se,,Har aldrig varit registrerad för F-skatt,Har aldrig varit registrerad för moms,Har aldrig varit registrerad som arbetsgivare,0 anställda,Postadress är OK,"Tar emot reklam, ej telefonnummerspärrat"
5595794040,165595794040,Grundbulten 160604 AB,,Övriga aktiebolag,Privat,2026-04-07,,,Normalläge,Har aldrig varit verksam,Okänd,00000,Växjö,Kronoberg,Växjö,BOX 427,351 06,VÄXJÖ,startaforetag@fortnox.se,,Har aldrig varit registrerad för F-skatt,Har aldrig varit registrerad för moms,Har aldrig varit registrerad som arbetsgivare,0 anställda,Postadress är OK,"Tar emot reklam, ej telefonnummerspärrat"
5595794057,165595794057,Grundbulten 160605 AB,,Övriga aktiebolag,Privat,2026-04-07,,,Normalläge,Har aldrig varit verksam,Okänd,00000,Växjö,Kronoberg,Växjö,BOX 427,351 06,VÄXJÖ,startaforetag@fortnox.se,,Har aldrig varit registrerad för F-skatt,Har aldrig varit registrerad för moms,Har aldrig varit registrerad som arbetsgivare,0 anställda,Postadress är OK,"Tar emot reklam, ej telefonnummerspärrat"
5595794065,165595794065,Grundbulten 160610 AB,,Övriga aktiebolag,Privat,2026-04-07,,,Normalläge,Har aldrig varit verksam,Okänd,00000,Växjö,Kronoberg,Växjö,BOX 427,351 06,VÄXJÖ,startaforetag@fortnox.se,,Har aldrig varit registrerad för F-skatt,Har aldrig varit registrerad för moms,Har aldrig varit registrerad som arbetsgivare,0 anställda,Postadress är OK,"Tar emot reklam, ej telefonnummerspärrat"
5595794073,165595794073,Grundbulten 160611 AB,,Övriga aktiebolag,Privat,2026-04-07,,,Normalläge,Har aldrig varit verksam,Okänd,00000,Växjö,Kronoberg,Växjö,BOX 427,351 06,VÄXJÖ,startaforetag@fortnox.se,,Har aldrig varit registrerad för F-skatt,Har aldrig varit registrerad för moms,Har aldrig varit registrerad som arbetsgivare,0 anställda,Postadress är OK,"Tar emot reklam, ej telefonnummerspärrat"
5595794081,165595794081,Grundbulten 160608 AB,,Övriga aktiebolag,Privat,2026-04-07,,,Normalläge,Har aldrig varit verksam,Okänd,00000,Växjö,Kronoberg,Växjö,BOX 427,351 06,VÄXJÖ,startaforetag@fortnox.se,,Har aldrig varit registrerad för F-skatt,Har aldrig varit registrerad för moms,Har aldrig varit registrerad som arbetsgivare,0 anställda,Postadress är OK,"Tar emot reklam, ej telefonnummerspärrat"
5595794099,165595794099,Grundbulten 160609 AB,,Övriga aktiebolag,Privat,2026-04-07,,,Normalläge,Har aldrig varit verksam,Okänd,00000,Växjö,Kronoberg,Växjö,BOX 427,351 06,VÄXJÖ,startaforetag@fortnox.se,,Har aldrig varit registrerad för F-skatt,Har aldrig varit registrerad för moms,Har aldrig varit registrerad som arbetsgivare,0 anställda,Postadress är OK,"Tar emot reklam, ej telefonnummerspärrat"
5595794107,165595794107,Grundbulten 160614 AB,,Övriga aktiebolag,Privat,2026-04-07,,,Normalläge,Har aldrig varit verksam,Okänd,00000,Växjö,Kronoberg,Växjö,BOX 427,351 06,VÄXJÖ,startaforetag@fortnox.se,,Har aldrig varit registrerad för F-skatt,Har aldrig varit registrerad för moms,Har aldrig varit registrerad som arbetsgivare,0 anställda,Postadress är OK,"Tar emot reklam, ej telefonnummerspärrat"
5595794115,165595794115,Grundbulten 160615 AB,,Övriga aktiebolag,Privat,2026-04-07,,,Normalläge,Har aldrig varit verksam,Okänd,00000,Växjö,Kronoberg,Växjö,BOX 427,351 06,VÄXJÖ,startaforetag@fortnox.se,,Har aldrig varit registrerad för F-skatt,Har aldrig varit registrerad för moms,Har aldrig varit registrerad som arbetsgivare,0 anställda,Postadress är OK,"Tar emot reklam, ej telefonnummerspärrat"
5595794123,165595794123,Grundbulten 160612 AB,,Övriga aktiebolag,Privat,2026-04-07,,,Normalläge,Har aldrig varit verksam,Okänd,00000,Växjö,Kronoberg,Växjö,BOX 427,351 06,VÄXJÖ,startaforetag@fortnox.se,,Har aldrig varit registrerad för F-skatt,Har aldrig varit registrerad för moms,Har aldrig varit registrerad som arbetsgivare,0 anställda,Postadress är OK,"Tar emot reklam, ej telefonnummerspärrat"
5595794131,165595794131,Grundbulten 160613 AB,,Övriga aktiebolag,Privat,2026-04-07,,,Normalläge,Har aldrig varit verksam,Okänd,00000,Växjö,Kronoberg,Växjö,BOX 427,351 06,VÄXJÖ,startaforetag@fortnox.se,,Har aldrig varit registrerad för F-skatt,Har aldrig varit registrerad för moms,Har aldrig varit registrerad som arbetsgivare,0 anställda,Postadress är OK,"Tar emot reklam, ej telefonnummerspärrat"
5595794149,165595794149,Grundbulten 160618 AB,,Övriga aktiebolag,Privat,2026-04-07,,,Normalläge,Har aldrig varit verksam,Okänd,00000,Växjö,Kronoberg,Växjö,BOX 427,351 06,VÄXJÖ,startaforetag@fortnox.se,,Har aldrig varit registrerad för F-skatt,Har aldrig varit registrerad för moms,Har aldrig varit registrerad som arbetsgivare,0 anställda,Postadress är OK,"Tar emot reklam, ej telefonnummerspärrat"
5595794156,165595794156,Grundbulten 160619 AB,,Övriga aktiebolag,Privat,2026-04-07,,,Normalläge,Har aldrig varit verksam,Okänd,00000,Växjö,Kronoberg,Växjö,BOX 427,351 06,VÄXJÖ,startaforetag@fortnox.se,,Har aldrig varit registrerad för F-skatt,Har aldrig varit registrerad för moms,Har aldrig varit registrerad som arbetsgivare,0 anställda,Postadress är OK,"Tar emot reklam, ej telefonnummerspärrat"
5595794164,165595794164,Grundbulten 160616 AB,,Övriga aktiebolag,Privat,2026-04-07,,,Normalläge,Har aldrig varit verksam,Okänd,00000,Växjö,Kronoberg,Växjö,BOX 427,351 06,VÄXJÖ,startaforetag@fortnox.se,,Har aldrig varit registrerad för F-skatt,Har aldrig varit registrerad för moms,Har aldrig varit registrerad som arbetsgivare,0 anställda,Postadress är OK,"Tar emot reklam, ej telefonnummerspärrat"
5595794172,165595794172,Grundbulten 160617 AB,,Övriga aktiebolag,Privat,2026-04-07,,,Normalläge,Har aldrig varit verksam,Okänd,00000,Växjö,Kronoberg,Växjö,BOX 427,351 06,VÄXJÖ,startaforetag@fortnox.se,,Har aldrig varit registrerad för F-skatt,Har aldrig varit registrerad för moms,Har aldrig varit registrerad som arbetsgivare,0 anställda,Postadress är OK,"Tar emot reklam, ej telefonnummerspärrat"
5595794180,165595794180,Grundbulten 160622 AB,,Övriga aktiebolag,Privat,2026-04-07,,,Normalläge,Har aldrig varit verksam,Okänd,00000,Växjö,Kronoberg,Växjö,BOX 427,351 06,VÄXJÖ,startaforetag@fortnox.se,,Har aldrig varit registrerad för F-skatt,Har aldrig varit registrerad för moms,Har aldrig varit registrerad som arbetsgivare,0 anställda,Postadress är OK,"Tar emot reklam, ej telefonnummerspärrat"
5595794198,165595794198,Grundbulten 160623 AB,,Övriga aktiebolag,Privat,2026-04-07,,,Normalläge,Har aldrig varit verksam,Okänd,00000,Växjö,Kronoberg,Växjö,BOX 427,351 06,VÄXJÖ,startaforetag@fortnox.se,,Har aldrig varit registrerad för F-skatt,Har aldrig varit registrerad för moms,Har aldrig varit registrerad som arbetsgivare,0 anställda,Postadress är OK,"Tar emot reklam, ej telefonnummerspärrat"
5595794206,165595794206,Grundbulten 160620 AB,,Övriga aktiebolag,Privat,2026-04-07,,,Normalläge,Har aldrig varit verksam,Okänd,00000,Växjö,Kronoberg,Växjö,BOX 427,351 06,VÄXJÖ,startaforetag@fortnox.se,,Har aldrig varit registrerad för F-skatt,Har aldrig varit registrerad för moms,Har aldrig varit registrerad som arbetsgivare,0 anställda,Postadress är OK,"Tar emot reklam, ej telefonnummerspärrat"
5595794214,165595794214,Grundbulten 160621 AB,,Övriga aktiebolag,Privat,2026-04-07,,,Normalläge,Har aldrig varit verksam,Okänd,00000,Växjö,Kronoberg,Växjö,BOX 427,351 06,VÄXJÖ,startaforetag@fortnox.se,,Har aldrig varit registrerad för F-skatt,Har aldrig varit registrerad för moms,Har aldrig varit registrerad som arbetsgivare,0 anställda,Postadress är OK,"Tar emot reklam, ej telefonnummerspärrat"
5595794222,165595794222,Grundbulten 160624 AB,,Övriga aktiebolag,Privat,2026-04-07,,,Normalläge,Har aldrig varit verksam,Okänd,00000,Växjö,Kronoberg,Växjö,BOX 427,351 06,VÄXJÖ,startaforetag@fortnox.se,,Har aldrig varit registrerad för F-skatt,Har aldrig varit registrerad för moms,Har aldrig varit registrerad som arbetsgivare,0 anställda,Postadress är OK,"Tar emot reklam, ej telefonnummerspärrat"
5595794230,165595794230,Grundbulten 160578 AB,,Övriga aktiebolag,Privat,2026-04-07,,,Normalläge,Har aldrig varit verksam,Okänd,00000,Växjö,Kronoberg,Växjö,BOX 427,351 06,VÄXJÖ,startaforetag@fortnox.se,,Har aldrig varit registrerad för F-skatt,Har aldrig varit registrerad för moms,Har aldrig varit registrerad som arbetsgivare,0 anställda,Postadress är OK,"Tar emot reklam, ej telefonnummerspärrat"
5595794248,165595794248,Grundbulten 160579 AB,,Övriga aktiebolag,Privat,2026-04-07,,,Normalläge,Har aldrig varit verksam,Okänd,00000,Växjö,Kronoberg,Växjö,BOX 427,351 06,VÄXJÖ,startaforetag@fortnox.se,,Har aldrig varit registrerad för F-skatt,Har aldrig varit registrerad för moms,Har aldrig varit registrerad som arbetsgivare,0 anställda,Postadress är OK,"Tar emot reklam, ej telefonnummerspärrat"
5595794255,165595794255,Grundbulten 160576 AB,,Övriga aktiebolag,Privat,2026-04-07,,,Normalläge,Har aldrig varit verksam,Okänd,00000,Växjö,Kronoberg,Växjö,BOX 427,351 06,VÄXJÖ,startaforetag@fortnox.se,,Har aldrig varit registrerad för F-skatt,Har aldrig varit registrerad för moms,Har aldrig varit registrerad som arbetsgivare,0 anställda,Postadress är OK,"Tar emot reklam, ej telefonnummerspärrat"
5595794263,165595794263,Grundbulten 160577 AB,,Övriga aktiebolag,Privat,2026-04-07,,,Normalläge,Har aldrig varit verksam,Okänd,00000,Växjö,Kronoberg,Växjö,BOX 427,351 06,VÄXJÖ,startaforetag@fortnox.se,,Har aldrig varit registrerad för F-skatt,Har aldrig varit registrerad för moms,Har aldrig varit registrerad som arbetsgivare,0 anställda,Postadress är OK,"Tar emot reklam, ej telefonnummerspärrat"
5595794271,165595794271,Grundbulten 160582 AB,,Övriga aktiebolag,Privat,2026-04-07,,,Normalläge,Har aldrig varit verksam,Okänd,00000,Växjö,Kronoberg,Växjö,BOX 427,351 06,VÄXJÖ,startaforetag@fortnox.se,,Har aldrig varit registrerad för F-skatt,Har aldrig varit registrerad för moms,Har aldrig varit registrerad som arbetsgivare,0 anställda,Postadress är OK,"Tar emot reklam, ej telefonnummerspärrat"
5595794289,165595794289,Grundbulten 160583 AB,,Övriga aktiebolag,Privat,2026-04-07,,,Normalläge,Har aldrig varit verksam,Okänd,00000,Växjö,Kronoberg,Växjö,BOX 427,351 06,VÄXJÖ,startaforetag@fortnox.se,,Har aldrig varit registrerad för F-skatt,Har aldrig varit registrerad för moms,Har aldrig varit registrerad som arbetsgivare,0 anställda,Postadress är OK,"Tar emot reklam, ej telefonnummerspärrat"
5595794297,165595794297,Grundbulten 160580 AB,,Övriga aktiebolag,Privat,2026-04-07,,,Normalläge,Har aldrig varit verksam,Okänd,00000,Växjö,Kronoberg,Växjö,BOX 427,351 06,VÄXJÖ,startaforetag@fortnox.se,,Har aldrig varit registrerad för F-skatt,Har aldrig varit registrerad för moms,Har aldrig varit registrerad som arbetsgivare,0 anställda,Postadress är OK,"Tar emot reklam, ej telefonnummerspärrat"
5595794305,165595794305,Grundbulten 160581 AB,,Övriga aktiebolag,Privat,2026-04-07,,,Normalläge,Har aldrig varit verksam,Okänd,00000,Växjö,Kronoberg,Växjö,BOX 427,351 06,VÄXJÖ,startaforetag@fortnox.se,,Har aldrig varit registrerad för F-skatt,Har aldrig varit registrerad för moms,Har aldrig varit registrerad som arbetsgivare,0 anställda,Postadress är OK,"Tar emot reklam, ej telefonnummerspärrat"
5595794313,165595794313,Grundbulten 160586 AB,,Övriga aktiebolag,Privat,2026-04-07,,,Normalläge,Har aldrig varit verksam,Okänd,00000,Växjö,Kronoberg,Växjö,BOX 427,351 06,VÄXJÖ,startaforetag@fortnox.se,,Har aldrig varit registrerad för F-skatt,Har aldrig varit registrerad för moms,Har aldrig varit registrerad som arbetsgivare,0 anställda,Postadress är OK,"Tar emot reklam, ej telefonnummerspärrat"
5595794321,165595794321,Grundbulten 160587 AB,,Övriga aktiebolag,Privat,2026-04-07,,,Normalläge,Har aldrig varit verksam,Okänd,00000,Växjö,Kronoberg,Växjö,BOX 427,351 06,VÄXJÖ,startaforetag@fortnox.se,,Har aldrig varit registrerad för F-skatt,Har aldrig varit registrerad för moms,Har aldrig varit registrerad som arbetsgivare,0 anställda,Postadress är OK,"Tar emot reklam, ej telefonnummerspärrat"
5595794339,165595794339,Grundbulten 160584 AB,,Övriga aktiebolag,Privat,2026-04-07,,,Normalläge,Har aldrig varit verksam,Okänd,00000,Växjö,Kronoberg,Växjö,BOX 427,351 06,VÄXJÖ,startaforetag@fortnox.se,,Har aldrig varit registrerad för F-skatt,Har aldrig varit registrerad för moms,Har aldrig varit registrerad som arbetsgivare,0 anställda,Postadress är OK,"Tar emot reklam, ej telefonnummerspärrat"
5595794347,165595794347,Grundbulten 160585 AB,,Övriga aktiebolag,Privat,2026-04-07,,,Normalläge,Har aldrig varit verksam,Okänd,00000,Växjö,Kronoberg,Växjö,BOX 427,351 06,VÄXJÖ,startaforetag@fortnox.se,,Har aldrig varit registrerad för F-skatt,Har aldrig varit registrerad för moms,Har aldrig varit registrerad som arbetsgivare,0 anställda,Postadress är OK,"Tar emot reklam, ej telefonnummerspärrat"
5595794354,165595794354,Grundbulten 160590 AB,,Övriga aktiebolag,Privat,2026-04-07,,,Normalläge,Har aldrig varit verksam,Okänd,00000,Växjö,Kronoberg,Växjö,BOX 427,351 06,VÄXJÖ,startaforetag@fortnox.se,,Har aldrig varit registrerad för F-skatt,Har aldrig varit registrerad för moms,Har aldrig varit registrerad som arbetsgivare,0 anställda,Postadress är OK,"Tar emot reklam, ej telefonnummerspärrat"
5595794362,165595794362,Grundbulten 160591 AB,,Övriga aktiebolag,Privat,2026-04-07,,,Normalläge,Har aldrig varit verksam,Okänd,00000,Växjö,Kronoberg,Växjö,BOX 427,351 06,VÄXJÖ,startaforetag@fortnox.se,,Har aldrig varit registrerad för F-skatt,Har aldrig varit registrerad för moms,Har aldrig varit registrerad som arbetsgivare,0 anställda,Postadress är OK,"Tar emot reklam, ej telefonnummerspärrat"
5595794370,165595794370,Grundbulten 160588 AB,,Övriga aktiebolag,Privat,2026-04-07,,,Normalläge,Har aldrig varit verksam,Okänd,00000,Växjö,Kronoberg,Växjö,BOX 427,351 06,VÄXJÖ,startaforetag@fortnox.se,,Har aldrig varit registrerad för F-skatt,Har aldrig varit registrerad för moms,Har aldrig varit registrerad som arbetsgivare,0 anställda,Postadress är OK,"Tar emot reklam, ej telefonnummerspärrat"
5595794388,165595794388,Grundbulten 160589 AB,,Övriga aktiebolag,Privat,2026-04-07,,,Normalläge,Har aldrig varit verksam,Okänd,00000,Växjö,Kronoberg,Växjö,BOX 427,351 06,VÄXJÖ,startaforetag@fortnox.se,,Har aldrig varit registrerad för F-skatt,Har aldrig varit registrerad för moms,Har aldrig varit registrerad som arbetsgivare,0 anställda,Postadress är OK,"Tar emot reklam, ej telefonnummerspärrat"
5595794396,165595794396,Grundbulten 160594 AB,,Övriga aktiebolag,Privat,2026-04-07,,,Normalläge,Har aldrig varit verksam,Okänd,00000,Växjö,Kronoberg,Växjö,BOX 427,351 06,VÄXJÖ,startaforetag@fortnox.se,,Har aldrig varit registrerad för F-skatt,Har aldrig varit registrerad för moms,Har aldrig varit registrerad som arbetsgivare,0 anställda,Postadress är OK,"Tar emot reklam, ej telefonnummerspärrat"
5595794404,165595794404,Grundbulten 160595 AB,,Övriga aktiebolag,Privat,2026-04-07,,,Normalläge,Har aldrig varit verksam,Okänd,00000,Växjö,Kronoberg,Växjö,BOX 427,351 06,VÄXJÖ,startaforetag@fortnox.se,,Har aldrig varit registrerad för F-skatt,Har aldrig varit registrerad för moms,Har aldrig varit registrerad som arbetsgivare,0 anställda,Postadress är OK,"Tar emot reklam, ej telefonnummerspärrat"
5595794412,165595794412,Grundbulten 160592 AB,,Övriga aktiebolag,Privat,2026-04-07,,,Normalläge,Har aldrig varit verksam,Okänd,00000,Växjö,Kronoberg,Växjö,BOX 427,351 06,VÄXJÖ,startaforetag@fortnox.se,,Har aldrig varit registrerad för F-skatt,Har aldrig varit registrerad för moms,Har aldrig varit registrerad som arbetsgivare,0 anställda,Postadress är OK,"Tar emot reklam, ej telefonnummerspärrat"
5595794420,165595794420,Grundbulten 160593 AB,,Övriga aktiebolag,Privat,2026-04-07,,,Normalläge,Har aldrig varit verksam,Okänd,00000,Växjö,Kronoberg,Växjö,BOX 427,351 06,VÄXJÖ,startaforetag@fortnox.se,,Har aldrig varit registrerad för F-skatt,Har aldrig varit registrerad för moms,Har aldrig varit registrerad som arbetsgivare,0 anställda,Postadress är OK,"Tar emot reklam, ej telefonnummerspärrat"
5595794438,165595794438,Grundbulten 160598 AB,,Övriga aktiebolag,Privat,2026-04-07,,,Normalläge,Har aldrig varit verksam,Okänd,00000,Växjö,Kronoberg,Växjö,BOX 427,351 06,VÄXJÖ,startaforetag@fortnox.se,,Har aldrig varit registrerad för F-skatt,Har aldrig varit registrerad för moms,Har aldrig varit registrerad som arbetsgivare,0 anställda,Postadress är OK,"Tar emot reklam, ej telefonnummerspärrat"
5595794446,165595794446,Grundbulten 160599 AB,,Övriga aktiebolag,Privat,2026-04-07,,,Normalläge,Har aldrig varit verksam,Okänd,00000,Växjö,Kronoberg,Växjö,BOX 427,351 06,VÄXJÖ,startaforetag@fortnox.se,,Har aldrig varit registrerad för F-skatt,Har aldrig varit registrerad för moms,Har aldrig varit registrerad som arbetsgivare,0 anställda,Postadress är OK,"Tar emot reklam, ej telefonnummerspärrat"
5595794453,165595794453,Grundbulten 160596 AB,,Övriga aktiebolag,Privat,2026-04-07,,,Normalläge,Har aldrig varit verksam,Okänd,00000,Växjö,Kronoberg,Växjö,BOX 427,351 06,VÄXJÖ,startaforetag@fortnox.se,,Har aldrig varit registrerad för F-skatt,Har aldrig varit registrerad för moms,Har aldrig varit registrerad som arbetsgivare,0 anställda,Postadress är OK,"Tar emot reklam, ej telefonnummerspärrat"
5595794461,165595794461,Grundbulten 160597 AB,,Övriga aktiebolag,Privat,2026-04-07,,,Normalläge,Har aldrig varit verksam,Okänd,00000,Växjö,Kronoberg,Växjö,BOX 427,351 06,VÄXJÖ,startaforetag@fortnox.se,,Har aldrig varit registrerad för F-skatt,Har aldrig varit registrerad för moms,Har aldrig varit registrerad som arbetsgivare,0 anställda,Postadress är OK,"Tar emot reklam, ej telefonnummerspärrat"
5595794479,165595794479,Grundbulten 160575 AB,,Övriga aktiebolag,Privat,2026-04-07,,,Normalläge,Har aldrig varit verksam,Okänd,00000,Växjö,Kronoberg,Växjö,BOX 427,351 06,VÄXJÖ,startaforetag@fortnox.se,,Har aldrig varit registrerad för F-skatt,Har aldrig varit registrerad för moms,Har aldrig varit registrerad som arbetsgivare,0 anställda,Postadress är OK,"Tar emot reklam, ej telefonnummerspärrat"
5595794487,165595794487,Grundbulten 160550 AB,,Övriga aktiebolag,Privat,2026-04-07,,,Normalläge,Har aldrig varit verksam,Okänd,00000,Växjö,Kronoberg,Växjö,BOX 427,351 06,VÄXJÖ,startaforetag@fortnox.se,,Har aldrig varit registrerad för F-skatt,Har aldrig varit registrerad för moms,Har aldrig varit registrerad som arbetsgivare,0 anställda,Postadress är OK,"Tar emot reklam, ej telefonnummerspärrat"
5595794495,165595794495,Grundbulten 160551 AB,,Övriga aktiebolag,Privat,2026-04-07,,,Normalläge,Har aldrig varit verksam,Okänd,00000,Växjö,Kronoberg,Växjö,BOX 427,351 06,VÄXJÖ,startaforetag@fortnox.se,,Har aldrig varit registrerad för F-skatt,Har aldrig varit registrerad för moms,Har aldrig varit registrerad som arbetsgivare,0 anställda,Postadress är OK,"Tar emot reklam, ej telefonnummerspärrat"
5595794503,165595794503,Grundbulten 160554 AB,,Övriga aktiebolag,Privat,2026-04-07,,,Normalläge,Har aldrig varit verksam,Okänd,00000,Växjö,Kronoberg,Växjö,BOX 427,351 06,VÄXJÖ,startaforetag@fortnox.se,,Har aldrig varit registrerad för F-skatt,Har aldrig varit registrerad för moms,Har aldrig varit registrerad som arbetsgivare,0 anställda,Postadress är OK,"Tar emot reklam, ej telefonnummerspärrat"
5595794511,165595794511,Grundbulten 160555 AB,,Övriga aktiebolag,Privat,2026-04-07,,,Normalläge,Har aldrig varit verksam,Okänd,00000,Växjö,Kronoberg,Växjö,BOX 427,351 06,VÄXJÖ,startaforetag@fortnox.se,,Har aldrig varit registrerad för F-skatt,Har aldrig varit registrerad för moms,Har aldrig varit registrerad som arbetsgivare,0 anställda,Postadress är OK,"Tar emot reklam, ej telefonnummerspärrat"
5595794529,165595794529,Grundbulten 160552 AB,,Övriga aktiebolag,Privat,2026-04-07,,,Normalläge,Har aldrig varit verksam,Okänd,00000,Växjö,Kronoberg,Växjö,BOX 427,351 06,VÄXJÖ,startaforetag@fortnox.se,,Har aldrig varit registrerad för F-skatt,Har aldrig varit registrerad för moms,Har aldrig varit registrerad som arbetsgivare,0 anställda,Postadress är OK,"Tar emot reklam, ej telefonnummerspärrat"
5595794537,165595794537,Grundbulten 160553 AB,,Övriga aktiebolag,Privat,2026-04-07,,,Normalläge,Har aldrig varit verksam,Okänd,00000,Växjö,Kronoberg,Växjö,BOX 427,351 06,VÄXJÖ,startaforetag@fortnox.se,,Har aldrig varit registrerad för F-skatt,Har aldrig varit registrerad för moms,Har aldrig varit registrerad som arbetsgivare,0 anställda,Postadress är OK,"Tar emot reklam, ej telefonnummerspärrat"
5595794545,165595794545,Grundbulten 160558 AB,,Övriga aktiebolag,Privat,2026-04-07,,,Normalläge,Har aldrig varit verksam,Okänd,00000,Växjö,Kronoberg,Växjö,BOX 427,351 06,VÄXJÖ,startaforetag@fortnox.se,,Har aldrig varit registrerad för F-skatt,Har aldrig varit registrerad för moms,Har aldrig varit registrerad som arbetsgivare,0 anställda,Postadress är OK,"Tar emot reklam, ej telefonnummerspärrat"
5595794552,165595794552,Grundbulten 160559 AB,,Övriga aktiebolag,Privat,2026-04-07,,,Normalläge,Har aldrig varit verksam,Okänd,00000,Växjö,Kronoberg,Växjö,BOX 427,351 06,VÄXJÖ,startaforetag@fortnox.se,,Har aldrig varit registrerad för F-skatt,Har aldrig varit registrerad för moms,Har aldrig varit registrerad som arbetsgivare,0 anställda,Postadress är OK,"Tar emot reklam, ej telefonnummerspärrat"
5595794560,165595794560,Grundbulten 160556 AB,,Övriga aktiebolag,Privat,2026-04-07,,,Normalläge,Har aldrig varit verksam,Okänd,00000,Växjö,Kronoberg,Växjö,BOX 427,351 06,VÄXJÖ,startaforetag@fortnox.se,,Har aldrig varit registrerad för F-skatt,Har aldrig varit registrerad för moms,Har aldrig varit registrerad som arbetsgivare,0 anställda,Postadress är OK,"Tar emot reklam, ej telefonnummerspärrat"
5595794578,165595794578,Grundbulten 160557 AB,,Övriga aktiebolag,Privat,2026-04-07,,,Normalläge,Har aldrig varit verksam,Okänd,00000,Växjö,Kronoberg,Växjö,BOX 427,351 06,VÄXJÖ,startaforetag@fortnox.se,,Har aldrig varit registrerad för F-skatt,Har aldrig varit registrerad för moms,Har aldrig varit registrerad som arbetsgivare,0 anställda,Postadress är OK,"Tar emot reklam, ej telefonnummerspärrat"
5595794586,165595794586,Grundbulten 160562 AB,,Övriga aktiebolag,Privat,2026-04-07,,,Normalläge,Har aldrig varit verksam,Okänd,00000,Växjö,Kronoberg,Växjö,BOX 427,351 06,VÄXJÖ,startaforetag@fortnox.se,,Har aldrig varit registrerad för F-skatt,Har aldrig varit registrerad för moms,Har aldrig varit registrerad som arbetsgivare,0 anställda,Postadress är OK,"Tar emot reklam, ej telefonnummerspärrat"
5595794594,165595794594,Grundbulten 160563 AB,,Övriga aktiebolag,Privat,2026-04-07,,,Normalläge,Har aldrig varit verksam,Okänd,00000,Växjö,Kronoberg,Växjö,BOX 427,351 06,VÄXJÖ,startaforetag@fortnox.se,,Har aldrig varit registrerad för F-skatt,Har aldrig varit registrerad för moms,Har aldrig varit registrerad som arbetsgivare,0 anställda,Postadress är OK,"Tar emot reklam, ej telefonnummerspärrat"
5595794602,165595794602,Grundbulten 160560 AB,,Övriga aktiebolag,Privat,2026-04-07,,,Normalläge,Har aldrig varit verksam,Okänd,00000,Växjö,Kronoberg,Växjö,BOX 427,351 06,VÄXJÖ,startaforetag@fortnox.se,,Har aldrig varit registrerad för F-skatt,Har aldrig varit registrerad för moms,Har aldrig varit registrerad som arbetsgivare,0 anställda,Postadress är OK,"Tar emot reklam, ej telefonnummerspärrat"
5595794610,165595794610,Grundbulten 160561 AB,,Övriga aktiebolag,Privat,2026-04-07,,,Normalläge,Har aldrig varit verksam,Okänd,00000,Växjö,Kronoberg,Växjö,BOX 427,351 06,VÄXJÖ,startaforetag@fortnox.se,,Har aldrig varit registrerad för F-skatt,Har aldrig varit registrerad för moms,Har aldrig varit registrerad som arbetsgivare,0 anställda,Postadress är OK,"Tar emot reklam, ej telefonnummerspärrat"
5595794628,165595794628,Grundbulten 160566 AB,,Övriga aktiebolag,Privat,2026-04-07,,,Normalläge,Har aldrig varit verksam,Okänd,00000,Växjö,Kronoberg,Växjö,BOX 427,351 06,VÄXJÖ,startaforetag@fortnox.se,,Har aldrig varit registrerad för F-skatt,Har aldrig varit registrerad för moms,Har aldrig varit registrerad som arbetsgivare,0 anställda,Postadress är OK,"Tar emot reklam, ej telefonnummerspärrat"
5595794636,165595794636,Grundbulten 160567 AB,,Övriga aktiebolag,Privat,2026-04-07,,,Normalläge,Har aldrig varit verksam,Okänd,00000,Växjö,Kronoberg,Växjö,BOX 427,351 06,VÄXJÖ,startaforetag@fortnox.se,,Har aldrig varit registrerad för F-skatt,Har aldrig varit registrerad för moms,Har aldrig varit registrerad som arbetsgivare,0 anställda,Postadress är OK,"Tar emot reklam, ej telefonnummerspärrat"
5595794644,165595794644,Grundbulten 160564 AB,,Övriga aktiebolag,Privat,2026-04-07,,,Normalläge,Har aldrig varit verksam,Okänd,00000,Växjö,Kronoberg,Växjö,BOX 427,351 06,VÄXJÖ,startaforetag@fortnox.se,,Har aldrig varit registrerad för F-skatt,Har aldrig varit registrerad för moms,Har aldrig varit registrerad som arbetsgivare,0 anställda,Postadress är OK,"Tar emot reklam, ej telefonnummerspärrat"
5595794651,165595794651,Grundbulten 160565 AB,,Övriga aktiebolag,Privat,2026-04-07,,,Normalläge,Har aldrig varit verksam,Okänd,00000,Växjö,Kronoberg,Växjö,BOX 427,351 06,VÄXJÖ,startaforetag@fortnox.se,,Har aldrig varit registrerad för F-skatt,Har aldrig varit registrerad för moms,Har aldrig varit registrerad som arbetsgivare,0 anställda,Postadress är OK,"Tar emot reklam, ej telefonnummerspärrat"
5595794669,165595794669,Grundbulten 160570 AB,,Övriga aktiebolag,Privat,2026-04-07,,,Normalläge,Har aldrig varit verksam,Okänd,00000,Växjö,Kronoberg,Växjö,BOX 427,351 06,VÄXJÖ,startaforetag@fortnox.se,,Har aldrig varit registrerad för F-skatt,Har aldrig varit registrerad för moms,Har aldrig varit registrerad som arbetsgivare,0 anställda,Postadress är OK,"Tar emot reklam, ej telefonnummerspärrat"
5595794677,165595794677,Grundbulten 160571 AB,,Övriga aktiebolag,Privat,2026-04-07,,,Normalläge,Har aldrig varit verksam,Okänd,00000,Växjö,Kronoberg,Växjö,BOX 427,351 06,VÄXJÖ,startaforetag@fortnox.se,,Har aldrig varit registrerad för F-skatt,Har aldrig varit registrerad för moms,Har aldrig varit registrerad som arbetsgivare,0 anställda,Postadress är OK,"Tar emot reklam, ej telefonnummerspärrat"
5595794685,165595794685,Grundbulten 160568 AB,,Övriga aktiebolag,Privat,2026-04-07,,,Normalläge,Har aldrig varit verksam,Okänd,00000,Växjö,Kronoberg,Växjö,BOX 427,351 06,VÄXJÖ,startaforetag@fortnox.se,,Har aldrig varit registrerad för F-skatt,Har aldrig varit registrerad för moms,Har aldrig varit registrerad som arbetsgivare,0 anställda,Postadress är OK,"Tar emot reklam, ej telefonnummerspärrat"
5595794693,165595794693,Grundbulten 160569 AB,,Övriga aktiebolag,Privat,2026-04-07,,,Normalläge,Har aldrig varit verksam,Okänd,00000,Växjö,Kronoberg,Växjö,BOX 427,351 06,VÄXJÖ,startaforetag@fortnox.se,,Har aldrig varit registrerad för F-skatt,Har aldrig varit registrerad för moms,Har aldrig varit registrerad som arbetsgivare,0 anställda,Postadress är OK,"Tar emot reklam, ej telefonnummerspärrat"
5595794701,165595794701,Grundbulten 160574 AB,,Övriga aktiebolag,Privat,2026-04-07,,,Normalläge,Har aldrig varit verksam,Okänd,00000,Växjö,Kronoberg,Växjö,BOX 427,351 06,VÄXJÖ,startaforetag@fortnox.se,,Har aldrig varit registrerad för F-skatt,Har aldrig varit registrerad för moms,Har aldrig varit registrerad som arbetsgivare,0 anställda,Postadress är OK,"Tar emot reklam, ej telefonnummerspärrat"
5595794719,165595794719,Grundbulten 160572 AB,,Övriga aktiebolag,Privat,2026-04-07,,,Normalläge,Har aldrig varit verksam,Okänd,00000,Växjö,Kronoberg,Växjö,BOX 427,351 06,VÄXJÖ,startaforetag@fortnox.se,,Har aldrig varit registrerad för F-skatt,Har aldrig varit registrerad för moms,Har aldrig varit registrerad som arbetsgivare,0 anställda,Postadress är OK,"Tar emot reklam, ej telefonnummerspärrat"
5595794727,165595794727,Grundbulten 160573 AB,,Övriga aktiebolag,Privat,2026-04-07,,,Normalläge,Har aldrig varit verksam,Okänd,00000,Växjö,Kronoberg,Växjö,BOX 427,351 06,VÄXJÖ,startaforetag@fortnox.se,,Har aldrig varit registrerad för F-skatt,Har aldrig varit registrerad för moms,Har aldrig varit registrerad som arbetsgivare,0 anställda,Postadress är OK,"Tar emot reklam, ej telefonnummerspärrat"
5595794735,165595794735,Grundbulten 160526 AB,,Övriga aktiebolag,Privat,2026-04-07,,,Normalläge,Har aldrig varit verksam,Okänd,00000,Växjö,Kronoberg,Växjö,BOX 427,351 06,VÄXJÖ,startaforetag@fortnox.se,,Har aldrig varit registrerad för F-skatt,Har aldrig varit registrerad för moms,Har aldrig varit registrerad som arbetsgivare,0 anställda,Postadress är OK,"Tar emot reklam, ej telefonnummerspärrat"
5595794743,165595794743,Grundbulten 160527 AB,,Övriga aktiebolag,Privat,2026-04-07,,,Normalläge,Har aldrig varit verksam,Okänd,00000,Växjö,Kronoberg,Växjö,BOX 427,351 06,VÄXJÖ,startaforetag@fortnox.se,,Har aldrig varit registrerad för F-skatt,Har aldrig varit registrerad för moms,Har aldrig varit registrerad som arbetsgivare,0 anställda,Postadress är OK,"Tar emot reklam, ej telefonnummerspärrat"
5595794750,165595794750,Grundbulten 160525 AB,,Övriga aktiebolag,Privat,2026-04-07,,,Normalläge,Har aldrig varit verksam,Okänd,00000,Växjö,Kronoberg,Växjö,BOX 427,351 06,VÄXJÖ,startaforetag@fortnox.se,,Har aldrig varit registrerad för F-skatt,Har aldrig varit registrerad för moms,Har aldrig varit registrerad som arbetsgivare,0 anställda,Postadress är OK,"Tar emot reklam, ej telefonnummerspärrat"
5595794768,165595794768,Grundbulten 160530 AB,,Övriga aktiebolag,Privat,2026-04-07,,,Normalläge,Har aldrig varit verksam,Okänd,00000,Växjö,Kronoberg,Växjö,BOX 427,351 06,VÄXJÖ,startaforetag@fortnox.se,,Har aldrig varit registrerad för F-skatt,Har aldrig varit registrerad för moms,Har aldrig varit registrerad som arbetsgivare,0 anställda,Postadress är OK,"Tar emot reklam, ej telefonnummerspärrat"
5595794776,165595794776,Grundbulten 160531 AB,,Övriga aktiebolag,Privat,2026-04-07,,,Normalläge,Har aldrig varit verksam,Okänd,00000,Växjö,Kronoberg,Växjö,BOX 427,351 06,VÄXJÖ,startaforetag@fortnox.se,,Har aldrig varit registrerad för F-skatt,Har aldrig varit registrerad för moms,Har aldrig varit registrerad som arbetsgivare,0 anställda,Postadress är OK,"Tar emot reklam, ej telefonnummerspärrat"
5595794784,165595794784,Grundbulten 160528 AB,,Övriga aktiebolag,Privat,2026-04-07,,,Normalläge,Har aldrig varit verksam,Okänd,00000,Växjö,Kronoberg,Växjö,BOX 427,351 06,VÄXJÖ,startaforetag@fortnox.se,,Har aldrig varit registrerad för F-skatt,Har aldrig varit registrerad för moms,Har aldrig varit registrerad som arbetsgivare,0 anställda,Postadress är OK,"Tar emot reklam, ej telefonnummerspärrat"
5595794792,165595794792,Grundbulten 160529 AB,,Övriga aktiebolag,Privat,2026-04-07,,,Normalläge,Har aldrig varit verksam,Okänd,00000,Växjö,Kronoberg,Växjö,BOX 427,351 06,VÄXJÖ,startaforetag@fortnox.se,,Har aldrig varit registrerad för F-skatt,Har aldrig varit registrerad för moms,Har aldrig varit registrerad som arbetsgivare,0 anställda,Postadress är OK,"Tar emot reklam, ej telefonnummerspärrat"
5595794800,165595794800,Grundbulten 160534 AB,,Övriga aktiebolag,Privat,2026-04-07,,,Normalläge,Har aldrig varit verksam,Okänd,00000,Växjö,Kronoberg,Växjö,BOX 427,351 06,VÄXJÖ,startaforetag@fortnox.se,,Har aldrig varit registrerad för F-skatt,Har aldrig varit registrerad för moms,Har aldrig varit registrerad som arbetsgivare,0 anställda,Postadress är OK,"Tar emot reklam, ej telefonnummerspärrat"
5595794826,165595794826,Grundbulten 160532 AB,,Övriga aktiebolag,Privat,2026-04-07,,,Normalläge,Har aldrig varit verksam,Okänd,00000,Växjö,Kronoberg,Växjö,BOX 427,351 06,VÄXJÖ,startaforetag@fortnox.se,,Har aldrig varit registrerad för F-skatt,Har aldrig varit registrerad för moms,Har aldrig varit registrerad som arbetsgivare,0 anställda,Postadress är OK,"Tar emot reklam, ej telefonnummerspärrat"
5595794834,165595794834,Grundbulten 160533 AB,,Övriga aktiebolag,Privat,2026-04-07,,,Normalläge,Har aldrig varit verksam,Okänd,00000,Växjö,Kronoberg,Växjö,BOX 427,351 06,VÄXJÖ,startaforetag@fortnox.se,,Har aldrig varit registrerad för F-skatt,Har aldrig varit registrerad för moms,Har aldrig varit registrerad som arbetsgivare,0 anställda,Postadress är OK,"Tar emot reklam, ej telefonnummerspärrat"
5595794842,165595794842,Grundbulten 160538 AB,,Övriga aktiebolag,Privat,2026-04-07,,,Normalläge,Har aldrig varit verksam,Okänd,00000,Växjö,Kronoberg,Växjö,BOX 427,351 06,VÄXJÖ,startaforetag@fortnox.se,,Har aldrig varit registrerad för F-skatt,Har aldrig varit registrerad för moms,Har aldrig varit registrerad som arbetsgivare,0 anställda,Postadress är OK,"Tar emot reklam, ej telefonnummerspärrat"
5595794859,165595794859,Grundbulten 160539 AB,,Övriga aktiebolag,Privat,2026-04-07,,,Normalläge,Har aldrig varit verksam,Okänd,00000,Växjö,Kronoberg,Växjö,BOX 427,351 06,VÄXJÖ,startaforetag@fortnox.se,,Har aldrig varit registrerad för F-skatt,Har aldrig varit registrerad för moms,Har aldrig varit registrerad som arbetsgivare,0 anställda,Postadress är OK,"Tar emot reklam, ej telefonnummerspärrat"
5595794867,165595794867,Grundbulten 160536 AB,,Övriga aktiebolag,Privat,2026-04-07,,,Normalläge,Har aldrig varit verksam,Okänd,00000,Växjö,Kronoberg,Växjö,BOX 427,351 06,VÄXJÖ,startaforetag@fortnox.se,,Har aldrig varit registrerad för F-skatt,Har aldrig varit registrerad för moms,Har aldrig varit registrerad som arbetsgivare,0 anställda,Postadress är OK,"Tar emot reklam, ej telefonnummerspärrat"
5595794875,165595794875,Grundbulten 160537 AB,,Övriga aktiebolag,Privat,2026-04-07,,,Normalläge,Har aldrig varit verksam,Okänd,00000,Växjö,Kronoberg,Växjö,BOX 427,351 06,VÄXJÖ,startaforetag@fortnox.se,,Har aldrig varit registrerad för F-skatt,Har aldrig varit registrerad för moms,Har aldrig varit registrerad som arbetsgivare,0 anställda,Postadress är OK,"Tar emot reklam, ej telefonnummerspärrat"
5595794883,165595794883,Grundbulten 160542 AB,,Övriga aktiebolag,Privat,2026-04-07,,,Normalläge,Har aldrig varit verksam,Okänd,00000,Växjö,Kronoberg,Växjö,BOX 427,351 06,VÄXJÖ,startaforetag@fortnox.se,,Har aldrig varit registrerad för F-skatt,Har aldrig varit registrerad för moms,Har aldrig varit registrerad som arbetsgivare,0 anställda,Postadress är OK,"Tar emot reklam, ej telefonnummerspärrat"
5595794891,165595794891,Grundbulten 160543 AB,,Övriga aktiebolag,Privat,2026-04-07,,,Normalläge,Har aldrig varit verksam,Okänd,00000,Växjö,Kronoberg,Växjö,BOX 427,351 06,VÄXJÖ,startaforetag@fortnox.se,,Har aldrig varit registrerad för F-skatt,Har aldrig varit registrerad för moms,Har aldrig varit registrerad som arbetsgivare,0 anställda,Postadress är OK,"Tar emot reklam, ej telefonnummerspärrat"
5595794909,165595794909,Grundbulten 160540 AB,,Övriga aktiebolag,Privat,2026-04-07,,,Normalläge,Har aldrig varit verksam,Okänd,00000,Växjö,Kronoberg,Växjö,BOX 427,351 06,VÄXJÖ,startaforetag@fortnox.se,,Har aldrig varit registrerad för F-skatt,Har aldrig varit registrerad för moms,Har aldrig varit registrerad som arbetsgivare,0 anställda,Postadress är OK,"Tar emot reklam, ej telefonnummerspärrat"
5595794917,165595794917,Grundbulten 160541 AB,,Övriga aktiebolag,Privat,2026-04-07,,,Normalläge,Har aldrig varit verksam,Okänd,00000,Växjö,Kronoberg,Växjö,BOX 427,351 06,VÄXJÖ,startaforetag@fortnox.se,,Har aldrig varit registrerad för F-skatt,Har aldrig varit registrerad för moms,Har aldrig varit registrerad som arbetsgivare,0 anställda,Postadress är OK,"Tar emot reklam, ej telefonnummerspärrat"
5595794925,165595794925,Grundbulten 160546 AB,,Övriga aktiebolag,Privat,2026-04-07,,,Normalläge,Har aldrig varit verksam,Okänd,00000,Växjö,Kronoberg,Växjö,BOX 427,351 06,VÄXJÖ,startaforetag@fortnox.se,,Har aldrig varit registrerad för F-skatt,Har aldrig varit registrerad för moms,Har aldrig varit registrerad som arbetsgivare,0 anställda,Postadress är OK,"Tar emot reklam, ej telefonnummerspärrat"
5595794933,165595794933,Grundbulten 160547 AB,,Övriga aktiebolag,Privat,2026-04-07,,,Normalläge,Har aldrig varit verksam,Okänd,00000,Växjö,Kronoberg,Växjö,BOX 427,351 06,VÄXJÖ,startaforetag@fortnox.se,,Har aldrig varit registrerad för F-skatt,Har aldrig varit registrerad för moms,Har aldrig varit registrerad som arbetsgivare,0 anställda,Postadress är OK,"Tar emot reklam, ej telefonnummerspärrat"
5595794941,165595794941,Grundbulten 160544 AB,,Övriga aktiebolag,Privat,2026-04-07,,,Normalläge,Har aldrig varit verksam,Okänd,00000,Växjö,Kronoberg,Växjö,BOX 427,351 06,VÄXJÖ,startaforetag@fortnox.se,,Har aldrig varit registrerad för F-skatt,Har aldrig varit registrerad för moms,Har aldrig varit registrerad som arbetsgivare,0 anställda,Postadress är OK,"Tar emot reklam, ej telefonnummerspärrat"
5595794958,165595794958,Grundbulten 160545 AB,,Övriga aktiebolag,Privat,2026-04-07,,,Normalläge,Har aldrig varit verksam,Okänd,00000,Växjö,Kronoberg,Växjö,BOX 427,351 06,VÄXJÖ,startaforetag@fortnox.se,,Har aldrig varit registrerad för F-skatt,Har aldrig varit registrerad för moms,Har aldrig varit registrerad som arbetsgivare,0 anställda,Postadress är OK,"Tar emot reklam, ej telefonnummerspärrat"
5595794966,165595794966,Grundbulten 160548 AB,,Övriga aktiebolag,Privat,2026-04-07,,,Normalläge,Har aldrig varit verksam,Okänd,00000,Växjö,Kronoberg,Växjö,BOX 427,351 06,VÄXJÖ,startaforetag@fortnox.se,,Har aldrig varit registrerad för F-skatt,Har aldrig varit registrerad för moms,Har aldrig varit registrerad som arbetsgivare,0 anställda,Postadress är OK,"Tar emot reklam, ej telefonnummerspärrat"
5595794974,165595794974,Grundbulten 160549 AB,,Övriga aktiebolag,Privat,2026-04-07,,,Normalläge,Har aldrig varit verksam,Okänd,00000,Växjö,Kronoberg,Växjö,BOX 427,351 06,VÄXJÖ,startaforetag@fortnox.se,,Har aldrig varit registrerad för F-skatt,Har aldrig varit registrerad för moms,Har aldrig varit registrerad som arbetsgivare,0 anställda,Postadress är OK,"Tar emot reklam, ej telefonnummerspärrat"
5595794982,165595794982,Grundbulten 160514 AB,,Övriga aktiebolag,Privat,2026-04-07,,,Normalläge,Har aldrig varit verksam,Okänd,00000,Växjö,Kronoberg,Växjö,BOX 427,351 06,VÄXJÖ,startaforetag@fortnox.se,,Har aldrig varit registrerad för F-skatt,Har aldrig varit registrerad för moms,Har aldrig varit registrerad som arbetsgivare,0 anställda,Postadress är OK,"Tar emot reklam, ej telefonnummerspärrat"
5595794990,165595794990,Grundbulten 160515 AB,,Övriga aktiebolag,Privat,2026-04-07,,,Normalläge,Har aldrig varit verksam,Okänd,00000,Växjö,Kronoberg,Växjö,BOX 427,351 06,VÄXJÖ,startaforetag@fortnox.se,,Har aldrig varit registrerad för F-skatt,Har aldrig varit registrerad för moms,Har aldrig varit registrerad som arbetsgivare,0 anställda,Postadress är OK,"Tar emot reklam, ej telefonnummerspärrat"
5595795005,165595795005,Grundbulten 160512 AB,,Övriga aktiebolag,Privat,2026-04-07,,,Normalläge,Har aldrig varit verksam,Okänd,00000,Växjö,Kronoberg,Växjö,BOX 427,351 06,VÄXJÖ,startaforetag@fortnox.se,,Har aldrig varit registrerad för F-skatt,Har aldrig varit registrerad för moms,Har aldrig varit registrerad som arbetsgivare,0 anställda,Postadress är OK,"Tar emot reklam, ej telefonnummerspärrat"
5595795013,165595795013,Grundbulten 160513 AB,,Övriga aktiebolag,Privat,2026-04-07,,,Normalläge,Har aldrig varit verksam,Okänd,00000,Växjö,Kronoberg,Växjö,BOX 427,351 06,VÄXJÖ,startaforetag@fortnox.se,,Har aldrig varit registrerad för F-skatt,Har aldrig varit registrerad för moms,Har aldrig varit registrerad som arbetsgivare,0 anställda,Postadress är OK,"Tar emot reklam, ej telefonnummerspärrat"
5595795021,165595795021,Grundbulten 160518 AB,,Övriga aktiebolag,Privat,2026-04-07,,,Normalläge,Har aldrig varit verksam,Okänd,00000,Växjö,Kronoberg,Växjö,BOX 427,351 06,VÄXJÖ,startaforetag@fortnox.se,,Har aldrig varit registrerad för F-skatt,Har aldrig varit registrerad för moms,Har aldrig varit registrerad som arbetsgivare,0 anställda,Postadress är OK,"Tar emot reklam, ej telefonnummerspärrat"
5595795039,165595795039,Grundbulten 160519 AB,,Övriga aktiebolag,Privat,2026-04-07,,,Normalläge,Har aldrig varit verksam,Okänd,00000,Växjö,Kronoberg,Växjö,BOX 427,351 06,VÄXJÖ,startaforetag@fortnox.se,,Har aldrig varit registrerad för F-skatt,Har aldrig varit registrerad för moms,Har aldrig varit registrerad som arbetsgivare,0 anställda,Postadress är OK,"Tar emot reklam, ej telefonnummerspärrat"
5595795047,165595795047,Grundbulten 160516 AB,,Övriga aktiebolag,Privat,2026-04-07,,,Normalläge,Har aldrig varit verksam,Okänd,00000,Växjö,Kronoberg,Växjö,BOX 427,351 06,VÄXJÖ,startaforetag@fortnox.se,,Har aldrig varit registrerad för F-skatt,Har aldrig varit registrerad för moms,Har aldrig varit registrerad som arbetsgivare,0 anställda,Postadress är OK,"Tar emot reklam, ej telefonnummerspärrat"
5595795054,165595795054,Grundbulten 160517 AB,,Övriga aktiebolag,Privat,2026-04-07,,,Normalläge,Har aldrig varit verksam,Okänd,00000,Växjö,Kronoberg,Växjö,BOX 427,351 06,VÄXJÖ,startaforetag@fortnox.se,,Har aldrig varit registrerad för F-skatt,Har aldrig varit registrerad för moms,Har aldrig varit registrerad som arbetsgivare,0 anställda,Postadress är OK,"Tar emot reklam, ej telefonnummerspärrat"
5595795062,165595795062,Grundbulten 160522 AB,,Övriga aktiebolag,Privat,2026-04-07,,,Normalläge,Har aldrig varit verksam,Okänd,00000,Växjö,Kronoberg,Växjö,BOX 427,351 06,VÄXJÖ,startaforetag@fortnox.se,,Har aldrig varit registrerad för F-skatt,Har aldrig varit registrerad för moms,Har aldrig varit registrerad som arbetsgivare,0 anställda,Postadress är OK,"Tar emot reklam, ej telefonnummerspärrat"
5595795070,165595795070,Grundbulten 160523 AB,,Övriga aktiebolag,Privat,2026-04-07,,,Normalläge,Har aldrig varit verksam,Okänd,00000,Växjö,Kronoberg,Växjö,BOX 427,351 06,VÄXJÖ,startaforetag@fortnox.se,,Har aldrig varit registrerad för F-skatt,Har aldrig varit registrerad för moms,Har aldrig varit registrerad som arbetsgivare,0 anställda,Postadress är OK,"Tar emot reklam, ej telefonnummerspärrat"
5595795088,165595795088,Grundbulten 160520 AB,,Övriga aktiebolag,Privat,2026-04-07,,,Normalläge,Har aldrig varit verksam,Okänd,00000,Växjö,Kronoberg,Växjö,BOX 427,351 06,VÄXJÖ,startaforetag@fortnox.se,,Har aldrig varit registrerad för F-skatt,Har aldrig varit registrerad för moms,Har aldrig varit registrerad som arbetsgivare,0 anställda,Postadress är OK,"Tar emot reklam, ej telefonnummerspärrat"
5595795096,165595795096,Grundbulten 160521 AB,,Övriga aktiebolag,Privat,2026-04-07,,,Normalläge,Har aldrig varit verksam,Okänd,00000,Växjö,Kronoberg,Växjö,BOX 427,351 06,VÄXJÖ,startaforetag@fortnox.se,,Har aldrig varit registrerad för F-skatt,Har aldrig varit registrerad för moms,Har aldrig varit registrerad som arbetsgivare,0 anställda,Postadress är OK,"Tar emot reklam, ej telefonnummerspärrat"
5595795104,165595795104,Grundbulten 160524 AB,,Övriga aktiebolag,Privat,2026-04-07,,,Normalläge,Har aldrig varit verksam,Okänd,00000,Växjö,Kronoberg,Växjö,BOX 427,351 06,VÄXJÖ,startaforetag@fortnox.se,,Har aldrig varit registrerad för F-skatt,Har aldrig varit registrerad för moms,Har aldrig varit registrerad som arbetsgivare,0 anställda,Postadress är OK,"Tar emot reklam, ej telefonnummerspärrat"
5595795112,165595795112,Grundbulten 160502 AB,,Övriga aktiebolag,Privat,2026-04-07,,,Normalläge,Har aldrig varit verksam,Okänd,00000,Växjö,Kronoberg,Växjö,BOX 427,351 06,VÄXJÖ,startaforetag@fortnox.se,,Har aldrig varit registrerad för F-skatt,Har aldrig varit registrerad för moms,Har aldrig varit registrerad som arbetsgivare,0 anställda,Postadress är OK,"Tar emot reklam, ej telefonnummerspärrat"
5595795120,165595795120,Grundbulten 160503 AB,,Övriga aktiebolag,Privat,2026-04-07,,,Normalläge,Har aldrig varit verksam,Okänd,00000,Växjö,Kronoberg,Växjö,BOX 427,351 06,VÄXJÖ,startaforetag@fortnox.se,,Har aldrig varit registrerad för F-skatt,Har aldrig varit registrerad för moms,Har aldrig varit registrerad som arbetsgivare,0 anställda,Postadress är OK,"Tar emot reklam, ej telefonnummerspärrat"
5595795138,165595795138,Grundbulten 160501 AB,,Övriga aktiebolag,Privat,2026-04-07,,,Normalläge,Har aldrig varit verksam,Okänd,00000,Växjö,Kronoberg,Växjö,BOX 427,351 06,VÄXJÖ,startaforetag@fortnox.se,,Har aldrig varit registrerad för F-skatt,Har aldrig varit registrerad för moms,Har aldrig varit registrerad som arbetsgivare,0 anställda,Postadress är OK,"Tar emot reklam, ej telefonnummerspärrat"
5595795146,165595795146,Grundbulten 160506 AB,,Övriga aktiebolag,Privat,2026-04-07,,,Normalläge,Har aldrig varit verksam,Okänd,00000,Växjö,Kronoberg,Växjö,BOX 427,351 06,VÄXJÖ,startaforetag@fortnox.se,,Har aldrig varit registrerad för F-skatt,Har aldrig varit registrerad för moms,Har aldrig varit registrerad som arbetsgivare,0 anställda,Postadress är OK,"Tar emot reklam, ej telefonnummerspärrat"
5595795153,165595795153,Grundbulten 160507 AB,,Övriga aktiebolag,Privat,2026-04-07,,,Normalläge,Har aldrig varit verksam,Okänd,00000,Växjö,Kronoberg,Växjö,BOX 427,351 06,VÄXJÖ,startaforetag@fortnox.se,,Har aldrig varit registrerad för F-skatt,Har aldrig varit registrerad för moms,Har aldrig varit registrerad som arbetsgivare,0 anställda,Postadress är OK,"Tar emot reklam, ej telefonnummerspärrat"
5595795161,165595795161,Grundbulten 160504 AB,,Övriga aktiebolag,Privat,2026-04-07,,,Normalläge,Har aldrig varit verksam,Okänd,00000,Växjö,Kronoberg,Växjö,BOX 427,351 06,VÄXJÖ,startaforetag@fortnox.se,,Har aldrig varit registrerad för F-skatt,Har aldrig varit registrerad för moms,Har aldrig varit registrerad som arbetsgivare,0 anställda,Postadress är OK,"Tar emot reklam, ej telefonnummerspärrat"
5595795179,165595795179,Grundbulten 160505 AB,,Övriga aktiebolag,Privat,2026-04-07,,,Normalläge,Har aldrig varit verksam,Okänd,00000,Växjö,Kronoberg,Växjö,BOX 427,351 06,VÄXJÖ,startaforetag@fortnox.se,,Har aldrig varit registrerad för F-skatt,Har aldrig varit registrerad för moms,Har aldrig varit registrerad som arbetsgivare,0 anställda,Postadress är OK,"Tar emot reklam, ej telefonnummerspärrat"
5595795187,165595795187,Grundbulten 160510 AB,,Övriga aktiebolag,Privat,2026-04-07,,,Normalläge,Har aldrig varit verksam,Okänd,00000,Växjö,Kronoberg,Växjö,BOX 427,351 06,VÄXJÖ,startaforetag@fortnox.se,,Har aldrig varit registrerad för F-skatt,Har aldrig varit registrerad för moms,Har aldrig varit registrerad som arbetsgivare,0 anställda,Postadress är OK,"Tar emot reklam, ej telefonnummerspärrat"
5595795195,165595795195,Grundbulten 160511 AB,,Övriga aktiebolag,Privat,2026-04-07,,,Normalläge,Har aldrig varit verksam,Okänd,00000,Växjö,Kronoberg,Växjö,BOX 427,351 06,VÄXJÖ,startaforetag@fortnox.se,,Har aldrig varit registrerad för F-skatt,Har aldrig varit registrerad för moms,Har aldrig varit registrerad som arbetsgivare,0 anställda,Postadress är OK,"Tar emot reklam, ej telefonnummerspärrat"
5595795203,165595795203,Grundbulten 160508 AB,,Övriga aktiebolag,Privat,2026-04-07,,,Normalläge,Har aldrig varit verksam,Okänd,00000,Växjö,Kronoberg,Växjö,BOX 427,351 06,VÄXJÖ,startaforetag@fortnox.se,,Har aldrig varit registrerad för F-skatt,Har aldrig varit registrerad för moms,Har aldrig varit registrerad som arbetsgivare,0 anställda,Postadress är OK,"Tar emot reklam, ej telefonnummerspärrat"
5595795211,165595795211,Grundbulten 160509 AB,,Övriga aktiebolag,Privat,2026-04-07,,,Normalläge,Har aldrig varit verksam,Okänd,00000,Växjö,Kronoberg,Växjö,BOX 427,351 06,VÄXJÖ,startaforetag@fortnox.se,,Har aldrig varit registrerad för F-skatt,Har aldrig varit registrerad för moms,Har aldrig varit registrerad som arbetsgivare,0 anställda,Postadress är OK,"Tar emot reklam, ej telefonnummerspärrat"
5595795229,165595795229,Grundbulten 160500 AB,,Övriga aktiebolag,Privat,2026-04-07,,,Normalläge,Har aldrig varit verksam,Okänd,00000,Växjö,Kronoberg,Växjö,BOX 427,351 06,VÄXJÖ,startaforetag@fortnox.se,,Har aldrig varit registrerad för F-skatt,Har aldrig varit registrerad för moms,Har aldrig varit registrerad som arbetsgivare,0 anställda,Postadress är OK,"Tar emot reklam, ej telefonnummerspärrat"
5595796946,165595796946,Sakar Käkkirurgi AB,,Övriga aktiebolag,Privat,2026-04-07,2026-04-13,,Normalläge,Är verksam,Tandläkarverksamhet,86230,Växjö,Kronoberg,Växjö,ORRVÄGEN 31,352 42,VÄXJÖ,sakararam@yahoo.com,,Är registrerad för F-skatt,Har aldrig varit registrerad för moms,Har aldrig varit registrerad som arbetsgivare,0 anställda,Postadress är OK,"Tar emot reklam, ej telefonnummerspärrat"
5595797225,165595797225,CMNP Group AB,,Övriga aktiebolag,Privat,2026-04-07,,,Normalläge,Har aldrig varit verksam,Okänd,00000,Växjö,Kronoberg,Växjö,MINNESOTAVÄGEN 24,352 49,VÄXJÖ,per-ola.linner@live.se,,Har aldrig varit registrerad för F-skatt,Har aldrig varit registrerad för moms,Har aldrig varit registrerad som arbetsgivare,0 anställda,Postadress är OK,"Tar emot reklam, ej telefonnummerspärrat"
5595797399,165595797399,ASK Vega AB,,Övriga aktiebolag,Privat,2026-04-07,2026-04-13,,Normalläge,Är verksam,Datakonsultverksamhet,62201,Växjö,Kronoberg,Växjö,MÄSSANS GATA 10  BOX 5243,402 24,GÖTEBORG,magnus.fredriksson@askanalytics.se,,Är registrerad för F-skatt,Är registrerad för moms,Har aldrig varit registrerad som arbetsgivare,0 anställda,Postadress är OK,"Tar emot reklam, ej telefonnummerspärrat"
5595797670,165595797670,Zenturo AB,,Övriga aktiebolag,Privat,2026-04-07,,,Normalläge,Har aldrig varit verksam,Okänd,00000,Lessebo,Kronoberg,Växjö,HASSELVÄGEN 1,365 33,LESSEBO,marcusnyman556@gmail.com,,Har aldrig varit registrerad för F-skatt,Har aldrig varit registrerad för moms,Har aldrig varit registrerad som arbetsgivare,0 anställda,Postadress är OK,"Tar emot reklam, ej telefonnummerspärrat"
5595797795,165595797795,Lind Flender AB,,Övriga aktiebolag,Privat,2026-04-07,,,Normalläge,Har aldrig varit verksam,Okänd,00000,Lessebo,Kronoberg,Växjö,KÅRLANDAVÄGEN 16,365 41,HOVMANTORP,lindanna79@gmail.com,,Har aldrig varit registrerad för F-skatt,Har aldrig varit registrerad för moms,Har aldrig varit registrerad som arbetsgivare,0 anställda,Postadress är OK,"Tar emot reklam, ej telefonnummerspärrat"
5595798926,165595798926,AnTiLo Fastighet Räppe AB,,Övriga aktiebolag,Privat,2026-04-07,,,Normalläge,Har aldrig varit verksam,Okänd,00000,Växjö,Kronoberg,Växjö,VÄLLUDDEVÄGEN 3,352 51,VÄXJÖ,info@skattkammaren.nu,,Har aldrig varit registrerad för F-skatt,Har aldrig varit registrerad för moms,Har aldrig varit registrerad som arbetsgivare,0 anställda,Postadress är OK,"Tar emot reklam, ej telefonnummerspärrat"