OrgNr,PeOrgNr,Företagsnamn,Firma,Juridisk form,Privat/Publikt,Registreringsdatum,Startdatum,Slutdatum,Bolagsstatus,Företagsstatus,Bransch_1,"Bransch_1, kod",Säteskommun,Säteslän,ARegion,PostAdress,PostNr,PostOrt,E-post,Telefon,Fskattstatus,Momsstatus,Arbetsgivarstatus,Storleksklass SME,Utskick,Reklam
0001035369,200001035369,"Brehmer, Hanna",,Fysiska personer,Ej aktiebolag,2026-04-07,2026-04-07,,Normalläge,Är verksam,Reklambyråverksamhet,73111,Linköping,Östergötland,Linköping,NELLY SACHS GATA 2  LGH 1103,583 27,LINKÖPING,,,Är registrerad för F-skatt,Är registrerad för moms,Har aldrig varit registrerad som arbetsgivare,0 anställda,Postadress är OK,"Tar emot reklam, ej telefonnummerspärrat"
0001312511,200001312511,"Coralic Sabel, Dennis",,Fysiska personer,Ej aktiebolag,2026-04-07,2026-04-07,,Normalläge,Är verksam,Byggande av bostadshus och andra byggnader,41000,Norberg,Västmanland,Fagersta,RINGVÄGEN 3 B LGH 1101,738 32,NORBERG,,,Är registrerad för F-skatt,Är registrerad för moms,Har aldrig varit registrerad som arbetsgivare,0 anställda,Postadress är OK,"Tar emot reklam, ej telefonnummerspärrat"
0002054005,200002054005,"Rezaei, Azana",,Fysiska personer,Ej aktiebolag,2026-04-07,2026-04-07,,Normalläge,Är verksam,Annan övrig hälso- och sjukvård,86999,Gävle,Gävleborg,Gävle/Sandviken,FÖRSTA TVÄRGATAN 9  LGH 1304,802 87,GÄVLE,,,Är registrerad för F-skatt,Är registrerad för moms,Har aldrig varit registrerad som arbetsgivare,0 anställda,Postadress är OK,"Tar emot reklam, ej telefonnummerspärrat"
0002135796,200002135796,"Skansberg, Magnus",,Fysiska personer,Ej aktiebolag,2026-04-07,,,Normalläge,Har aldrig varit verksam,Okänd,00000,Nyköping,Södermanland,Nyköping,ERIKSLUNDSVÄGEN 11  LGH 1402,611 61,NYKÖPING,,,Har aldrig varit registrerad för F-skatt,Har aldrig varit registrerad för moms,Är registrerad som privatarbetsgivare,0 anställda,Postadress är OK,"Tar emot reklam, ej telefonnummerspärrat"
0003111689,200003111689,"Tran, Trà My",,Fysiska personer,Ej aktiebolag,2026-04-07,2026-04-07,,Normalläge,Är verksam,Annan naturvetenskaplig och teknisk forskning och utveckling,72109,Lund,Skåne,Malmö/Lund/Trelleborg,BARAVÄGEN 7  LGH 1003,222 40,LUND,,,Är registrerad för F-skatt,Är registrerad för moms,Har aldrig varit registrerad som arbetsgivare,0 anställda,Postadress är OK,"Tar emot reklam, ej telefonnummerspärrat"
0003127073,200003127073,"Edvinsson, Fredrik",,Fysiska personer,Ej aktiebolag,2026-04-07,2026-04-07,,Normalläge,Är verksam,Okänd,00000,Halmstad,Halland,Halmstad,NORRA VÄGEN 11 A LGH 1202,302 32,HALMSTAD,,,Är registrerad för F-skatt,Har aldrig varit registrerad för moms,Har aldrig varit registrerad som arbetsgivare,0 anställda,Postadress är OK,"Tar emot reklam, ej telefonnummerspärrat"
0003287414,200003287414,"Skärlén, Martin",,Fysiska personer,Ej aktiebolag,2026-04-07,2026-04-07,,Normalläge,Är verksam,Skötsel och underhåll av grönytor,81300,Håbo,Uppsala,Enköping,HERRGÅRDSGATAN 11  LGH 1101,746 49,BÅLSTA,,,Är registrerad för F-skatt,Är registrerad för moms,Har aldrig varit registrerad som arbetsgivare,0 anställda,Postadress är OK,"Tar emot reklam, ej telefonnummerspärrat"
0004151601,200004151601,"Thuo, Pauline Wanjiru",,Fysiska personer,Ej aktiebolag,2026-04-07,,,Normalläge,Har aldrig varit verksam,Okänd,00000,Haninge,Stockholm,Stockholm/Södertälje,HANINGEVÄGEN 24 F,136 36,HANDEN,,,Har aldrig varit registrerad för F-skatt,Har aldrig varit registrerad för moms,Är registrerad som privatarbetsgivare,0 anställda,Postadress är OK,"Tar emot reklam, ej telefonnummerspärrat"
0005247978,200005247978,"Wirenfalk Ehn, Oskar",,Fysiska personer,Ej aktiebolag,2026-04-07,2026-04-07,,Normalläge,Är verksam,Konsultverksamhet avseende företags organisation,70200,Huddinge,Stockholm,Stockholm/Södertälje,SLÅTTERVÄGEN 8 A,141 70,SEGELTORP,,,Är registrerad för F-skatt,Har aldrig varit registrerad för moms,Har aldrig varit registrerad som arbetsgivare,0 anställda,Postadress är OK,"Tar emot reklam, ej telefonnummerspärrat"
0005291190,200005291190,"Danielsson, Sam",,Fysiska personer,Ej aktiebolag,2026-04-07,2026-04-07,,Normalläge,Är verksam,Förmedling avseende icke-specialiserad detaljhandel,47910,Svedala,Skåne,Malmö/Lund/Trelleborg,BÖRRINGEVÄGEN 101,233 33,SVEDALA,,,Är registrerad för F-skatt,Är registrerad för moms,Har aldrig varit registrerad som arbetsgivare,0 anställda,Postadress är OK,"Tar emot reklam, ej telefonnummerspärrat"
0006262091,200006262091,"Martinsson, Gustav",,Fysiska personer,Ej aktiebolag,2026-04-07,2026-04-07,,Normalläge,Är verksam,Reparation och underhåll av maskiner,33120,Orust,Västra Götaland,Uddevalla,KASTET 623,472 91,STILLINGSÖN,,,Är registrerad för F-skatt,Är registrerad för moms,Har aldrig varit registrerad som arbetsgivare,0 anställda,Postadress är OK,"Tar emot reklam, ej telefonnummerspärrat"
0007025638,200007025638,"Amine, Adam",,Fysiska personer,Ej aktiebolag,2026-04-07,2026-04-07,,Normalläge,Är verksam,Redovisning och bokföring; skatterådgivning,69201,Malmö,Skåne,Malmö/Lund/Trelleborg,JÄGERSROVÄGEN 5 B LGH 1203,213 62,MALMÖ,,,Är registrerad för F-skatt,Är registrerad för moms,Har aldrig varit registrerad som arbetsgivare,0 anställda,Postadress är OK,"Tar emot reklam, ej telefonnummerspärrat"
0007244924,200007244924,"Anderberg Persson, Alice",,Fysiska personer,Ej aktiebolag,2026-04-07,2026-04-07,,Normalläge,Är verksam,Annan stödverksamhet avseende konstnärligt skapande och scenkonst,90390,Sundbyberg,Stockholm,Stockholm/Södertälje,GÖTGATAN 4 B LGH 1202,172 30,SUNDBYBERG,,,Är registrerad för F-skatt,Har aldrig varit registrerad för moms,Har aldrig varit registrerad som arbetsgivare,0 anställda,Postadress är OK,"Tar emot reklam, ej telefonnummerspärrat"
0008222689,200008222689,"Linderoth, Hanna",,Fysiska personer,Ej aktiebolag,2026-04-07,2026-04-07,,Normalläge,Är verksam,Grafisk design och visuell kommunikation,74120,Göteborg,Västra Götaland,Göteborg,ARVESGÄRDE 28  LGH 1103,417 44,GÖTEBORG,,,Är registrerad för F-skatt,Har aldrig varit registrerad för moms,Har aldrig varit registrerad som arbetsgivare,0 anställda,Postadress är OK,"Tar emot reklam, ej telefonnummerspärrat"
0103284873,200103284873,"Högström, William",,Fysiska personer,Ej aktiebolag,2026-04-07,2026-04-07,,Normalläge,Är verksam,Skogsförvaltning,02101,Jokkmokk,Norrbotten,Luleå/Boden,ÄLVSBO 13,962 97,JOKKMOKK,,,Är registrerad för F-skatt,Är registrerad för moms,Har aldrig varit registrerad som arbetsgivare,0 anställda,Postadress är OK,"Tar emot reklam, ej telefonnummerspärrat"
0104077482,200104077482,"Nilsson, Thea",,Fysiska personer,Ej aktiebolag,2026-04-07,2026-04-07,,Normalläge,Är verksam,Övrig fritids- och nöjesverksamhet,93290,Linköping,Östergötland,Linköping,GUNNORP GATAN 2,583 93,VIKINGSTAD,,,Är registrerad för F-skatt,Har aldrig varit registrerad för moms,Har aldrig varit registrerad som arbetsgivare,0 anställda,Postadress är OK,"Tar emot reklam, ej telefonnummerspärrat"
0105011472,200105011472,"Duhlow, Abdirizak",,Fysiska personer,Ej aktiebolag,2026-04-07,2026-04-07,,Normalläge,Är verksam,"Passagerartrafik på beställning, fordon med förare",49330,Eskilstuna,Södermanland,Eskilstuna,HÖGBOVÄGEN 2  LGH 1403,632 31,ESKILSTUNA,,,Är registrerad för F-skatt,Är registrerad för moms,Har aldrig varit registrerad som arbetsgivare,0 anställda,Postadress är OK,"Tar emot reklam, ej telefonnummerspärrat"
0105070833,200105070833,"Nygren, Oliver",,Fysiska personer,Ej aktiebolag,2026-04-07,2026-04-07,,Normalläge,Är verksam,Dataprogrammering,62100,Göteborg,Västra Götaland,Göteborg,SISJÖBÄCKENS VÄG 22  LGH 1607,436 38,ASKIM,,,Är registrerad för F-skatt,Är registrerad för moms,Har aldrig varit registrerad som arbetsgivare,0 anställda,Postadress är OK,"Tar emot reklam, ej telefonnummerspärrat"
0105095368,200105095368,"Möller, Ebba",,Fysiska personer,Ej aktiebolag,2026-04-07,2026-04-07,,Normalläge,Är verksam,Tillverkning av trikåvaror,14100,Värmdö,Stockholm,Stockholm/Södertälje,BRITT-LOUISE SUNDELLS GATA 4  LGH 1004,134 50,GUSTAVSBERG,,,Har aldrig varit registrerad för F-skatt,Är registrerad för moms,Har aldrig varit registrerad som arbetsgivare,0 anställda,Postadress är OK,"Tar emot reklam, ej telefonnummerspärrat"
0106106198,200106106198,"Nguyen, Khoi Nguyen",,Fysiska personer,Ej aktiebolag,2026-04-07,2026-04-07,,Normalläge,Är verksam,Fotoverksamhet,74200,Stockholm,Stockholm,Stockholm/Södertälje,FORSKARBACKEN 6  LGH 1304,114 16,STOCKHOLM,,,Är registrerad för F-skatt,Är registrerad för moms,Har aldrig varit registrerad som arbetsgivare,0 anställda,Postadress är OK,"Tar emot reklam, ej telefonnummerspärrat"
0106186794,200106186794,"Johansson, William",,Fysiska personer,Ej aktiebolag,2026-04-07,,,Normalläge,Har aldrig varit verksam,Okänd,00000,Kalmar,Kalmar,Kalmar/Nybro,SKRÄDDARETORPSVÄGEN 19 C LGH 1101,393 53,KALMAR,,,Har aldrig varit registrerad för F-skatt,Har aldrig varit registrerad för moms,Är registrerad som privatarbetsgivare,0 anställda,Postadress är OK,"Tar emot reklam, ej telefonnummerspärrat"
0106247315,200106247315,"Syvyi, Severyn",,Fysiska personer,Ej aktiebolag,2026-04-07,2026-04-07,,Normalläge,Är verksam,Måleriarbeten,43341,Haninge,Stockholm,Stockholm/Södertälje,BREDSUNDET 5  LGH 1404,136 58,VEGA,,,Är registrerad för F-skatt,Är registrerad för moms,Har aldrig varit registrerad som arbetsgivare,0 anställda,Postadress är OK,"Tar emot reklam, ej telefonnummerspärrat"
0109202150,200109202150,"Björkman, Hugo",,Fysiska personer,Ej aktiebolag,2026-04-07,,,Normalläge,Har aldrig varit verksam,Okänd,00000,Töreboda,Västra Götaland,Mariestad,NORRA TORGGATAN 14  LGH 1403,545 30,TÖREBODA,,,Har aldrig varit registrerad för F-skatt,Har aldrig varit registrerad för moms,Är registrerad som privatarbetsgivare,0 anställda,Postadress är OK,"Tar emot reklam, ej telefonnummerspärrat"
0109226696,200109226696,"Brandevik, Oskar",,Fysiska personer,Ej aktiebolag,2026-04-07,2026-04-07,,Normalläge,Är verksam,Detaljhandel via internet eller postorder med brett sortiment,47123,Tjörn,Västra Götaland,Göteborg,NÖTSÄTERSVÄGEN 39,471 32,SKÄRHAMN,,,Är registrerad för F-skatt,Är registrerad för moms,Har aldrig varit registrerad som arbetsgivare,0 anställda,Postadress är OK,"Tar emot reklam, ej telefonnummerspärrat"
0109270843,200109270843,"Sanderoth, Minna",,Fysiska personer,Ej aktiebolag,2026-04-07,2026-04-07,,Normalläge,Är verksam,Scenkonst,90200,Kungsbacka,Halland,Göteborg,STORMGATAN 32  LGH 1202,434 34,KUNGSBACKA,,,Är registrerad för F-skatt,Är registrerad för moms,Har aldrig varit registrerad som arbetsgivare,0 anställda,Postadress är OK,"Tar emot reklam, ej telefonnummerspärrat"
0110040698,200110040698,"Hagberg, Petter",,Fysiska personer,Ej aktiebolag,2026-04-07,2026-04-07,,Normalläge,Är verksam,Reklambyråverksamhet,73111,Stockholm,Stockholm,Stockholm/Södertälje,OLAUS PETRIGATAN 10  LGH 1005,115 34,STOCKHOLM,,,Är registrerad för F-skatt,Är registrerad för moms,Har aldrig varit registrerad som arbetsgivare,0 anställda,Postadress är OK,"Tar emot reklam, ej telefonnummerspärrat"
0110110202,200110110202,"Ahmad, Rula",,Fysiska personer,Ej aktiebolag,2026-04-07,2026-04-07,,Normalläge,Är verksam,Skönhetsvård och andra skönhetsbehandlingar,96220,Nässjö,Jönköping,Eksjö/Nässjö/Vetlanda,TRANBÄRSSTIGEN 98,571 37,NÄSSJÖ,,,Är registrerad för F-skatt,Är registrerad för moms,Har aldrig varit registrerad som arbetsgivare,0 anställda,Postadress är OK,"Tar emot reklam, ej telefonnummerspärrat"
0111011656,200111011656,"Abdulla, Jonas",,Fysiska personer,Ej aktiebolag,2026-04-07,2026-04-07,,Normalläge,Är verksam,Konsultverksamhet avseende företags organisation,70200,Umeå,Västerbotten,Umeå,SPANNGRÄND 23,906 28,UMEÅ,,,Är registrerad för F-skatt,Har aldrig varit registrerad för moms,Har aldrig varit registrerad som arbetsgivare,0 anställda,Postadress är OK,"Tar emot reklam, ej telefonnummerspärrat"
0111203774,200111203774,"Karlberg, Lukas",,Fysiska personer,Ej aktiebolag,2026-04-07,2026-04-07,,Normalläge,Är verksam,Reklambyråverksamhet,73111,Södertälje,Stockholm,Stockholm/Södertälje,FORSKARGATAN 1  LGH 1002,151 36,SÖDERTÄLJE,,,Är registrerad för F-skatt,Har aldrig varit registrerad för moms,Har aldrig varit registrerad som arbetsgivare,0 anställda,Postadress är OK,"Tar emot reklam, ej telefonnummerspärrat"
0201236742,200201236742,"Nystedt, Lisa",,Fysiska personer,Ej aktiebolag,2026-04-07,2026-04-07,,Normalläge,Är verksam,Annan sportverksamhet,93199,Uppsala,Uppsala,Uppsala,LUTHAGSESPLANADEN 10 B LGH 1203,752 25,UPPSALA,,,Är registrerad för F-skatt,Har aldrig varit registrerad för moms,Har aldrig varit registrerad som arbetsgivare,0 anställda,Postadress är OK,"Tar emot reklam, ej telefonnummerspärrat"
0202194460,200202194460,"Andersson, Hanna",,Fysiska personer,Ej aktiebolag,2026-04-07,2026-04-07,,Normalläge,Är verksam,Bildkonst,90120,Danderyd,Stockholm,Stockholm/Södertälje,KLOSTERVÄGEN 7 B LGH 1101,182 76,STOCKSUND,,,Är registrerad för F-skatt,Har aldrig varit registrerad för moms,Har aldrig varit registrerad som arbetsgivare,0 anställda,Postadress är OK,"Tar emot reklam, ej telefonnummerspärrat"
0203031158,200203031158,"Karlsson, Henric",,Fysiska personer,Ej aktiebolag,2026-04-07,2026-04-07,,Normalläge,Är verksam,Detaljhandel via internet eller postorder med kläder,47712,Umeå,Västerbotten,Umeå,TVISTEVÄGEN 43  LGH 1421,907 29,UMEÅ,,,Är registrerad för F-skatt,Är registrerad för moms,Har aldrig varit registrerad som arbetsgivare,0 anställda,Postadress är OK,"Tar emot reklam, ej telefonnummerspärrat"
0208241695,200208241695,"Eide, Jonathan",,Fysiska personer,Ej aktiebolag,2026-04-07,2026-04-07,,Normalläge,Är verksam,Tillverkning av köksmöbler,31003,Göteborg,Västra Götaland,Göteborg,GAMLA CERESGATAN 7  LGH 1106,417 57,GÖTEBORG,,,Är registrerad för F-skatt,Har aldrig varit registrerad för moms,Har aldrig varit registrerad som arbetsgivare,0 anställda,Postadress är OK,"Tar emot reklam, ej telefonnummerspärrat"
0210023313,200210023313,"Alhagi, Khaled",,Fysiska personer,Ej aktiebolag,2026-04-07,2026-04-07,,Normalläge,Är verksam,Restaurangverksamhet,56110,Malmö,Skåne,Malmö/Lund/Trelleborg,HÅRDS VÄG 109  LGH 1203,213 65,MALMÖ,,,Är registrerad för F-skatt,Är registrerad för moms,Är registrerad som vanlig arbetsgivare,1-9 anställda,Postadress är OK,"Tar emot reklam, ej telefonnummerspärrat"
0210194973,200210194973,"Esst, Maximilian Elias",,Fysiska personer,Ej aktiebolag,2026-04-07,2026-04-07,,Normalläge,Är verksam,Dataprogrammering,62100,Skövde,Västra Götaland,Skövde,NORRA TRÄNGALLÉN 7  LGH 1208,549 56,SKÖVDE,,,Är registrerad för F-skatt,Är registrerad för moms,Har aldrig varit registrerad som arbetsgivare,0 anställda,Postadress är OK,"Tar emot reklam, ej telefonnummerspärrat"
0211033311,200211033311,"Vlaev, Hristo Nikolaev",Dilys,Fysiska personer,Ej aktiebolag,2026-04-07,,,Normalläge,Har aldrig varit verksam,Okänd,00000,Norrköping,Östergötland,Norrköping,GÄRDSMYGSVÄGEN 1,605 95,NORRKÖPING,hristo.vlaev@dilys.bg,,Har aldrig varit registrerad för F-skatt,Har aldrig varit registrerad för moms,Har aldrig varit registrerad som arbetsgivare,0 anställda,Postadress är OK,"Tar emot reklam, ej telefonnummerspärrat"
0212033559,200212033559,"Westling, Sebastian",,Fysiska personer,Ej aktiebolag,2026-04-07,2026-04-07,,Normalläge,Är verksam,Sport- och fritidsutbildning,85510,Stockholm,Stockholm,Stockholm/Södertälje,METARGATAN 20  LGH 1102,116 66,STOCKHOLM,,,Är registrerad för F-skatt,Har aldrig varit registrerad för moms,Har aldrig varit registrerad som arbetsgivare,0 anställda,Postadress är OK,"Tar emot reklam, ej telefonnummerspärrat"
0212140487,200212140487,"Alsabe, Lina",,Fysiska personer,Ej aktiebolag,2026-04-07,2026-04-07,,Normalläge,Är verksam,Detaljhandel med personbilar och lätta motorfordon,47811,Östersund,Jämtland,Östersund,STUGUVÄGEN 10  LGH 1001,831 36,ÖSTERSUND,,,Är registrerad för F-skatt,Är registrerad för moms,Är registrerad som vanlig arbetsgivare,1-9 anställda,Postadress är OK,"Tar emot reklam, ej telefonnummerspärrat"
0212174148,200212174148,"Babil, Rebecca",,Fysiska personer,Ej aktiebolag,2026-04-07,2026-04-07,,Normalläge,Är verksam,Detaljhandel via internet eller postorder med brett sortiment,47123,Jönköping,Jönköping,Jönköping,SIKVÄGEN 15,561 36,HUSKVARNA,,,Är registrerad för F-skatt,Har aldrig varit registrerad för moms,Har aldrig varit registrerad som arbetsgivare,0 anställda,Postadress är OK,"Tar emot reklam, ej telefonnummerspärrat"
0301029187,200301029187,"Adam, Zahara Ahmed Hussein",,Fysiska personer,Ej aktiebolag,2026-04-07,2026-04-07,,Normalläge,Är verksam,Detaljhandel med drycker,47250,Göteborg,Västra Götaland,Göteborg,KOMETGATAN 17  LGH 1003,415 63,GÖTEBORG,,,Är registrerad för F-skatt,Har aldrig varit registrerad för moms,Har aldrig varit registrerad som arbetsgivare,0 anställda,Postadress är OK,"Tar emot reklam, ej telefonnummerspärrat"
0302034335,200302034335,"Karlsson, Fabian",,Fysiska personer,Ej aktiebolag,2026-04-07,2026-04-07,,Normalläge,Är verksam,Allmän service och reparation av motorfordon utom motorcyklar,95311,Eskilstuna,Södermanland,Eskilstuna,BÄRSTA LILLA HUSET,635 35,STORA SUNDBY,,,Är registrerad för F-skatt,Är registrerad för moms,Har aldrig varit registrerad som arbetsgivare,0 anställda,Postadress är OK,"Tar emot reklam, ej telefonnummerspärrat"
0302103189,200302103189,"Pomyayab Ravald, Zoe",,Fysiska personer,Ej aktiebolag,2026-04-07,2026-04-07,,Normalläge,Är verksam,Reklambyråverksamhet,73111,Lund,Skåne,Malmö/Lund/Trelleborg,STORA SÖDERGATAN 41 G LGH 1001,222 23,LUND,,,Är registrerad för F-skatt,Har aldrig varit registrerad för moms,Har aldrig varit registrerad som arbetsgivare,0 anställda,Postadress är OK,"Tar emot reklam, ej telefonnummerspärrat"
0304289119,200304289119,"Packalén Jarnryd, Emil",STO Tak & Fasad,Fysiska personer,Ej aktiebolag,2026-04-07,2026-04-07,,Normalläge,Är verksam,Rengöring av byggnader,81221,Tjörn,Västra Götaland,Göteborg,NEDRE TÅDÅS 15,471 92,KLÖVEDAL,info@stotakfasad.se,0760067071,Är registrerad för F-skatt,Är registrerad för moms,Har aldrig varit registrerad som arbetsgivare,0 anställda,Postadress är OK,"Tar emot reklam, ej telefonnummerspärrat"
0305152811,200305152811,"Hüttenrauch, Mattis",,Fysiska personer,Ej aktiebolag,2026-04-07,2026-04-07,,Normalläge,Är verksam,Dataprogrammering,62100,Linköping,Östergötland,Linköping,BJÖRNKÄRRSGATAN 12 B LGH 1103,584 36,LINKÖPING,,,Är registrerad för F-skatt,Har aldrig varit registrerad för moms,Har aldrig varit registrerad som arbetsgivare,0 anställda,Postadress är OK,"Tar emot reklam, ej telefonnummerspärrat"
0307031518,200307031518,"Lorenc, Jakub",,Fysiska personer,Ej aktiebolag,2026-04-07,2026-04-07,,Normalläge,Är verksam,"Vägtransport, godstrafik",49410,Stockholm,Stockholm,Stockholm/Södertälje,OSMUNDSVÄGEN 31  LGH 0902,168 68,BROMMA,,,Är registrerad för F-skatt,Är registrerad för moms,Har aldrig varit registrerad som arbetsgivare,0 anställda,Postadress är OK,"Tar emot reklam, ej telefonnummerspärrat"
0307085845,200307085845,"Elezovic, Diba",,Fysiska personer,Ej aktiebolag,2026-04-07,2026-04-07,,Normalläge,Är verksam,Detaljhandel via internet eller postorder med brett sortiment,47123,Norrköping,Östergötland,Norrköping,ALBREKTSVÄGEN 115 B LGH 1003,603 53,NORRKÖPING,,,Är registrerad för F-skatt,Är registrerad för moms,Har aldrig varit registrerad som arbetsgivare,0 anställda,Postadress är OK,"Tar emot reklam, ej telefonnummerspärrat"
0307141416,200307141416,"Bbaale, Edwin",,Fysiska personer,Ej aktiebolag,2026-04-07,2026-04-07,,Normalläge,Är verksam,Reklambyråverksamhet,73111,Alvesta,Kronoberg,Växjö,SOCKENVÄGEN 9 H,342 50,VISLANDA,,,Är registrerad för F-skatt,Är registrerad för moms,Har aldrig varit registrerad som arbetsgivare,0 anställda,Postadress är OK,"Tar emot reklam, ej telefonnummerspärrat"
0308056118,200308056118,"Ingström, Max",,Fysiska personer,Ej aktiebolag,2026-04-07,2026-04-07,,Normalläge,Är verksam,Skogsförvaltning,02101,Vimmerby,Kalmar,Hultsfred/Vimmerby,LIDHULT 410,598 95,VIMMERBY,,,Är registrerad för F-skatt,Är registrerad för moms,Har aldrig varit registrerad som arbetsgivare,0 anställda,Postadress är OK,"Tar emot reklam, ej telefonnummerspärrat"
0308061076,200308061076,"Rosenkvist, Martin",,Fysiska personer,Ej aktiebolag,2026-04-07,2026-04-07,,Normalläge,Är verksam,Reklambyråverksamhet,73111,Norrtälje,Stockholm,Norrtälje,TITANVÄGEN 41,761 64,NORRTÄLJE,,,Är registrerad för F-skatt,Är registrerad för moms,Har aldrig varit registrerad som arbetsgivare,0 anställda,Postadress är OK,"Tar emot reklam, ej telefonnummerspärrat"
0308278308,200308278308,"Kulo Häll, Källa",,Fysiska personer,Ej aktiebolag,2026-04-07,2026-04-07,,Normalläge,Är verksam,Litterärt skapande och musikkomposition,90110,Strängnäs,Södermanland,Eskilstuna,TIMMERVÄGEN 5 A,645 44,STRÄNGNÄS,,,Är registrerad för F-skatt,Är registrerad för moms,Har aldrig varit registrerad som arbetsgivare,0 anställda,Postadress är OK,"Tar emot reklam, ej telefonnummerspärrat"
0310087234,200310087234,"Ellnebrand Palm, Marcus",,Fysiska personer,Ej aktiebolag,2026-04-07,2026-04-07,,Normalläge,Är verksam,Cateringverksamhet vid enskilda evenemang,56210,Lund,Skåne,Malmö/Lund/Trelleborg,TOMEGAPSGATAN 8 A LGH 1209,223 50,LUND,,,Är registrerad för F-skatt,Är registrerad för moms,Har aldrig varit registrerad som arbetsgivare,0 anställda,Postadress är OK,"Tar emot reklam, ej telefonnummerspärrat"
0311292551,200311292551,"Nystrand, Jonathan",,Fysiska personer,Ej aktiebolag,2026-04-07,2026-04-07,,Normalläge,Är verksam,Reklambyråverksamhet,73111,Stockholm,Stockholm,Stockholm/Södertälje,KISTAÄNGSGATAN 15  LGH 1304,164 56,KISTA,,,Är registrerad för F-skatt,Är registrerad för moms,Har aldrig varit registrerad som arbetsgivare,0 anställda,Postadress är OK,"Tar emot reklam, ej telefonnummerspärrat"
0312073042,200312073042,"Buraale, Nasrin",,Fysiska personer,Ej aktiebolag,2026-04-07,2026-04-07,,Normalläge,Är verksam,Uthyrning och leasing av fritids- och sportutrustning,77210,Norrköping,Östergötland,Norrköping,S:T PERSGATAN 131 B LGH 1402,602 30,NORRKÖPING,,,Är registrerad för F-skatt,Har aldrig varit registrerad för moms,Har aldrig varit registrerad som arbetsgivare,0 anställda,Postadress är OK,"Tar emot reklam, ej telefonnummerspärrat"
0312192412,200312192412,"Slette, Viktor Erik",,Fysiska personer,Ej aktiebolag,2026-04-07,2026-04-07,,Normalläge,Är verksam,Detaljhandel via internet eller postorder med kläder,47712,Stockholm,Stockholm,Stockholm/Södertälje,ALMLÖFSGATAN 3  LGH 1304,114 51,STOCKHOLM,,,Är registrerad för F-skatt,Har aldrig varit registrerad för moms,Har aldrig varit registrerad som arbetsgivare,0 anställda,Postadress är OK,"Tar emot reklam, ej telefonnummerspärrat"
0312205206,200312205206,"Mohamed, Farhiya Hassan",,Fysiska personer,Ej aktiebolag,2026-04-07,2026-04-07,,Normalläge,Är verksam,"Detaljhandel via internet eller postorder med ur, guldsmedsvaror och smycken",47772,Älvsbyn,Norrbotten,Piteå,STORGATAN 10 C LGH 1103,942 31,ÄLVSBYN,,,Är registrerad för F-skatt,Är registrerad för moms,Har aldrig varit registrerad som arbetsgivare,0 anställda,Postadress är OK,"Tar emot reklam, ej telefonnummerspärrat"
0312245285,200312245285,"Alahmed, Jana",,Fysiska personer,Ej aktiebolag,2026-04-07,2026-04-07,,Normalläge,Är verksam,Förmedling avseende icke-specialiserad detaljhandel,47910,Västerås,Västmanland,Västerås,ERIKSBORGSGATAN 7  LGH 1216,722 18,VÄSTERÅS,,,Är registrerad för F-skatt,Har aldrig varit registrerad för moms,Har aldrig varit registrerad som arbetsgivare,0 anställda,Postadress är OK,"Tar emot reklam, ej telefonnummerspärrat"
0402021737,200402021737,"Hall, Oskar",,Fysiska personer,Ej aktiebolag,2026-04-07,2026-04-07,,Normalläge,Är verksam,Bildkonst,90120,Kommunkod saknas,Län okänd,A-region okänd,"7G/189 HOBSON STREET AUCKLAND CBD, 1010 AUCKLAND",,UTLANDET,,,Är registrerad för F-skatt,Har aldrig varit registrerad för moms,Har aldrig varit registrerad som arbetsgivare,0 anställda,Utländsk postadress,"Tar emot reklam, ej telefonnummerspärrat"
0402084545,200402084545,"Ceputyté, Andréja",,Fysiska personer,Ej aktiebolag,2026-04-07,2026-04-07,,Normalläge,Är verksam,Skönhetsvård och andra skönhetsbehandlingar,96220,Hylte,Halland,Halmstad,ÅMOTSVÄGEN 11,314 95,KINNARED,,,Är registrerad för F-skatt,Är registrerad för moms,Har aldrig varit registrerad som arbetsgivare,0 anställda,Postadress är OK,"Tar emot reklam, ej telefonnummerspärrat"
0402110092,200402110092,"Lindqvist, Vilgot",,Fysiska personer,Ej aktiebolag,2026-04-07,2026-04-07,,Normalläge,Är verksam,Utgivning av annan programvara,58290,Stockholm,Stockholm,Stockholm/Södertälje,FRÄMLINGSVÄGEN 22 B LGH 1103,126 48,HÄGERSTEN,,,Är registrerad för F-skatt,Är registrerad för moms,Har aldrig varit registrerad som arbetsgivare,0 anställda,Postadress är OK,"Tar emot reklam, ej telefonnummerspärrat"
0402157333,200402157333,"Svensson, Mikael",,Fysiska personer,Ej aktiebolag,2026-04-07,2026-04-07,,Normalläge,Är verksam,Datakonsultverksamhet,62201,Huddinge,Stockholm,Stockholm/Södertälje,PARADISTORGET 12  LGH 1203,141 47,HUDDINGE,,,Är registrerad för F-skatt,Är registrerad för moms,Har aldrig varit registrerad som arbetsgivare,0 anställda,Postadress är OK,"Tar emot reklam, ej telefonnummerspärrat"
0402191951,200402191951,"Larsson, Henning",,Fysiska personer,Ej aktiebolag,2026-04-07,2026-04-07,,Normalläge,Är verksam,Sport- och fritidsutbildning,85510,Söderhamn,Gävleborg,Bollnäs/Söderhamn,LASARETTSGATAN 1 B LGH 1202,826 32,SÖDERHAMN,,,Är registrerad för F-skatt,Är registrerad för moms,Har aldrig varit registrerad som arbetsgivare,0 anställda,Postadress är OK,"Tar emot reklam, ej telefonnummerspärrat"
0403098775,200403098775,"Larsson, Axel",,Fysiska personer,Ej aktiebolag,2026-04-07,2026-04-07,,Normalläge,Är verksam,Skogsförvaltning,02101,Ockelbo,Gävleborg,Gävle/Sandviken,NORRBO 25,816 94,OCKELBO,,,Är registrerad för F-skatt,Är registrerad för moms,Har aldrig varit registrerad som arbetsgivare,0 anställda,Postadress är OK,"Tar emot reklam, ej telefonnummerspärrat"
0404180176,200404180176,"Hultbom, Isak",,Fysiska personer,Ej aktiebolag,2026-04-07,2026-04-07,,Normalläge,Är verksam,Tillverkning av kontors- och butiksmöbler,31001,Stockholm,Stockholm,Stockholm/Södertälje,ÄLGPASSGATAN 12  LGH 1201,115 45,STOCKHOLM,,,Är registrerad för F-skatt,Är registrerad för moms,Har aldrig varit registrerad som arbetsgivare,0 anställda,Postadress är OK,"Tar emot reklam, ej telefonnummerspärrat"
0404260739,200404260739,"Mokvist, Max",,Fysiska personer,Ej aktiebolag,2026-04-07,2026-04-07,,Normalläge,Är verksam,Övrig stödverksamhet avseende landtransport,52219,Vingåker,Södermanland,Katrineholm,BJÖRKGATAN 4,643 33,VINGÅKER,,,Är registrerad för F-skatt,Är registrerad för moms,Har aldrig varit registrerad som arbetsgivare,0 anställda,Postadress är OK,"Tar emot reklam, ej telefonnummerspärrat"
0405160656,200405160656,"Dahlberg, Nils",,Fysiska personer,Ej aktiebolag,2026-04-07,2026-04-07,,Normalläge,Är verksam,Detaljhandel via internet eller postorder med brett sortiment,47123,Mariestad,Västra Götaland,Mariestad,BIGATAN 5  LGH 1101,542 44,MARIESTAD,,,Är registrerad för F-skatt,Är registrerad för moms,Har aldrig varit registrerad som arbetsgivare,0 anställda,Postadress är OK,"Tar emot reklam, ej telefonnummerspärrat"
0405206459,200405206459,"Gashi, Benjamin",,Fysiska personer,Ej aktiebolag,2026-04-07,2026-04-07,,Normalläge,Är verksam,Partihandel med parfym och kosmetika,46450,Malmö,Skåne,Malmö/Lund/Trelleborg,DUVHÖKSGATAN 1 A LGH 1203,215 58,MALMÖ,,,Är registrerad för F-skatt,Har aldrig varit registrerad för moms,Har aldrig varit registrerad som arbetsgivare,0 anställda,Postadress är OK,"Tar emot reklam, ej telefonnummerspärrat"
0407073972,200407073972,"Giotas, Alexander",,Fysiska personer,Ej aktiebolag,2026-04-07,2026-04-07,,Normalläge,Är verksam,Scenkonst,90200,Göteborg,Västra Götaland,Göteborg,MEJERIGATAN 14  LGH 1202,412 48,GÖTEBORG,,,Är registrerad för F-skatt,Är registrerad för moms,Har aldrig varit registrerad som arbetsgivare,0 anställda,Postadress är OK,"Tar emot reklam, ej telefonnummerspärrat"
0408203651,200408203651,"Karlsson, Isak",,Fysiska personer,Ej aktiebolag,2026-04-07,2026-04-07,,Normalläge,Är verksam,Skogsförvaltning,02101,Örnsköldsvik,Västernorrland,Örnsköldsvik,SÖRBÖLE 305,895 91,BREDBYN,,,Har aldrig varit registrerad för F-skatt,Är registrerad för moms,Har aldrig varit registrerad som arbetsgivare,0 anställda,Postadress är OK,"Tar emot reklam, ej telefonnummerspärrat"
0411103823,200411103823,"Vogt Westling, Irina",,Fysiska personer,Ej aktiebolag,2026-04-07,2026-04-07,,Normalläge,Är verksam,Scenkonst,90200,Göteborg,Västra Götaland,Göteborg,TELESKOPGATAN 2  LGH 1704,415 57,GÖTEBORG,,,Är registrerad för F-skatt,Har aldrig varit registrerad för moms,Har aldrig varit registrerad som arbetsgivare,0 anställda,Postadress är OK,"Tar emot reklam, ej telefonnummerspärrat"
0411227952,200411227952,"Berglund, Leo",,Fysiska personer,Ej aktiebolag,2026-04-07,2026-04-07,,Normalläge,Är verksam,Diverse övrig stödverksamhet till företag,82990,Strängnäs,Södermanland,Eskilstuna,ÅKERVÄGEN 6 A LGH 1103,645 40,STRÄNGNÄS,,,Är registrerad för F-skatt,Har aldrig varit registrerad för moms,Har aldrig varit registrerad som arbetsgivare,0 anställda,Postadress är OK,"Tar emot reklam, ej telefonnummerspärrat"
0412067977,200412067977,"Aryana, Attila",,Fysiska personer,Ej aktiebolag,2026-04-07,2026-04-07,,Normalläge,Är verksam,"Detaljhandel via internet eller postorder med brett sortiment, mest livsmedel, drycker och tobak",47113,Upplands Väsby,Stockholm,Stockholm/Södertälje,VERDANDIVÄGEN 33,194 62,UPPLANDS VÄSBY,,,Är registrerad för F-skatt,Är registrerad för moms,Har aldrig varit registrerad som arbetsgivare,0 anställda,Postadress är OK,"Tar emot reklam, ej telefonnummerspärrat"
0501025936,200501025936,"Roman, Rasmus",,Fysiska personer,Ej aktiebolag,2026-04-07,2026-04-07,,Normalläge,Är verksam,Cateringverksamhet vid enskilda evenemang,56210,Växjö,Kronoberg,Växjö,EMIL LINDELLS VÄG 16  LGH 0901,352 57,VÄXJÖ,,,Är registrerad för F-skatt,Har aldrig varit registrerad för moms,Har aldrig varit registrerad som arbetsgivare,0 anställda,Postadress är OK,"Tar emot reklam, ej telefonnummerspärrat"
0501225361,200501225361,"Nyborg, Ebba",,Fysiska personer,Ej aktiebolag,2026-04-07,2026-04-07,,Normalläge,Är verksam,Detaljhandel via internet eller postorder med brett sortiment,47123,Sundsvall,Västernorrland,Sundsvall,KAPARVÄGEN 4 D LGH 1102,862 33,KVISSLEBY,,,Är registrerad för F-skatt,Är registrerad för moms,Har aldrig varit registrerad som arbetsgivare,0 anställda,Postadress är OK,"Tar emot reklam, ej telefonnummerspärrat"
0501249312,200501249312,"Sjöberg, Simon",,Fysiska personer,Ej aktiebolag,2026-04-07,2026-04-07,,Normalläge,Är verksam,Utgivning av annan programvara,58290,Stockholm,Stockholm,Stockholm/Södertälje,DÖBELNSGATAN 47  LGH 1504,113 52,STOCKHOLM,,,Är registrerad för F-skatt,Är registrerad för moms,Har aldrig varit registrerad som arbetsgivare,0 anställda,Postadress är OK,"Tar emot reklam, ej telefonnummerspärrat"
0501290654,200501290654,"Wihlborg, Anton",,Fysiska personer,Ej aktiebolag,2026-04-07,2026-04-07,,Normalläge,Är verksam,Scenkonst,90200,Botkyrka,Stockholm,Stockholm/Södertälje,NORRSKENSBACKEN 19  LGH 1604,146 46,TULLINGE,,,Är registrerad för F-skatt,Har aldrig varit registrerad för moms,Har aldrig varit registrerad som arbetsgivare,0 anställda,Postadress är OK,"Tar emot reklam, ej telefonnummerspärrat"
0504071697,200504071697,"Sabbar, Zaman Allawi Sabbar",,Fysiska personer,Ej aktiebolag,2026-04-07,2026-04-07,,Normalläge,Är verksam,Dataprogrammering,62100,Sandviken,Gävleborg,Gävle/Sandviken,TALLBACKSVÄGEN 7 A LGH 1101,811 41,SANDVIKEN,,,Är registrerad för F-skatt,Har aldrig varit registrerad för moms,Har aldrig varit registrerad som arbetsgivare,0 anställda,Postadress är OK,"Tar emot reklam, ej telefonnummerspärrat"
0505161240,200505161240,"Remo, Maha",,Fysiska personer,Ej aktiebolag,2026-04-07,2026-04-07,,Normalläge,Är verksam,Skönhetsvård och andra skönhetsbehandlingar,96220,Malmö,Skåne,Malmö/Lund/Trelleborg,VIBORGSGATAN 1 C LGH 1201,213 61,MALMÖ,,,Är registrerad för F-skatt,Har aldrig varit registrerad för moms,Har aldrig varit registrerad som arbetsgivare,0 anställda,Postadress är OK,"Tar emot reklam, ej telefonnummerspärrat"
0505209551,200505209551,"Hansson, Olle",,Fysiska personer,Ej aktiebolag,2026-04-07,2026-04-07,,Normalläge,Är verksam,Mark- och grundarbeten,43120,Krokom,Jämtland,Östersund,BÄCKEBOVÄGEN 1 B,835 97,OFFERDAL,,,Är registrerad för F-skatt,Är registrerad för moms,Har aldrig varit registrerad som arbetsgivare,0 anställda,Postadress är OK,"Tar emot reklam, ej telefonnummerspärrat"
0505247551,200505247551,"Charkin, Oleksandr",,Fysiska personer,Ej aktiebolag,2026-04-07,,,Normalläge,Har aldrig varit verksam,Okänd,00000,Täby,Stockholm,Stockholm/Södertälje,MARTALLSVÄGEN 5 A,756 46,UPPSALA,,,Har aldrig varit registrerad för F-skatt,Har aldrig varit registrerad för moms,Är registrerad som privatarbetsgivare,0 anställda,Postadress är OK,"Tar emot reklam, ej telefonnummerspärrat"
0506010958,200506010958,"Hildingsson, Ludvig",,Fysiska personer,Ej aktiebolag,2026-04-07,2026-04-07,,Normalläge,Är verksam,Stödverksamhet avseende växtodling,01610,Skara,Västra Götaland,Lidköping/Skara,VINKÖL LYCKEBERG 2,532 94,SKARA,,,Är registrerad för F-skatt,Är registrerad för moms,Har aldrig varit registrerad som arbetsgivare,0 anställda,Postadress är OK,"Tar emot reklam, ej telefonnummerspärrat"
0506120179,200506120179,"Chamat, Oliver",,Fysiska personer,Ej aktiebolag,2026-04-07,2026-04-07,,Normalläge,Är verksam,"Produktion av film, video och tv-program",59110,Borlänge,Dalarna,Borlänge/Falun,GUNNESGATAN 1 B LGH 1202,784 45,BORLÄNGE,,,Är registrerad för F-skatt,Är registrerad för moms,Har aldrig varit registrerad som arbetsgivare,0 anställda,Postadress är OK,"Tar emot reklam, ej telefonnummerspärrat"
0506149210,200506149210,"Öst, Tim",,Fysiska personer,Ej aktiebolag,2026-04-07,2026-04-07,,Normalläge,Är verksam,Detaljhandel via internet eller postorder med brett sortiment,47123,Herrljunga,Västra Götaland,Borås,BLÅBANDSGATAN 3,524 30,HERRLJUNGA,,,Är registrerad för F-skatt,Har aldrig varit registrerad för moms,Har aldrig varit registrerad som arbetsgivare,0 anställda,Postadress är OK,"Tar emot reklam, ej telefonnummerspärrat"
0507289635,200507289635,"Karlsson, Alex",,Fysiska personer,Ej aktiebolag,2026-04-07,2026-04-07,,Normalläge,Är verksam,Skogsskötsel,02102,Västervik,Kalmar,Västervik,MARBACKEN 7,593 96,VÄSTERVIK,,,Är registrerad för F-skatt,Är registrerad för moms,Har aldrig varit registrerad som arbetsgivare,0 anställda,Postadress är OK,"Tar emot reklam, ej telefonnummerspärrat"
0508017621,200508017621,"Zymberi Azemi, Rinesa",,Fysiska personer,Ej aktiebolag,2026-04-07,2026-04-07,,Normalläge,Är verksam,Lokalvård,81210,Finspång,Östergötland,Norrköping,PILÄNGSVÄGEN 6  LGH 1101,612 43,FINSPÅNG,,,Är registrerad för F-skatt,Har aldrig varit registrerad för moms,Har aldrig varit registrerad som arbetsgivare,0 anställda,Postadress är OK,"Tar emot reklam, ej telefonnummerspärrat"
0508175379,200508175379,"Al Mosawi, Zaid",,Fysiska personer,Ej aktiebolag,2026-04-07,2026-04-07,,Normalläge,Är verksam,"Puts-, fasad- och stuckatörsarbeten",43310,Stockholm,Stockholm,Stockholm/Södertälje,SÖRBYPLAN 7  LGH 1002,163 71,SPÅNGA,,,Är registrerad för F-skatt,Har aldrig varit registrerad för moms,Har aldrig varit registrerad som arbetsgivare,0 anställda,Postadress är OK,"Tar emot reklam, ej telefonnummerspärrat"
0508233772,200508233772,"Karic, Dejan",,Fysiska personer,Ej aktiebolag,2026-04-07,2026-04-07,,Normalläge,Är verksam,Allmän service och reparation av motorfordon utom motorcyklar,95311,Göteborg,Västra Götaland,Göteborg,BRUNNSBOTORGET 5  LGH 1504,422 41,HISINGS BACKA,,,Är registrerad för F-skatt,Har aldrig varit registrerad för moms,Har aldrig varit registrerad som arbetsgivare,0 anställda,Postadress är OK,"Tar emot reklam, ej telefonnummerspärrat"
0510243116,200510243116,"Sabelfeld, Erik",,Fysiska personer,Ej aktiebolag,2026-04-07,2026-04-07,,Normalläge,Är verksam,Utgivning av annan programvara,58290,Göteborg,Västra Götaland,Göteborg,BERGKNALLEN 17,436 40,ASKIM,,,Har aldrig varit registrerad för F-skatt,Är registrerad för moms,Har aldrig varit registrerad som arbetsgivare,0 anställda,Postadress är OK,"Tar emot reklam, ej telefonnummerspärrat"
0601093156,200601093156,"Linder, Alvar",,Fysiska personer,Ej aktiebolag,2026-04-07,2026-04-07,,Normalläge,Är verksam,Fotoverksamhet,74200,Bjurholm,Västerbotten,Umeå,STENSKATAVÄGEN 21,916 92,BJURHOLM,,,Är registrerad för F-skatt,Har aldrig varit registrerad för moms,Har aldrig varit registrerad som arbetsgivare,0 anställda,Postadress är OK,"Tar emot reklam, ej telefonnummerspärrat"
0601101272,200601101272,"Dumky, Sebastian",,Fysiska personer,Ej aktiebolag,2026-04-07,2026-04-07,,Normalläge,Är verksam,Detaljhandel via internet eller postorder med brett sortiment,47123,Sundsvall,Västernorrland,Sundsvall,VÄXTHUSSTIGEN 5 B,852 40,SUNDSVALL,,,Är registrerad för F-skatt,Är registrerad för moms,Har aldrig varit registrerad som arbetsgivare,0 anställda,Postadress är OK,"Tar emot reklam, ej telefonnummerspärrat"
0602023780,200602023780,"Arfwedson, Jade",,Fysiska personer,Ej aktiebolag,2026-04-07,2026-04-07,,Normalläge,Är verksam,Frisörer och barberare,96210,Höör,Skåne,Eslöv,MAGLASÄTE 302,243 91,HÖÖR,,,Är registrerad för F-skatt,Är registrerad för moms,Har aldrig varit registrerad som arbetsgivare,0 anställda,Postadress är OK,"Tar emot reklam, ej telefonnummerspärrat"
0602272791,200602272791,"Jerbrant, Linus",,Fysiska personer,Ej aktiebolag,2026-04-07,2026-04-07,,Normalläge,Är verksam,"Datainfrastruktur, databehandling, hosting o.d.",63100,Danderyd,Stockholm,Stockholm/Södertälje,ARHOLMAVÄGEN 50,182 49,ENEBYBERG,,,Är registrerad för F-skatt,Är registrerad för moms,Har aldrig varit registrerad som arbetsgivare,0 anställda,Postadress är OK,"Tar emot reklam, ej telefonnummerspärrat"
0603080714,200603080714,"Lundholm, Emil",,Fysiska personer,Ej aktiebolag,2026-04-07,2026-04-07,,Normalläge,Är verksam,Konsultverksamhet avseende företags organisation,70200,Lund,Skåne,Malmö/Lund/Trelleborg,KUNG OSKARS VÄG 1  LGH 1102,222 19,LUND,,,Är registrerad för F-skatt,Har aldrig varit registrerad för moms,Har aldrig varit registrerad som arbetsgivare,0 anställda,Postadress är OK,"Tar emot reklam, ej telefonnummerspärrat"
0603259193,200603259193,"Chamoun, Lukas",,Fysiska personer,Ej aktiebolag,2026-04-07,,,Normalläge,Har aldrig varit verksam,Okänd,00000,Västerås,Västmanland,Västerås,BYGATAN 12  LGH 1301,724 66,VÄSTERÅS,,,Har aldrig varit registrerad för F-skatt,Har aldrig varit registrerad för moms,Är registrerad som privatarbetsgivare,0 anställda,Postadress är OK,"Tar emot reklam, ej telefonnummerspärrat"
0604021352,200604021352,"Akcan, Huseyin",,Fysiska personer,Ej aktiebolag,2026-04-07,2026-04-07,,Normalläge,Är verksam,Övrig reklamverksamhet,73119,Gävle,Gävleborg,Gävle/Sandviken,STORMGATAN 10,802 75,GÄVLE,,,Är registrerad för F-skatt,Är registrerad för moms,Har aldrig varit registrerad som arbetsgivare,0 anställda,Postadress är OK,"Tar emot reklam, ej telefonnummerspärrat"
0605162759,200605162759,"Carlsson, Axel",,Fysiska personer,Ej aktiebolag,2026-04-07,2026-04-07,,Normalläge,Är verksam,Detaljhandel med drycker,47250,Västerås,Västmanland,Västerås,BYALAGSGATAN 12,725 91,VÄSTERÅS,,,Är registrerad för F-skatt,Är registrerad för moms,Har aldrig varit registrerad som arbetsgivare,0 anställda,Postadress är OK,"Tar emot reklam, ej telefonnummerspärrat"
0606059699,200606059699,"Abdi, Kadir Ahmed",,Fysiska personer,Ej aktiebolag,2026-04-07,2026-04-07,,Normalläge,Är verksam,Detaljhandel via internet eller postorder med brett sortiment,47123,Skellefteå,Västerbotten,Skellefteå,STACKGATAN 8  LGH 1201,931 50,SKELLEFTEÅ,,,Är registrerad för F-skatt,Är registrerad för moms,Har aldrig varit registrerad som arbetsgivare,0 anställda,Postadress är OK,"Tar emot reklam, ej telefonnummerspärrat"
0607228376,200607228376,"Hörlind, Pontus",,Fysiska personer,Ej aktiebolag,2026-04-07,2026-04-07,,Normalläge,Är verksam,Annan fastighetsförmedling och fastighetsförvaltning på uppdrag,68320,Mölndal,Västra Götaland,Göteborg,VERKMÄSTAREGATAN 9,431 34,MÖLNDAL,,,Är registrerad för F-skatt,Är registrerad för moms,Har aldrig varit registrerad som arbetsgivare,0 anställda,Postadress är OK,"Tar emot reklam, ej telefonnummerspärrat"
0608086419,200608086419,"Sandberg, Lucas",,Fysiska personer,Ej aktiebolag,2026-04-07,2026-04-07,,Normalläge,Är verksam,Detaljhandel via internet eller postorder med brett sortiment,47123,Falun,Dalarna,Borlänge/Falun,GULDSTIGEN 20 C,791 56,FALUN,,,Är registrerad för F-skatt,Är registrerad för moms,Har aldrig varit registrerad som arbetsgivare,0 anställda,Postadress är OK,"Tar emot reklam, ej telefonnummerspärrat"
0609170691,200609170691,"Wejle Jennins, Marcus",,Fysiska personer,Ej aktiebolag,2026-04-07,2026-04-07,,Normalläge,Är verksam,Skötsel och underhåll av grönytor,81300,Danderyd,Stockholm,Stockholm/Södertälje,UGGLESTIGEN 143,182 70,STOCKSUND,,,Är registrerad för F-skatt,Är registrerad för moms,Har aldrig varit registrerad som arbetsgivare,0 anställda,Postadress är OK,"Tar emot reklam, ej telefonnummerspärrat"
0609263207,200609263207,"Larsson, Nellie",,Fysiska personer,Ej aktiebolag,2026-04-07,2026-04-07,,Normalläge,Är verksam,Frisörer och barberare,96210,Åmål,Västra Götaland,Säffle/Åmål,HJELTEGATAN 15 A LGH 1201,662 30,ÅMÅL,,,Är registrerad för F-skatt,Är registrerad för moms,Har aldrig varit registrerad som arbetsgivare,0 anställda,Postadress är OK,"Tar emot reklam, ej telefonnummerspärrat"
0611198417,200611198417,"Svan, Fabian",,Fysiska personer,Ej aktiebolag,2026-04-07,2026-04-07,,Normalläge,Är verksam,Stödverksamhet avseende växtodling,01610,Gotland,Gotland,Visby,VÄSKINDE SKÄGGS 970,622 75,VISBY,,,Är registrerad för F-skatt,Har aldrig varit registrerad för moms,Har aldrig varit registrerad som arbetsgivare,0 anställda,Postadress är OK,"Tar emot reklam, ej telefonnummerspärrat"
0611234733,200611234733,"Widfeldt, Melvin",,Fysiska personer,Ej aktiebolag,2026-04-07,2026-04-07,,Normalläge,Är verksam,Reklambyråverksamhet,73111,Stockholm,Stockholm,Stockholm/Södertälje,FORMANSGRÄND 23,165 52,HÄSSELBY,,,Är registrerad för F-skatt,Är registrerad för moms,Har aldrig varit registrerad som arbetsgivare,0 anställda,Postadress är OK,"Tar emot reklam, ej telefonnummerspärrat"
0612256552,200612256552,"Westberg, Charlie",,Fysiska personer,Ej aktiebolag,2026-04-07,2026-04-07,,Normalläge,Är verksam,"Annan förlagsverksamhet, utom utgivning av programvara",58190,Eskilstuna,Södermanland,Eskilstuna,NYGÅRDSGATAN 4,633 58,ESKILSTUNA,,,Är registrerad för F-skatt,Är registrerad för moms,Har aldrig varit registrerad som arbetsgivare,0 anställda,Postadress är OK,"Tar emot reklam, ej telefonnummerspärrat"
0701053050,200701053050,"Petersson Cederlund, Hugo",,Fysiska personer,Ej aktiebolag,2026-04-07,2026-04-07,,Normalläge,Är verksam,Webbportaler,63910,Kristianstad,Skåne,Kristianstad,BOKVÄGEN 16 B LGH 1202,290 31,KRISTIANSTAD,,,Är registrerad för F-skatt,Är registrerad för moms,Har aldrig varit registrerad som arbetsgivare,0 anställda,Postadress är OK,"Tar emot reklam, ej telefonnummerspärrat"
0701241796,200701241796,"Tobiasson, Max",,Fysiska personer,Ej aktiebolag,2026-04-07,2026-04-07,,Normalläge,Är verksam,Reklambyråverksamhet,73111,Nacka,Stockholm,Stockholm/Södertälje,TALLIDSVÄGEN 12 A LGH 1201,131 37,NACKA,,,Är registrerad för F-skatt,Har aldrig varit registrerad för moms,Har aldrig varit registrerad som arbetsgivare,0 anställda,Postadress är OK,"Tar emot reklam, ej telefonnummerspärrat"
0701301483,200701301483,"Johansson, Ebba",,Fysiska personer,Ej aktiebolag,2026-04-07,2026-04-07,,Normalläge,Är verksam,Frisörer och barberare,96210,Skurup,Skåne,Ystad/Simrishamn,ZIMMERMANSGATAN 3,274 31,SKURUP,,,Är registrerad för F-skatt,Har aldrig varit registrerad för moms,Har aldrig varit registrerad som arbetsgivare,0 anställda,Postadress är OK,"Tar emot reklam, ej telefonnummerspärrat"
0702140815,200702140815,"Bergman, William",,Fysiska personer,Ej aktiebolag,2026-04-07,2026-04-07,,Normalläge,Är verksam,Mark- och grundarbeten,43120,Flen,Södermanland,Katrineholm,LENA NORRA,642 97,BETTNA,,,Är registrerad för F-skatt,Har aldrig varit registrerad för moms,Har aldrig varit registrerad som arbetsgivare,0 anställda,Postadress är OK,"Tar emot reklam, ej telefonnummerspärrat"
0702288333,200702288333,"Sundström, Jack",,Fysiska personer,Ej aktiebolag,2026-04-07,2026-04-07,,Normalläge,Är verksam,Förmedling avseende icke-specialiserad detaljhandel,47910,Stockholm,Stockholm,Stockholm/Södertälje,SANKT GÖRANSGATAN 147 A LGH 1905,112 17,STOCKHOLM,,,Är registrerad för F-skatt,Är registrerad för moms,Har aldrig varit registrerad som arbetsgivare,0 anställda,Postadress är OK,"Tar emot reklam, ej telefonnummerspärrat"
0704044213,200704044213,"Bsenko, Neo",,Fysiska personer,Ej aktiebolag,2026-04-07,2026-04-07,,Normalläge,Är verksam,Datakonsultverksamhet,62201,Surahammar,Västmanland,Västerås,BASUNVÄGEN 10,735 38,SURAHAMMAR,,,Är registrerad för F-skatt,Är registrerad för moms,Har aldrig varit registrerad som arbetsgivare,0 anställda,Postadress är OK,"Tar emot reklam, ej telefonnummerspärrat"
0704300094,200704300094,"Lundström, Samuel",,Fysiska personer,Ej aktiebolag,2026-04-07,2026-04-07,,Normalläge,Är verksam,Frisörer och barberare,96210,Uppsala,Uppsala,Uppsala,MURARGATAN 4 G LGH 1102,754 37,UPPSALA,,,Är registrerad för F-skatt,Har aldrig varit registrerad för moms,Har aldrig varit registrerad som arbetsgivare,0 anställda,Postadress är OK,"Tar emot reklam, ej telefonnummerspärrat"
0706042496,200706042496,"Engblom, Oscar",,Fysiska personer,Ej aktiebolag,2026-04-07,2026-04-07,,Normalläge,Är verksam,Skogsskötsel,02102,Eksjö,Jönköping,Eksjö/Nässjö/Vetlanda,TROSSARP 1,575 95,EKSJÖ,,,Är registrerad för F-skatt,Är registrerad för moms,Har aldrig varit registrerad som arbetsgivare,0 anställda,Postadress är OK,"Tar emot reklam, ej telefonnummerspärrat"
0710147430,200710147430,"Hongisto, Malte",,Fysiska personer,Ej aktiebolag,2026-04-07,2026-04-07,,Normalläge,Är verksam,Insamling av icke-farligt avfall,38110,Knivsta,Uppsala,Uppsala,DALABACKEN 18,741 94,KNIVSTA,,,Är registrerad för F-skatt,Har aldrig varit registrerad för moms,Har aldrig varit registrerad som arbetsgivare,0 anställda,Postadress är OK,"Tar emot reklam, ej telefonnummerspärrat"
0712033836,200712033836,"Tarlamisaj, Adnan",,Fysiska personer,Ej aktiebolag,2026-04-07,2026-04-07,,Normalläge,Är verksam,Scenkonst,90200,Göteborg,Västra Götaland,Göteborg,FJÄLLKÅPAN 3  LGH 1002,424 49,ANGERED,,,Är registrerad för F-skatt,Är registrerad för moms,Har aldrig varit registrerad som arbetsgivare,0 anställda,Postadress är OK,"Tar emot reklam, ej telefonnummerspärrat"
0712210814,200712210814,"Olofsson, Zackarias",,Fysiska personer,Ej aktiebolag,2026-04-07,2026-04-07,,Normalläge,Är verksam,Detaljhandel via internet eller postorder med brett sortiment,47123,Malmö,Skåne,Malmö/Lund/Trelleborg,NÄTSNÄCKSGRÄND 2  LGH 1302,216 31,LIMHAMN,,,Är registrerad för F-skatt,Är registrerad för moms,Har aldrig varit registrerad som arbetsgivare,0 anställda,Postadress är OK,"Tar emot reklam, ej telefonnummerspärrat"
0801060195,200801060195,"Gustavsson, Noel",,Fysiska personer,Ej aktiebolag,2026-04-07,2026-04-07,,Normalläge,Är verksam,Reklambyråverksamhet,73111,Mjölby,Östergötland,Mjölby/Motala,ÄRTGRÄND 14,595 54,MJÖLBY,,,Är registrerad för F-skatt,Är registrerad för moms,Har aldrig varit registrerad som arbetsgivare,0 anställda,Postadress är OK,"Tar emot reklam, ej telefonnummerspärrat"
0802021915,200802021915,"Primorac, Oliver",,Fysiska personer,Ej aktiebolag,2026-04-07,2026-04-07,,Normalläge,Är verksam,Detaljhandel via internet eller postorder med brett sortiment,47123,Malmö,Skåne,Malmö/Lund/Trelleborg,TORNVÄKTAREGATAN 39,218 72,TYGELSJÖ,,,Är registrerad för F-skatt,Är registrerad för moms,Har aldrig varit registrerad som arbetsgivare,0 anställda,Postadress är OK,"Tar emot reklam, ej telefonnummerspärrat"
0802040071,200802040071,"Yücel, Mete",,Fysiska personer,Ej aktiebolag,2026-04-07,2026-04-07,,Normalläge,Är verksam,Detaljhandel via internet eller postorder med brett sortiment,47123,Botkyrka,Stockholm,Stockholm/Södertälje,SEDELVÄGEN 96,147 40,TUMBA,,,Är registrerad för F-skatt,Har aldrig varit registrerad för moms,Har aldrig varit registrerad som arbetsgivare,0 anställda,Postadress är OK,"Tar emot reklam, ej telefonnummerspärrat"
0802142299,200802142299,"Larsson, Emil",,Fysiska personer,Ej aktiebolag,2026-04-07,2026-04-07,,Normalläge,Är verksam,Stödverksamhet avseende skogsbruk,02400,Varberg,Halland,Falkenberg/Varberg,BOTAVÄGEN 2  EKEKULLEN,519 92,KUNGSÄTER,,,Är registrerad för F-skatt,Är registrerad för moms,Har aldrig varit registrerad som arbetsgivare,0 anställda,Postadress är OK,"Tar emot reklam, ej telefonnummerspärrat"
0803069210,200803069210,"Tufvesson, Albin",,Fysiska personer,Ej aktiebolag,2026-04-07,2026-04-07,,Normalläge,Är verksam,Detaljhandel via internet eller postorder med brett sortiment,47123,Trelleborg,Skåne,Malmö/Lund/Trelleborg,WEMMENHÖGSGATAN 30,231 45,TRELLEBORG,,,Är registrerad för F-skatt,Är registrerad för moms,Har aldrig varit registrerad som arbetsgivare,0 anställda,Postadress är OK,"Tar emot reklam, ej telefonnummerspärrat"
0803144179,200803144179,"Wisten, Jakob",,Fysiska personer,Ej aktiebolag,2026-04-07,2026-04-07,,Normalläge,Är verksam,Dataprogrammering,62100,Huddinge,Stockholm,Stockholm/Södertälje,HUMLEBACKEN 46,141 68,HUDDINGE,,,Är registrerad för F-skatt,Har aldrig varit registrerad för moms,Har aldrig varit registrerad som arbetsgivare,0 anställda,Postadress är OK,"Tar emot reklam, ej telefonnummerspärrat"
0803226778,200803226778,"Cifci, Baran",,Fysiska personer,Ej aktiebolag,2026-04-07,2026-04-07,,Normalläge,Är verksam,Detaljhandel via internet eller postorder med brett sortiment,47123,Botkyrka,Stockholm,Stockholm/Södertälje,PASSVÄGEN 17  LGH 1402,147 53,TUMBA,,,Är registrerad för F-skatt,Har aldrig varit registrerad för moms,Har aldrig varit registrerad som arbetsgivare,0 anställda,Postadress är OK,"Tar emot reklam, ej telefonnummerspärrat"
0803284900,200803284900,"Eriksson, Felicia",,Fysiska personer,Ej aktiebolag,2026-04-07,2026-04-07,,Normalläge,Är verksam,Skönhetsvård och andra skönhetsbehandlingar,96220,Hammarö,Värmland,Karlstad,FALLVÄGEN 19,663 40,HAMMARÖ,,,Är registrerad för F-skatt,Har aldrig varit registrerad för moms,Har aldrig varit registrerad som arbetsgivare,0 anställda,Postadress är OK,"Tar emot reklam, ej telefonnummerspärrat"
0904134970,200904134970,"Angberg, Filip",,Fysiska personer,Ej aktiebolag,2026-04-07,2026-04-07,,Normalläge,Är verksam,Skötsel och underhåll av grönytor,81300,Linköping,Östergötland,Linköping,RÅBERGAGATAN 37,582 54,LINKÖPING,,,Är registrerad för F-skatt,Har aldrig varit registrerad för moms,Har aldrig varit registrerad som arbetsgivare,0 anställda,Postadress är OK,"Tar emot reklam, ej telefonnummerspärrat"
0905111498,200905111498,"Fjording, Melker",,Fysiska personer,Ej aktiebolag,2026-04-07,2026-04-07,,Normalläge,Är verksam,Rengöring av byggnader,81221,Tidaholm,Västra Götaland,Falköping,LJUNGSVÄNGEN 10,522 37,TIDAHOLM,,,Är registrerad för F-skatt,Är registrerad för moms,Har aldrig varit registrerad som arbetsgivare,0 anställda,Postadress är OK,"Tar emot reklam, ej telefonnummerspärrat"
0911155539,200911155539,"Olsson, Sam",,Fysiska personer,Ej aktiebolag,2026-04-07,,,Normalläge,Har aldrig varit verksam,Okänd,00000,Västerås,Västmanland,Västerås,VALLONVÄGEN 20 A LGH 1002,726 30,SKULTUNA,,,Har aldrig varit registrerad för F-skatt,Har aldrig varit registrerad för moms,Är registrerad som privatarbetsgivare,0 anställda,Postadress är OK,"Tar emot reklam, ej telefonnummerspärrat"
1029144290,161029144290,"LEIJONFLYCHTS DÖDSBO, PATRIK",,Oskiftade dödsbon,Ej aktiebolag,2026-04-07,,,Normalläge,Har aldrig varit verksam,Okänd,00000,Ekerö,Stockholm,Stockholm/Södertälje,KAGGEHOLMSVÄGEN 21,178 54,EKERÖ,,,Har aldrig varit registrerad för F-skatt,Har aldrig varit registrerad för moms,Är registrerad som privatarbetsgivare,0 anställda,Postadress är OK,"Tar emot reklam, ej telefonnummerspärrat"
1029620331,161029620331,"BERTILSSONS DÖDSBO, OVE BENGT ALLAN",,Oskiftade dödsbon,Ej aktiebolag,2026-04-07,,,Normalläge,Har aldrig varit verksam,Okänd,00000,Alvesta,Kronoberg,Växjö,LINGONVÄGEN 25,342 61,MOHEDA,,,Har aldrig varit registrerad för F-skatt,Har aldrig varit registrerad för moms,Är registrerad som privatarbetsgivare,0 anställda,Postadress är OK,"Tar emot reklam, ej telefonnummerspärrat"
1029841341,161029841341,"PETTERSSONS DÖDSBO, BENNY",,Oskiftade dödsbon,Ej aktiebolag,2026-04-07,,,Normalläge,Har aldrig varit verksam,Okänd,00000,Höör,Skåne,Eslöv,DALEN ESKERÖD 307,243 92,HÖÖR,,,Har aldrig varit registrerad för F-skatt,Har aldrig varit registrerad för moms,Är registrerad som privatarbetsgivare,0 anställda,Postadress är OK,"Tar emot reklam, ej telefonnummerspärrat"
1029992052,161029992052,"KARLSSONS DÖDSBO, MAJ ELEONOR",,Oskiftade dödsbon,Ej aktiebolag,2026-04-07,2026-04-07,,Normalläge,Är verksam,Skogsförvaltning,02101,Arvika,Värmland,Arvika,LÖVÅS HAGET 1,671 97,GLAVA,,,Har aldrig varit registrerad för F-skatt,Är registrerad för moms,Har aldrig varit registrerad som arbetsgivare,0 anställda,Postadress är OK,"Tar emot reklam, ej telefonnummerspärrat"
1030210395,161030210395,"ELIASSONS DÖDSBO, DAN MAGNUS",,Oskiftade dödsbon,Ej aktiebolag,2026-04-07,2026-04-07,,Normalläge,Är verksam,Skogsförvaltning,02101,Smedjebacken,Dalarna,Ludvika,SJÖHAGSVÄGEN 19,777 94,SÖDERBÄRKE,,,Har aldrig varit registrerad för F-skatt,Är registrerad för moms,Har aldrig varit registrerad som arbetsgivare,0 anställda,Postadress är OK,"Tar emot reklam, ej telefonnummerspärrat"
1030276214,161030276214,"OSKARSSONS DÖDSBO, JÖRGEN",,Oskiftade dödsbon,Ej aktiebolag,2026-04-07,2026-04-07,,Normalläge,Är verksam,Skogsförvaltning,02101,Årjäng,Värmland,Arvika,BUSTELUND SANDVIKEN 2,672 92,ÅRJÄNG,,,Har aldrig varit registrerad för F-skatt,Är registrerad för moms,Har aldrig varit registrerad som arbetsgivare,0 anställda,Postadress är OK,"Tar emot reklam, ej telefonnummerspärrat"
1030293524,161030293524,"EKMANS DÖDSBO, LENNART",,Oskiftade dödsbon,Ej aktiebolag,2026-04-07,2026-04-07,,Normalläge,Är verksam,Skogsförvaltning,02101,Robertsfors,Västerbotten,Umeå,BERGNERSBACKEN 17,915 94,ÅNÄSET,,,Har aldrig varit registrerad för F-skatt,Är registrerad för moms,Har aldrig varit registrerad som arbetsgivare,0 anställda,Postadress är OK,"Tar emot reklam, ej telefonnummerspärrat"
1030298127,161030298127,"JONSTENS DÖDSBO, HILDUR BIRGITTA",,Oskiftade dödsbon,Ej aktiebolag,2026-04-07,,,Normalläge,Har aldrig varit verksam,Okänd,00000,Piteå,Norrbotten,Piteå,HELIOSGATAN 12 B LGH 1503,120 78,STOCKHOLM,,,Har aldrig varit registrerad för F-skatt,Har aldrig varit registrerad för moms,Är registrerad som privatarbetsgivare,0 anställda,Postadress är OK,"Tar emot reklam, ej telefonnummerspärrat"
1030298838,161030298838,"JOHANSSONS DÖDSBO, BENGT",,Oskiftade dödsbon,Ej aktiebolag,2026-04-07,2026-04-07,,Normalläge,Är verksam,Uppfödning av får och getter,01450,Mönsterås,Kalmar,Oskarshamn,NYEBO 406,384 91,BLOMSTERMÅLA,,,Är registrerad för F-skatt,Är registrerad för moms,Har aldrig varit registrerad som arbetsgivare,0 anställda,Postadress är OK,"Tar emot reklam, ej telefonnummerspärrat"
1030299075,161030299075,"CEDERGRENS DÖDSBO, ROLF HUGO",,Oskiftade dödsbon,Ej aktiebolag,2026-04-07,,,Normalläge,Har aldrig varit verksam,Okänd,00000,Simrishamn,Skåne,Ystad/Simrishamn,KARHÖGSTORG 4 B LGH 1402,223 55,LUND,,,Har aldrig varit registrerad för F-skatt,Har aldrig varit registrerad för moms,Är registrerad som privatarbetsgivare,0 anställda,Postadress är OK,"Tar emot reklam, ej telefonnummerspärrat"
1030299646,161030299646,"LIDSTRÖMS DÖDSBO, KARL OLOV ANDERS",,Oskiftade dödsbon,Ej aktiebolag,2026-04-07,,,Normalläge,Har aldrig varit verksam,Okänd,00000,Luleå,Norrbotten,Luleå/Boden,TIMMERMANSGATAN 52  LGH 1402,972 41,LULEÅ,,,Har aldrig varit registrerad för F-skatt,Har aldrig varit registrerad för moms,Är registrerad som privatarbetsgivare,0 anställda,Postadress är OK,"Tar emot reklam, ej telefonnummerspärrat"
1030299661,161030299661,"MYLLÄRIS DÖDSBO, MONIKA MIRJAMI",,Oskiftade dödsbon,Ej aktiebolag,2026-04-07,,,Normalläge,Har aldrig varit verksam,Okänd,00000,Kramfors,Västernorrland,Härnösand/Kramfors,ESPLANADEN 10  FAMILJENS JURIST,852 32,SUNDSVALL,,,Har aldrig varit registrerad för F-skatt,Har aldrig varit registrerad för moms,Är registrerad som privatarbetsgivare,0 anställda,Postadress är OK,"Tar emot reklam, ej telefonnummerspärrat"
1030299679,161030299679,"ZABORSKIS DÖDSBO, STANISLAW",,Oskiftade dödsbon,Ej aktiebolag,2026-04-07,,,Normalläge,Har aldrig varit verksam,Okänd,00000,Göteborg,Västra Götaland,Göteborg,BERGMANSGÅNGEN 3,431 30,MÖLNDAL,,,Har aldrig varit registrerad för F-skatt,Har aldrig varit registrerad för moms,Är registrerad som privatarbetsgivare,0 anställda,Postadress är OK,"Tar emot reklam, ej telefonnummerspärrat"
1030299687,161030299687,"HANSSONS DÖDSBO, JÖRGEN",,Oskiftade dödsbon,Ej aktiebolag,2026-04-07,,,Normalläge,Har aldrig varit verksam,Okänd,00000,Karlshamn,Blekinge,Karlshamn,LINGONSTIGEN 1,374 40,KARLSHAMN,,,Har aldrig varit registrerad för F-skatt,Har aldrig varit registrerad för moms,Är registrerad som privatarbetsgivare,0 anställda,Postadress är OK,"Tar emot reklam, ej telefonnummerspärrat"
1030299836,161030299836,"PAULSSONS DÖDSBO, EVY",,Oskiftade dödsbon,Ej aktiebolag,2026-04-07,,,Normalläge,Har aldrig varit verksam,Okänd,00000,Malmö,Skåne,Malmö/Lund/Trelleborg,KÖPENHAMNSVÄGEN 40  PETER BJÖRNSTEDT,217 71,MALMÖ,,,Har aldrig varit registrerad för F-skatt,Har aldrig varit registrerad för moms,Är registrerad som privatarbetsgivare,0 anställda,Postadress är OK,"Tar emot reklam, ej telefonnummerspärrat"
1505288454,201505288454,"Brinche, Douglas",,Fysiska personer,Ej aktiebolag,2026-04-07,,,Normalläge,Har aldrig varit verksam,Okänd,00000,Södertälje,Stockholm,Stockholm/Södertälje,BODASTIGEN 5  LGH 1401,151 68,SÖDERTÄLJE,,,Har aldrig varit registrerad för F-skatt,Har aldrig varit registrerad för moms,Är registrerad som privatarbetsgivare,0 anställda,Postadress är OK,"Tar emot reklam, ej telefonnummerspärrat"
2810113577,192810113577,"Jönsson, Nils Artur",,Fysiska personer,Ej aktiebolag,2026-04-07,,,Normalläge,Har aldrig varit verksam,Okänd,00000,Hässleholm,Skåne,Hässleholm,GAMLA VÄGEN 8,282 67,VITTSJÖ,,,Har aldrig varit registrerad för F-skatt,Har aldrig varit registrerad för moms,Är registrerad som privatarbetsgivare,0 anställda,Postadress är OK,"Tar emot reklam, ej telefonnummerspärrat"
3024267944,163024267944,"KLOUMAN, MARIANNE ELISABETH",,Fysiska personer,Ej aktiebolag,2026-04-07,2026-04-07,,Normalläge,Är verksam,Annan övrig utbildning,85599,Kommunkod saknas,Län okänd,A-region okänd,OSCARS GATE 6C 0352 OSLO,,UTLANDET,,,Har aldrig varit registrerad för F-skatt,Är registrerad för moms,Har aldrig varit registrerad som arbetsgivare,0 anställda,Utländsk postadress,"Tar emot reklam, ej telefonnummerspärrat"
3024380887,163024380887,"SOLLIE, JAN",,Fysiska personer,Ej aktiebolag,2026-04-07,2026-04-07,,Normalläge,Är verksam,Blandat jordbruk,01500,Kommunkod saknas,Län okänd,A-region okänd,LILLEVEIEN 60 1870 ÖRJE,,UTLANDET,,,Har aldrig varit registrerad för F-skatt,Är registrerad för moms,Har aldrig varit registrerad som arbetsgivare,0 anställda,Utländsk postadress,"Tar emot reklam, ej telefonnummerspärrat"
3024747481,163024747481,"Arzoimanian, Jake Tyler",,Fysiska personer,Ej aktiebolag,2026-04-07,2026-04-07,,Normalläge,Är verksam,Detaljhandel via internet eller postorder med brett sortiment,47123,Kommunkod saknas,Län okänd,A-region okänd,MASTER LUBWEI 46 NL 9263 PG GARYP,,UTLANDET,,,Har aldrig varit registrerad för F-skatt,Är registrerad för moms,Har aldrig varit registrerad som arbetsgivare,0 anställda,Utländsk postadress,"Tar emot reklam, ej telefonnummerspärrat"
3024749586,163024749586,"Burén, Nils Stefan",,Fysiska personer,Ej aktiebolag,2026-04-07,2026-04-07,,Normalläge,Är verksam,Skogsförvaltning,02101,Kommunkod saknas,Län okänd,A-region okänd,"CALLE HUERTA DE LA SACEDILLA 3 PUERTA 1 28221 MAJADAHONDA, MADRID",,UTLANDET,,,Har aldrig varit registrerad för F-skatt,Är registrerad för moms,Har aldrig varit registrerad som arbetsgivare,0 anställda,Utländsk postadress,"Tar emot reklam, ej telefonnummerspärrat"
3024752192,163024752192,"Ivarsson, Robin",,Fysiska personer,Ej aktiebolag,2026-04-07,2026-04-07,,Normalläge,Är verksam,Stug- och rumsuthyrning,55202,Kommunkod saknas,Län okänd,A-region okänd,XALET HORT DEL QUER CARRETERA DELS CORTALS DE SISPONY 6 AD400 LA MASSANA,,UTLANDET,,,Är registrerad för F-skatt,Har aldrig varit registrerad för moms,Har aldrig varit registrerad som arbetsgivare,0 anställda,Utländsk postadress,"Tar emot reklam, ej telefonnummerspärrat"
3024752325,163024752325,"Prucha, Simon",,Fysiska personer,Ej aktiebolag,2026-04-07,2026-04-07,,Normalläge,Är verksam,Anläggningsarbeten för telekommunikation,42222,Kommunkod saknas,Län okänd,A-region okänd,PLZENSKA 3102 CZ - 27201 KLADNO,,UTLANDET,,,Är registrerad för F-skatt,Har aldrig varit registrerad för moms,Har aldrig varit registrerad som arbetsgivare,0 anställda,Utländsk postadress,"Tar emot reklam, ej telefonnummerspärrat"
3024752465,163024752465,"Potoczny, Dariusz",,Fysiska personer,Ej aktiebolag,2026-04-07,2026-04-07,,Normalläge,Är verksam,Värme- och sanitetsarbeten,43221,Kommunkod saknas,Län okänd,A-region okänd,WEGIERSKA 1 D PL 36-065 DYNOW,,UTLANDET,,,Är registrerad för F-skatt,Har aldrig varit registrerad för moms,Har aldrig varit registrerad som arbetsgivare,0 anställda,Utländsk postadress,"Tar emot reklam, ej telefonnummerspärrat"
3105147387,193105147387,"Lakstedt, Ingrid",,Fysiska personer,Ej aktiebolag,2026-04-07,,,Normalläge,Har aldrig varit verksam,Okänd,00000,Stockholm,Stockholm,Stockholm/Södertälje,BEGONIEVÄGEN 12,311 33,FALKENBERG,,,Har aldrig varit registrerad för F-skatt,Har aldrig varit registrerad för moms,Är registrerad som privatarbetsgivare,0 anställda,Postadress är OK,"Tar emot reklam, ej telefonnummerspärrat"
3408106221,193408106221,"Lundin, Gunborg",,Fysiska personer,Ej aktiebolag,2026-04-07,,,Normalläge,Har aldrig varit verksam,Okänd,00000,Arvika,Värmland,Arvika,TORGGATAN 6,671 31,ARVIKA,,,Har aldrig varit registrerad för F-skatt,Har aldrig varit registrerad för moms,Är registrerad som privatarbetsgivare,0 anställda,Postadress är OK,"Tar emot reklam, ej telefonnummerspärrat"
3410053940,193410053940,"Stjernström, Svea",,Fysiska personer,Ej aktiebolag,2026-04-07,,,Normalläge,Har aldrig varit verksam,Okänd,00000,Karlshamn,Blekinge,Karlshamn,HEXÖVÄGEN 22,294 35,SÖLVESBORG,,,Har aldrig varit registrerad för F-skatt,Har aldrig varit registrerad för moms,Är registrerad som privatarbetsgivare,0 anställda,Postadress är OK,"Tar emot reklam, ej telefonnummerspärrat"
3411234028,193411234028,"Svensson, Ulla Kerstin",,Fysiska personer,Ej aktiebolag,2026-04-07,,,Normalläge,Har aldrig varit verksam,Okänd,00000,Helsingborg,Skåne,Helsingborg/Landskrona,BÄRNSTENSVÄGEN 5,284 35,PERSTORP,,,Har aldrig varit registrerad för F-skatt,Har aldrig varit registrerad för moms,Är registrerad som privatarbetsgivare,0 anställda,Postadress är OK,"Tar emot reklam, ej telefonnummerspärrat"
3504307848,193504307848,"Eriksson, Gun Marianne",,Fysiska personer,Ej aktiebolag,2026-04-07,,,Normalläge,Har aldrig varit verksam,Okänd,00000,Stockholm,Stockholm,Stockholm/Södertälje,BERGVIKSGATAN 12  LGH 1501,152 44,SÖDERTÄLJE,,,Har aldrig varit registrerad för F-skatt,Har aldrig varit registrerad för moms,Är registrerad som privatarbetsgivare,0 anställda,Postadress är OK,"Tar emot reklam, ej telefonnummerspärrat"
3509063586,193509063586,"Johansson, Klary Maj-Britt",,Fysiska personer,Ej aktiebolag,2026-04-07,,,Normalläge,Har aldrig varit verksam,Okänd,00000,Tomelilla,Skåne,Ystad/Simrishamn,SNAPPARPSVÄGEN 30,277 45,SANKT OLOF,,,Har aldrig varit registrerad för F-skatt,Har aldrig varit registrerad för moms,Är registrerad som privatarbetsgivare,0 anställda,Postadress är OK,"Tar emot reklam, ej telefonnummerspärrat"
3510183217,193510183217,"Larsson, Martin",,Fysiska personer,Ej aktiebolag,2026-04-07,,,Normalläge,Har aldrig varit verksam,Okänd,00000,Karlshamn,Blekinge,Karlshamn,LINDGATAN 10,242 35,HÖRBY,,,Har aldrig varit registrerad för F-skatt,Har aldrig varit registrerad för moms,Är registrerad som privatarbetsgivare,0 anställda,Postadress är OK,"Tar emot reklam, ej telefonnummerspärrat"
3610080040,193610080040,"Rosberg, Kerstin Asta Lena-Gull",,Fysiska personer,Ej aktiebolag,2026-04-07,,,Normalläge,Har aldrig varit verksam,Okänd,00000,Huddinge,Stockholm,Stockholm/Södertälje,KYRKGATAN 13 A,148 70,SORUNDA,,,Har aldrig varit registrerad för F-skatt,Har aldrig varit registrerad för moms,Är registrerad som privatarbetsgivare,0 anställda,Postadress är OK,"Tar emot reklam, ej telefonnummerspärrat"
3704218506,193704218506,"Widmark, Lisbet",,Fysiska personer,Ej aktiebolag,2026-04-07,2026-04-07,,Normalläge,Är verksam,Skogsförvaltning,02101,Skellefteå,Västerbotten,Skellefteå,BODBYSUND 75,937 93,BURTRÄSK,,,Har aldrig varit registrerad för F-skatt,Är registrerad för moms,Har aldrig varit registrerad som arbetsgivare,0 anställda,Postadress är OK,"Tar emot reklam, ej telefonnummerspärrat"
3707056432,193707056432,"Larsson, Karl Erik",,Fysiska personer,Ej aktiebolag,2026-04-07,,,Normalläge,Har aldrig varit verksam,Okänd,00000,Sunne,Värmland,Karlstad,SANDGATAN 6 I,686 31,SUNNE,,,Har aldrig varit registrerad för F-skatt,Har aldrig varit registrerad för moms,Är registrerad som privatarbetsgivare,0 anställda,Postadress är OK,"Tar emot reklam, ej telefonnummerspärrat"
3802169684,193802169684,"Vinberg, Brita",,Fysiska personer,Ej aktiebolag,2026-04-07,,,Normalläge,Har aldrig varit verksam,Okänd,00000,Göteborg,Västra Götaland,Göteborg,PER DUBBSGATAN 4 A LGH 1110,413 46,GÖTEBORG,,,Har aldrig varit registrerad för F-skatt,Har aldrig varit registrerad för moms,Är registrerad som privatarbetsgivare,0 anställda,Postadress är OK,"Tar emot reklam, ej telefonnummerspärrat"
3808089878,193808089878,"Bouibaouere, Ismail",,Fysiska personer,Ej aktiebolag,2026-04-07,,,Normalläge,Har aldrig varit verksam,Okänd,00000,Stockholm,Stockholm,Stockholm/Södertälje,ORIONGATAN 195,195 55,MÄRSTA,,,Har aldrig varit registrerad för F-skatt,Har aldrig varit registrerad för moms,Är registrerad som privatarbetsgivare,0 anställda,Postadress är OK,"Tar emot reklam, ej telefonnummerspärrat"
3909266102,193909266102,"Hult, Inga-Britt Lillemor",,Fysiska personer,Ej aktiebolag,2026-04-07,,,Normalläge,Har aldrig varit verksam,Okänd,00000,Skara,Västra Götaland,Lidköping/Skara,TUNNLANDSVÄGEN 1 C,531 59,LIDKÖPING,,,Har aldrig varit registrerad för F-skatt,Har aldrig varit registrerad för moms,Är registrerad som privatarbetsgivare,0 anställda,Postadress är OK,"Tar emot reklam, ej telefonnummerspärrat"
4001085705,194001085705,"Falk, Berit",,Fysiska personer,Ej aktiebolag,2026-04-07,2026-04-07,,Normalläge,Är verksam,Skogsförvaltning,02101,Vetlanda,Jönköping,Eksjö/Nässjö/Vetlanda,SÖDRA KYRKOGATAN 6  LGH 1010,574 75,KORSBERGA,,,Är registrerad för F-skatt,Är registrerad för moms,Har aldrig varit registrerad som arbetsgivare,0 anställda,Postadress är OK,"Tar emot reklam, ej telefonnummerspärrat"
4005034535,194005034535,"Månsson, Arne Valdemar",,Fysiska personer,Ej aktiebolag,2026-04-07,,,Normalläge,Har aldrig varit verksam,Okänd,00000,Svedala,Skåne,Malmö/Lund/Trelleborg,ÅKERBÄRSVÄGEN 12,231 38,TRELLEBORG,,,Har aldrig varit registrerad för F-skatt,Har aldrig varit registrerad för moms,Är registrerad som privatarbetsgivare,0 anställda,Postadress är OK,"Tar emot reklam, ej telefonnummerspärrat"
4006049383,194006049383,"Bergstrand, Maija Kaarina",,Fysiska personer,Ej aktiebolag,2026-04-07,,,Normalläge,Har aldrig varit verksam,Okänd,00000,Borås,Västra Götaland,Borås,DAMASTGATAN 7,507 34,BRÄMHULT,,,Har aldrig varit registrerad för F-skatt,Har aldrig varit registrerad för moms,Är registrerad som privatarbetsgivare,0 anställda,Postadress är OK,"Tar emot reklam, ej telefonnummerspärrat"
4007302468,194007302468,"Albertsson, Inger",,Fysiska personer,Ej aktiebolag,2026-04-07,,,Normalläge,Har aldrig varit verksam,Okänd,00000,Hörby,Skåne,Eslöv,BOCKABODA GÅRD 308  ÄSKERÖD,243 92,HÖÖR,,,Har aldrig varit registrerad för F-skatt,Har aldrig varit registrerad för moms,Är registrerad som privatarbetsgivare,0 anställda,Postadress är OK,"Tar emot reklam, ej telefonnummerspärrat"
4008088413,194008088413,"Bixo, Jan Erik",,Fysiska personer,Ej aktiebolag,2026-04-07,2026-04-07,,Normalläge,Är verksam,Stödverksamhet avseende skogsbruk,02400,Östersund,Jämtland,Östersund,FÅGELBÄRSVÄGEN 25,831 62,ÖSTERSUND,,,Är registrerad för F-skatt,Är registrerad för moms,Har aldrig varit registrerad som arbetsgivare,0 anställda,Postadress är OK,"Tar emot reklam, ej telefonnummerspärrat"
4012148005,194012148005,"Johansson, Ingrid",,Fysiska personer,Ej aktiebolag,2026-04-07,,,Normalläge,Har aldrig varit verksam,Okänd,00000,Örnsköldsvik,Västernorrland,Örnsköldsvik,NYÅKER 212,893 92,BJÄSTA,,,Har aldrig varit registrerad för F-skatt,Har aldrig varit registrerad för moms,Är registrerad som privatarbetsgivare,0 anställda,Postadress är OK,"Tar emot reklam, ej telefonnummerspärrat"
4108209265,194108209265,"Kotka, Aili",,Fysiska personer,Ej aktiebolag,2026-04-07,,,Normalläge,Har aldrig varit verksam,Okänd,00000,Västerås,Västmanland,Västerås,SYRÉNVÄGEN 4,722 45,VÄSTERÅS,,,Har aldrig varit registrerad för F-skatt,Har aldrig varit registrerad för moms,Är registrerad som privatarbetsgivare,0 anställda,Postadress är OK,"Tar emot reklam, ej telefonnummerspärrat"
4210054864,194210054864,"Larsson, Inga",,Fysiska personer,Ej aktiebolag,2026-04-07,,,Normalläge,Har aldrig varit verksam,Okänd,00000,Uddevalla,Västra Götaland,Uddevalla,FAGERLIDEN 6,451 93,UDDEVALLA,,,Har aldrig varit registrerad för F-skatt,Har aldrig varit registrerad för moms,Är registrerad som privatarbetsgivare,0 anställda,Postadress är OK,"Tar emot reklam, ej telefonnummerspärrat"
4210239028,194210239028,"Stoltz, Eva Ingegerd",,Fysiska personer,Ej aktiebolag,2026-04-07,,,Normalläge,Har aldrig varit verksam,Okänd,00000,Stockholm,Stockholm,Stockholm/Södertälje,MÅBÄRSSTIGEN 40  LGH 14,165 65,HÄSSELBY,,,Har aldrig varit registrerad för F-skatt,Har aldrig varit registrerad för moms,Är registrerad som privatarbetsgivare,0 anställda,Postadress är OK,"Tar emot reklam, ej telefonnummerspärrat"
4301051670,194301051670,"Samuelsson, Rolf Bertil Erik",,Fysiska personer,Ej aktiebolag,2026-04-07,,,Normalläge,Har aldrig varit verksam,Okänd,00000,Flen,Södermanland,Katrineholm,GROPÄNGSVÄGEN 33,641 35,KATRINEHOLM,,,Har aldrig varit registrerad för F-skatt,Har aldrig varit registrerad för moms,Är registrerad som privatarbetsgivare,0 anställda,Postadress är OK,"Tar emot reklam, ej telefonnummerspärrat"
4303038782,194303038782,"Lundgren, Gunborg Astrid Linnéa",,Fysiska personer,Ej aktiebolag,2026-04-07,,,Normalläge,Har aldrig varit verksam,Okänd,00000,Skellefteå,Västerbotten,Skellefteå,BÅGVÄGEN 11,931 63,SKELLEFTEÅ,,,Har aldrig varit registrerad för F-skatt,Har aldrig varit registrerad för moms,Är registrerad som privatarbetsgivare,0 anställda,Postadress är OK,"Tar emot reklam, ej telefonnummerspärrat"
4310146727,194310146727,"Larsson, Astrid Margareta",,Fysiska personer,Ej aktiebolag,2026-04-07,,,Normalläge,Har aldrig varit verksam,Okänd,00000,Stockholm,Stockholm,Stockholm/Södertälje,BYGGMÄSTARVÄGEN 79,141 73,SEGELTORP,,,Har aldrig varit registrerad för F-skatt,Har aldrig varit registrerad för moms,Är registrerad som privatarbetsgivare,0 anställda,Postadress är OK,"Tar emot reklam, ej telefonnummerspärrat"
4311108403,194311108403,"Alexandersson, Majt Elsa Christina",,Fysiska personer,Ej aktiebolag,2026-04-07,2026-04-07,,Normalläge,Är verksam,Skogsförvaltning,02101,Åre,Jämtland,Östersund,BÄCK 230,845 91,HALLEN,,,Har aldrig varit registrerad för F-skatt,Är registrerad för moms,Har aldrig varit registrerad som arbetsgivare,0 anställda,Postadress är OK,"Tar emot reklam, ej telefonnummerspärrat"
4403259668,194403259668,"Martinsaari, Anja",,Fysiska personer,Ej aktiebolag,2026-04-07,,,Normalläge,Har aldrig varit verksam,Okänd,00000,Botkyrka,Stockholm,Stockholm/Södertälje,VINTERVÄGEN 10  LGH 1101,611 36,NYKÖPING,,,Har aldrig varit registrerad för F-skatt,Har aldrig varit registrerad för moms,Är registrerad som privatarbetsgivare,0 anställda,Postadress är OK,"Tar emot reklam, ej telefonnummerspärrat"
4409290725,194409290725,"Ölwing, Yvonne Karin",,Fysiska personer,Ej aktiebolag,2026-04-07,,,Normalläge,Har aldrig varit verksam,Okänd,00000,Nyköping,Södermanland,Nyköping,FOTBOLLSVÄGEN 30 A LGH 1101,611 68,NYKÖPING,,,Har aldrig varit registrerad för F-skatt,Har aldrig varit registrerad för moms,Är registrerad som privatarbetsgivare,0 anställda,Postadress är OK,"Tar emot reklam, ej telefonnummerspärrat"
4505018541,194505018541,"Nilsson, Carin Mariana",,Fysiska personer,Ej aktiebolag,2026-04-07,,,Normalläge,Har aldrig varit verksam,Okänd,00000,Robertsfors,Västerbotten,Umeå,FREDRIKSFORS 32,915 91,ROBERTSFORS,,,Har aldrig varit registrerad för F-skatt,Har aldrig varit registrerad för moms,Är registrerad som privatarbetsgivare,0 anställda,Postadress är OK,"Tar emot reklam, ej telefonnummerspärrat"
4509084192,194509084192,"Bramgärde, Boris Kenneth",,Fysiska personer,Ej aktiebolag,2026-04-07,,,Normalläge,Har aldrig varit verksam,Okänd,00000,Helsingborg,Skåne,Helsingborg/Landskrona,VON PLATENS ALLÉ 57  LGH 0032,256 57,RAMLÖSA,,,Har aldrig varit registrerad för F-skatt,Har aldrig varit registrerad för moms,Är registrerad som privatarbetsgivare,0 anställda,Postadress är OK,"Tar emot reklam, ej telefonnummerspärrat"
4601087143,194601087143,"Rohdin, Irene Ingegerd",,Fysiska personer,Ej aktiebolag,2026-04-07,2026-04-07,,Normalläge,Är verksam,Skogsförvaltning,02101,Säter,Dalarna,Borlänge/Falun,BOBERG 2,781 62,GUSTAFS,,,Har aldrig varit registrerad för F-skatt,Är registrerad för moms,Har aldrig varit registrerad som arbetsgivare,0 anställda,Postadress är OK,"Tar emot reklam, ej telefonnummerspärrat"
4601099338,194601099338,"Hennings, Hans-Jürgen",,Fysiska personer,Ej aktiebolag,2026-04-07,,,Normalläge,Har aldrig varit verksam,Okänd,00000,Växjö,Kronoberg,Växjö,VALLMÄSTAREVÄGEN 39,352 61,VÄXJÖ,,,Har aldrig varit registrerad för F-skatt,Har aldrig varit registrerad för moms,Är registrerad som privatarbetsgivare,0 anställda,Postadress är OK,"Tar emot reklam, ej telefonnummerspärrat"
4604224842,194604224842,"Cederberg, Gunnel Linnéa",,Fysiska personer,Ej aktiebolag,2026-04-07,2026-04-07,,Normalläge,Är verksam,Skogsförvaltning,02101,Strömstad,Västra Götaland,Uddevalla,HJÄLMSTAD RÖNNINGEN 1,452 94,STRÖMSTAD,,,Har aldrig varit registrerad för F-skatt,Är registrerad för moms,Har aldrig varit registrerad som arbetsgivare,0 anställda,Postadress är OK,"Tar emot reklam, ej telefonnummerspärrat"
4606074138,194606074138,"Jönsson, Allan",,Fysiska personer,Ej aktiebolag,2026-04-07,,,Normalläge,Har aldrig varit verksam,Okänd,00000,Landskrona,Skåne,Helsingborg/Landskrona,DROTTNINGGÅRDEN 173,261 46,LANDSKRONA,,,Har aldrig varit registrerad för F-skatt,Har aldrig varit registrerad för moms,Är registrerad som privatarbetsgivare,0 anställda,Postadress är OK,"Tar emot reklam, ej telefonnummerspärrat"
4606161653,194606161653,"Wallin, Tomas",,Fysiska personer,Ej aktiebolag,2026-04-07,,,Normalläge,Har aldrig varit verksam,Okänd,00000,Flen,Södermanland,Katrineholm,GROPÄNGSVÄGEN 33,641 35,KATRINEHOLM,,,Har aldrig varit registrerad för F-skatt,Har aldrig varit registrerad för moms,Är registrerad som privatarbetsgivare,0 anställda,Postadress är OK,"Tar emot reklam, ej telefonnummerspärrat"
4607089051,194607089051,"Nilsson, Karl Östen",,Fysiska personer,Ej aktiebolag,2026-04-07,2026-04-07,,Normalläge,Är verksam,Skogsförvaltning,02101,Älvsbyn,Norrbotten,Piteå,TURISTGATAN 20,942 34,ÄLVSBYN,,,Har aldrig varit registrerad för F-skatt,Är registrerad för moms,Har aldrig varit registrerad som arbetsgivare,0 anställda,Postadress är OK,"Tar emot reklam, ej telefonnummerspärrat"
4609090875,194609090875,"Naukkarinen, Rauli Kalervo",,Fysiska personer,Ej aktiebolag,2026-04-07,,,Normalläge,Har aldrig varit verksam,Okänd,00000,Essunga,Västra Götaland,Lidköping/Skara,HÄSTHOVSVÄGEN 22,467 35,GRÄSTORP,,,Har aldrig varit registrerad för F-skatt,Har aldrig varit registrerad för moms,Är registrerad som privatarbetsgivare,0 anställda,Postadress är OK,"Tar emot reklam, ej telefonnummerspärrat"
4610072425,194610072425,"Olsson, Marianne",,Fysiska personer,Ej aktiebolag,2026-04-07,,,Normalläge,Har aldrig varit verksam,Okänd,00000,Falkenberg,Halland,Falkenberg/Varberg,SMULTRONSTIGEN 22 D,311 93,LÅNGÅS,,,Har aldrig varit registrerad för F-skatt,Har aldrig varit registrerad för moms,Är registrerad som privatarbetsgivare,0 anställda,Postadress är OK,"Tar emot reklam, ej telefonnummerspärrat"
4612297830,194612297830,"Andersson, Julius",,Fysiska personer,Ej aktiebolag,2026-04-07,,,Normalläge,Har aldrig varit verksam,Okänd,00000,Borås,Västra Götaland,Borås,LUNDASKOGSVÄGEN 25 H LGH 1101,504 63,BORÅS,,,Har aldrig varit registrerad för F-skatt,Har aldrig varit registrerad för moms,Är registrerad som privatarbetsgivare,0 anställda,Postadress är OK,"Tar emot reklam, ej telefonnummerspärrat"
4703295933,194703295933,"Kronberg, Göran",,Fysiska personer,Ej aktiebolag,2026-04-07,2026-04-07,,Normalläge,Är verksam,Magasinering och varulagring,52100,Ängelholm,Skåne,Ängelholm,ANNIES VÄG 4,266 97,HJÄRNARP,,,Är registrerad för F-skatt,Är registrerad för moms,Har aldrig varit registrerad som arbetsgivare,0 anställda,Postadress är OK,"Tar emot reklam, ej telefonnummerspärrat"
4710239130,194710239130,"Johansson, Karl Sigvard",,Fysiska personer,Ej aktiebolag,2026-04-07,,,Normalläge,Har aldrig varit verksam,Okänd,00000,Luleå,Norrbotten,Luleå/Boden,KLOCKARVÄGEN 34,942 33,ÄLVSBYN,,,Har aldrig varit registrerad för F-skatt,Har aldrig varit registrerad för moms,Är registrerad som privatarbetsgivare,0 anställda,Postadress är OK,"Tar emot reklam, ej telefonnummerspärrat"
4712150178,194712150178,"Ramsell, Ove",,Fysiska personer,Ej aktiebolag,2026-04-07,,,Normalläge,Har aldrig varit verksam,Okänd,00000,Sollentuna,Stockholm,Stockholm/Södertälje,HÖGBYVÄGEN 166,175 54,JÄRFÄLLA,,,Har aldrig varit registrerad för F-skatt,Har aldrig varit registrerad för moms,Är registrerad som privatarbetsgivare,0 anställda,Postadress är OK,"Tar emot reklam, ej telefonnummerspärrat"
4805054378,194805054378,"Roslund, Olle",,Fysiska personer,Ej aktiebolag,2026-04-07,,,Normalläge,Har aldrig varit verksam,Okänd,00000,Göteborg,Västra Götaland,Göteborg,RÅHULTSVÄGEN 14,433 75,JONSERED,,,Har aldrig varit registrerad för F-skatt,Har aldrig varit registrerad för moms,Är registrerad som privatarbetsgivare,0 anställda,Postadress är OK,"Tar emot reklam, ej telefonnummerspärrat"
4807152287,194807152287,"Bruér, Elzbieta",,Fysiska personer,Ej aktiebolag,2026-04-07,,,Normalläge,Har aldrig varit verksam,Okänd,00000,Malmö,Skåne,Malmö/Lund/Trelleborg,MALVASTIGEN 27,237 37,BJÄRRED,,,Har aldrig varit registrerad för F-skatt,Har aldrig varit registrerad för moms,Är registrerad som privatarbetsgivare,0 anställda,Postadress är OK,"Tar emot reklam, ej telefonnummerspärrat"
4909226344,194909226344,"Nilsson, Gun-Britt",,Fysiska personer,Ej aktiebolag,2026-04-07,,,Normalläge,Har aldrig varit verksam,Okänd,00000,Torsby,Värmland,Karlstad,SUNDHULTSMON 16,680 60,SYSSLEBÄCK,,,Har aldrig varit registrerad för F-skatt,Har aldrig varit registrerad för moms,Är registrerad som privatarbetsgivare,0 anställda,Postadress är OK,"Tar emot reklam, ej telefonnummerspärrat"
5021014609,165021014609,RELAXDAYS GMBH,,Utländska juridiska personer,Ej aktiebolag,2026-04-07,2026-04-07,,Normalläge,Är verksam,"Datainfrastruktur, databehandling, hosting o.d.",63100,Ej svensk hemortskommun,Ej svenskt län,A-region okänd,BERLINER STRASSE 191 DE 06116 HALLE (SAALE),,UTLANDET,,,Har aldrig varit registrerad för F-skatt,Är registrerad för moms,Har aldrig varit registrerad som arbetsgivare,0 anställda,Utländsk postadress,"Tar emot reklam, ej telefonnummerspärrat"
5021014617,165021014617,U.S.ICEPLACE AS,,Utländska juridiska personer,Ej aktiebolag,2026-04-07,2026-04-07,,Normalläge,Är verksam,Mobil restaurangverksamhet,56120,Ej svensk hemortskommun,Ej svenskt län,A-region okänd,HESTEHOVEN 38 NO 3086 HOLMESTRAND,,UTLANDET,,,Är registrerad för F-skatt,Är registrerad för moms,Har aldrig varit registrerad som arbetsgivare,0 anställda,Utländsk postadress,"Tar emot reklam, ej telefonnummerspärrat"
5021014625,165021014625,ELEDA RAIL NORGE AS,,Utländska juridiska personer,Ej aktiebolag,2026-04-07,2026-04-07,,Normalläge,Är verksam,Övrig teknisk konsultverksamhet,71129,Ej svensk hemortskommun,Ej svenskt län,A-region okänd,ROSENHOLMVN 25 POSTBOKS 474 BEDRIFTSENTERET 1411 KOLBOTN,,UTLANDET,,,Har aldrig varit registrerad för F-skatt,Har aldrig varit registrerad för moms,Är registrerad som vanlig arbetsgivare,1-9 anställda,Utländsk postadress,"Tar emot reklam, ej telefonnummerspärrat"
5021014633,165021014633,SHENZHENSHI YUANXIANG SHANGMAO YOUXIANGONGSI,,Utländska juridiska personer,Ej aktiebolag,2026-04-07,2026-04-07,,Normalläge,Är verksam,"Detaljhandel via internet eller postorder med möbler, belysningsartiklar, bordsartiklar och hushållsartiklar",47553,Ej svensk hemortskommun,Ej svenskt län,A-region okänd,LONGCHENGJIEDAOLONGHONGGESHEQU HUANGGEZHONGLUHUANGGECUIYUAN 5 SHENZHENSHI LONGGANGQU 518116,,UTLANDET,,,Har aldrig varit registrerad för F-skatt,Är registrerad för moms,Har aldrig varit registrerad som arbetsgivare,0 anställda,Utländsk postadress,"Tar emot reklam, ej telefonnummerspärrat"
5021014641,165021014641,ALLIANCE INFORMATION TECH LIMITED,,Utländska juridiska personer,Ej aktiebolag,2026-04-07,,,Normalläge,Har aldrig varit verksam,Okänd,00000,Ej svensk hemortskommun,Ej svenskt län,A-region okänd,10940 WILSHIRE BLVD SUITE 1600 LOS ANGELES CA 90024,,UTLANDET,,,Har aldrig varit registrerad för F-skatt,Har aldrig varit registrerad för moms,Har aldrig varit registrerad som arbetsgivare,0 anställda,Utländsk postadress,"Tar emot reklam, ej telefonnummerspärrat"
5021014658,165021014658,UNIT CAPITAL AG,,Utländska juridiska personer,Ej aktiebolag,2026-04-07,,,Normalläge,Har aldrig varit verksam,Okänd,00000,Ej svensk hemortskommun,Ej svenskt län,A-region okänd,RATHAUSSTRASSE 5 BAAR 6340,,UTLANDET,,,Har aldrig varit registrerad för F-skatt,Har aldrig varit registrerad för moms,Har aldrig varit registrerad som arbetsgivare,0 anställda,Utländsk postadress,"Tar emot reklam, ej telefonnummerspärrat"
5021014666,165021014666,KISTLER REAL ESTATE GMBH,,Utländska juridiska personer,Ej aktiebolag,2026-04-07,,,Normalläge,Har aldrig varit verksam,Okänd,00000,Ej svensk hemortskommun,Ej svenskt län,A-region okänd,GEWERBESTRASSE 7 CH-8864 RECHENBURG,,UTLANDET,,,Har aldrig varit registrerad för F-skatt,Har aldrig varit registrerad för moms,Har aldrig varit registrerad som arbetsgivare,0 anställda,Utländsk postadress,"Tar emot reklam, ej telefonnummerspärrat"
5021014674,165021014674,SANDSTONE SCANDINAVIA APS,,Utländska juridiska personer,Ej aktiebolag,2026-04-07,2026-04-07,,Normalläge,Är verksam,Detaljhandel via internet eller postorder med brett sortiment,47123,Ej svensk hemortskommun,Ej svenskt län,A-region okänd,KOCHSGADE 31D 5000 ODENSE C,,UTLANDET,,,Har aldrig varit registrerad för F-skatt,Är registrerad för moms,Har aldrig varit registrerad som arbetsgivare,0 anställda,Utländsk postadress,"Tar emot reklam, ej telefonnummerspärrat"
5021014682,165021014682,JOZEF KUTIS S.R.O.,,Utländska juridiska personer,Ej aktiebolag,2026-04-07,2026-04-07,,Normalläge,Är verksam,Annan övrig metallvarutillverkning,25999,Ej svensk hemortskommun,Ej svenskt län,A-region okänd,"35, BANOVCE NAD BEBRAVOU 1 95703 PRUSY",,UTLANDET,,,Är registrerad för F-skatt,Har aldrig varit registrerad för moms,Har aldrig varit registrerad som arbetsgivare,0 anställda,Utländsk postadress,"Tar emot reklam, ej telefonnummerspärrat"
5021014690,165021014690,EvaTech GmbH,,Utländska juridiska personer,Ej aktiebolag,2026-04-07,2026-04-07,,Normalläge,Är verksam,Ventilationsarbeten,43222,Ej svensk hemortskommun,Ej svenskt län,A-region okänd,ZIGEUNERWEG 4 82491 GRAINAU,,UTLANDET,,,Är registrerad för F-skatt,Har aldrig varit registrerad för moms,Har aldrig varit registrerad som arbetsgivare,0 anställda,Utländsk postadress,"Tar emot reklam, ej telefonnummerspärrat"
5021014708,165021014708,EKARO SIA,,Utländska juridiska personer,Ej aktiebolag,2026-04-07,2026-04-07,,Normalläge,Är verksam,Annan specialiserad bygg- och anläggningsverksamhet i samband med byggande av hus,43420,Ej svensk hemortskommun,Ej svenskt län,A-region okänd,"JUPITERA IELA 7-1 RAMAVA, KEKAVAS NOVADS, LV-2111",,UTLANDET,,,Har aldrig varit registrerad för F-skatt,Är registrerad för moms,Har aldrig varit registrerad som arbetsgivare,0 anställda,Utländsk postadress,"Tar emot reklam, ej telefonnummerspärrat"
5021014716,165021014716,ISA NORGE AS,,Utländska juridiska personer,Ej aktiebolag,2026-04-07,2026-04-07,,Normalläge,Är verksam,Partihandel med andra insatsvaror,46860,Ej svensk hemortskommun,Ej svenskt län,A-region okänd,KARIHAUGVEIEN 89 1086 OSLO,,UTLANDET,,,Har aldrig varit registrerad för F-skatt,Är registrerad för moms,Har aldrig varit registrerad som arbetsgivare,0 anställda,Utländsk postadress,"Tar emot reklam, ej telefonnummerspärrat"
5021014724,165021014724,RIID SIA,,Utländska juridiska personer,Ej aktiebolag,2026-04-07,2026-04-07,,Normalläge,Är verksam,Annan specialiserad bygg- och anläggningsverksamhet i samband med byggande av hus,43420,Ej svensk hemortskommun,Ej svenskt län,A-region okänd,"ZVEJNIEKU SLEJS 7-17 LIEPAJA, LV-3401",,UTLANDET,,,Är registrerad för F-skatt,Är registrerad för moms,Har aldrig varit registrerad som arbetsgivare,0 anställda,Utländsk postadress,"Tar emot reklam, ej telefonnummerspärrat"
5021014732,165021014732,FISKER SKANDERBORG A/S,,Utländska juridiska personer,Ej aktiebolag,2026-04-07,2026-04-07,,Normalläge,Är verksam,Andra bygginstallationer,43240,Ej svensk hemortskommun,Ej svenskt län,A-region okänd,NIELS BOHRS VEJ 16 8660 SKANDERBORG,,UTLANDET,,,Är registrerad för F-skatt,Har aldrig varit registrerad för moms,Har aldrig varit registrerad som arbetsgivare,0 anställda,Utländsk postadress,"Tar emot reklam, ej telefonnummerspärrat"
5021014740,165021014740,REYMOND HANSEN TOMRER APS,,Utländska juridiska personer,Ej aktiebolag,2026-04-07,2026-04-07,,Normalläge,Är verksam,Byggnadssnickeriarbeten,43320,Ej svensk hemortskommun,Ej svenskt län,A-region okänd,STAVKAERVEJ 44 THORUP 5220 ODENSE SO,,UTLANDET,,,Är registrerad för F-skatt,Är registrerad för moms,Har aldrig varit registrerad som arbetsgivare,0 anställda,Utländsk postadress,"Tar emot reklam, ej telefonnummerspärrat"
5021014757,165021014757,COCHLEAR LIMITED,,Utländska juridiska personer,Ej aktiebolag,2026-04-07,2026-04-07,,Normalläge,Är verksam,Partihandel med medicinsk utrustning och apoteksvaror,46460,Ej svensk hemortskommun,Ej svenskt län,A-region okänd,1 UNIVERSITY AVENUE MACQUARIE UNIVERSITY NSW 2109,,UTLANDET,,,Har aldrig varit registrerad för F-skatt,Är registrerad för moms,Har aldrig varit registrerad som arbetsgivare,0 anställda,Utländsk postadress,"Tar emot reklam, ej telefonnummerspärrat"
5021014765,165021014765,SKRYTHALS AS,,Utländska juridiska personer,Ej aktiebolag,2026-04-07,2026-04-07,,Normalläge,Är verksam,Reklambyråverksamhet,73111,Ej svensk hemortskommun,Ej svenskt län,A-region okänd,CANNINGGATA 1 7800 NAMSOS,,UTLANDET,,,Har aldrig varit registrerad för F-skatt,Har aldrig varit registrerad för moms,Är registrerad som vanlig arbetsgivare,1-9 anställda,Utländsk postadress,"Tar emot reklam, ej telefonnummerspärrat"
5021014773,165021014773,SPACENINE APS,,Utländska juridiska personer,Ej aktiebolag,2026-04-07,,,Normalläge,Har aldrig varit verksam,Okänd,00000,Ej svensk hemortskommun,Ej svenskt län,A-region okänd,"PILESTRÆDE 21, 2. 1 1112 KØBENHAVN K",,UTLANDET,,,Har aldrig varit registrerad för F-skatt,Har aldrig varit registrerad för moms,Har aldrig varit registrerad som arbetsgivare,0 anställda,Utländsk postadress,"Tar emot reklam, ej telefonnummerspärrat"
5021014781,165021014781,LB TITANIUM UK LTD,,Utländska juridiska personer,Ej aktiebolag,2026-04-07,2026-04-07,,Normalläge,Är verksam,Partihandel med kemiska produkter,46850,Ej svensk hemortskommun,Ej svenskt län,A-region okänd,"WINDER HOUSE, KINGFISHER WAY STOCKTON-ON-TEES, ENGLAND TS18 3EX",,UTLANDET,,,Har aldrig varit registrerad för F-skatt,Är registrerad för moms,Har aldrig varit registrerad som arbetsgivare,0 anställda,Utländsk postadress,"Tar emot reklam, ej telefonnummerspärrat"
5021014799,165021014799,MÖNSJ AS,,Utländska juridiska personer,Ej aktiebolag,2026-04-07,2026-04-07,,Normalläge,Är verksam,Detaljhandel med andra livsmedel utom hälsokost,47272,Ej svensk hemortskommun,Ej svenskt län,A-region okänd,SMÖRBUKKSTIEN 5 4019 STAVANGER,,UTLANDET,,,Har aldrig varit registrerad för F-skatt,Är registrerad för moms,Har aldrig varit registrerad som arbetsgivare,0 anställda,Utländsk postadress,"Tar emot reklam, ej telefonnummerspärrat"
5021014807,165021014807,Polem B.V.,,Utländska juridiska personer,Ej aktiebolag,2026-04-07,2026-04-07,,Normalläge,Är verksam,Plastförpackningstillverkning,22220,Ej svensk hemortskommun,Ej svenskt län,A-region okänd,INDUSTRIEWEG 7 8531 PA LEMMER,,UTLANDET,,,Är registrerad för F-skatt,Har aldrig varit registrerad för moms,Har aldrig varit registrerad som arbetsgivare,0 anställda,Utländsk postadress,"Tar emot reklam, ej telefonnummerspärrat"
5156034240,165156034240,AKTIE-ANSVAR HIGH YIELD,,Värdepappersfonder,Ej aktiebolag,2026-04-07,,,Normalläge,Har aldrig varit verksam,Okänd,00000,Stockholm,Stockholm,Stockholm/Södertälje,BOX 55659,102 15,STOCKHOLM,,,Har aldrig varit registrerad för F-skatt,Har aldrig varit registrerad för moms,Har aldrig varit registrerad som arbetsgivare,0 anställda,Postadress är OK,"Tar emot reklam, ej telefonnummerspärrat"
5164141011,165164141011,Truster filial i Sverige,,Utländska juridiska personer,Ej aktiebolag,2026-04-07,,,Normalläge,Har aldrig varit verksam,Okänd,00000,Ej svensk hemortskommun,Ej svenskt län,A-region okänd,BOX 24103,104 51,STOCKHOLM,elias@truster.fi,,Har aldrig varit registrerad för F-skatt,Har aldrig varit registrerad för moms,Har aldrig varit registrerad som arbetsgivare,0 anställda,Postadress är OK,"Tar emot reklam, ej telefonnummerspärrat"
5595790147,165595790147,Bostads Fixarna Sverige AB,,Övriga aktiebolag,Privat,2026-04-07,,,Normalläge,Har aldrig varit verksam,Okänd,00000,Hällefors,Örebro,Lindesberg,GRÄVLINGSVÄGEN 8,712 33,HÄLLEFORS,Josef.n.m@hotmail.com,,Har aldrig varit registrerad för F-skatt,Har aldrig varit registrerad för moms,Har aldrig varit registrerad som arbetsgivare,0 anställda,Postadress är OK,"Tar emot reklam, ej telefonnummerspärrat"
5595790162,165595790162,Vivavet AB,,Övriga aktiebolag,Privat,2026-04-07,2026-04-13,,Normalläge,Är verksam,Veterinärverksamhet,75000,Sandviken,Gävleborg,Gävle/Sandviken,ÖVRE BACKBERGSVÄGEN 8,812 93,KUNGSGÅRDEN,tovereid@hotmail.com,,Är registrerad för F-skatt,Är registrerad för moms,Är registrerad som vanlig arbetsgivare,1-9 anställda,Postadress är OK,"Tar emot reklam, ej telefonnummerspärrat"
5595790170,165595790170,G & H Consulting AB,,Övriga aktiebolag,Privat,2026-04-07,,,Normalläge,Har aldrig varit verksam,Okänd,00000,Huddinge,Stockholm,Stockholm/Södertälje,SEGERSMINNEVÄGEN 1 B,141 40,HUDDINGE,baranspace@gmail.com,,Har aldrig varit registrerad för F-skatt,Har aldrig varit registrerad för moms,Har aldrig varit registrerad som arbetsgivare,0 anställda,Postadress är OK,"Tar emot reklam, ej telefonnummerspärrat"
5595790188,165595790188,N Magnusson Consult AB,,Övriga aktiebolag,Privat,2026-04-07,2026-04-13,,Normalläge,Är verksam,Konsultverksamhet avseende företags organisation,70200,Gävle,Gävleborg,Gävle/Sandviken,DOMARRINGEN 28,804 33,GÄVLE,magnussonniklass@gmail.com,,Är registrerad för F-skatt,Är registrerad för moms,Har aldrig varit registrerad som arbetsgivare,0 anställda,Postadress är OK,"Tar emot reklam, ej telefonnummerspärrat"
5595790196,165595790196,Bereddhemma AB,,Övriga aktiebolag,Privat,2026-04-07,2026-04-13,,Normalläge,Är verksam,Detaljhandel via internet eller postorder med brett sortiment,47123,Kristianstad,Skåne,Kristianstad,SVENSTORPSVÄGEN 223,291 96,KRISTIANSTAD,asa.hilmstrand@gmail.com,,Är registrerad för F-skatt,Är registrerad för moms,Har aldrig varit registrerad som arbetsgivare,0 anställda,Postadress är OK,"Tar emot reklam, ej telefonnummerspärrat"
5595790204,165595790204,Estman Group AB,,Övriga aktiebolag,Privat,2026-04-07,2026-04-13,,Normalläge,Är verksam,Insamling av icke-farligt avfall,38110,Värmdö,Stockholm,Stockholm/Södertälje,ANKARBOMS VÄG 3,139 50,VÄRMDÖ,estman.ab@outlook.com,,Är registrerad för F-skatt,Är registrerad för moms,Är registrerad som vanlig arbetsgivare,1-9 anställda,Postadress är OK,"Tar emot reklam, ej telefonnummerspärrat"
5595790212,165595790212,NICOLE ANTONIK Aktiebolag,,Övriga aktiebolag,Privat,2026-04-07,,,Normalläge,Har aldrig varit verksam,Okänd,00000,Tyresö,Stockholm,Stockholm/Södertälje,DIAMANTGÅNGEN 71,135 49,TYRESÖ,nicole.antonik0612@gmail.com,,Har aldrig varit registrerad för F-skatt,Har aldrig varit registrerad för moms,Har aldrig varit registrerad som arbetsgivare,0 anställda,Postadress är OK,"Tar emot reklam, ej telefonnummerspärrat"
5595790220,165595790220,MTM Coreworks AB,,Övriga aktiebolag,Privat,2026-04-07,,,Normalläge,Har aldrig varit verksam,Okänd,00000,Söderhamn,Gävleborg,Bollnäs/Söderhamn,PROPSVÄGEN 1,826 75,LJUSNE,anders.johansson@joperedovisning.se,,Har aldrig varit registrerad för F-skatt,Har aldrig varit registrerad för moms,Har aldrig varit registrerad som arbetsgivare,0 anställda,Postadress är OK,"Tar emot reklam, ej telefonnummerspärrat"
5595790238,165595790238,Fire Horse AB,,Övriga aktiebolag,Privat,2026-04-07,,,Normalläge,Har aldrig varit verksam,Okänd,00000,Stockholm,Stockholm,Stockholm/Södertälje,LUNTMAKARGATAN 92,113 51,STOCKHOLM,,,Har aldrig varit registrerad för F-skatt,Har aldrig varit registrerad för moms,Har aldrig varit registrerad som arbetsgivare,0 anställda,Postadress är OK,"Tar emot reklam, ej telefonnummerspärrat"
5595790246,165595790246,Siffr Sverige AB,,Övriga aktiebolag,Privat,2026-04-07,,,Normalläge,Har aldrig varit verksam,Okänd,00000,Göteborg,Västra Götaland,Göteborg,LILLA TORGET 2,411 18,GÖTEBORG,,,Har aldrig varit registrerad för F-skatt,Har aldrig varit registrerad för moms,Har aldrig varit registrerad som arbetsgivare,0 anställda,Postadress är OK,"Tar emot reklam, ej telefonnummerspärrat"
5595790253,165595790253,Wong Solutions AB,,Övriga aktiebolag,Privat,2026-04-07,,,Normalläge,Har aldrig varit verksam,Okänd,00000,Stockholm,Stockholm,Stockholm/Södertälje,JOHN BERGS PLAN 8  LGH 1102,112 50,STOCKHOLM,sarahwong1810@gmail.com,,Har aldrig varit registrerad för F-skatt,Har aldrig varit registrerad för moms,Har aldrig varit registrerad som arbetsgivare,0 anställda,Postadress är OK,"Tar emot reklam, ej telefonnummerspärrat"
5595790261,165595790261,Verdivore AB,,Övriga aktiebolag,Privat,2026-04-07,,,Normalläge,Har aldrig varit verksam,Okänd,00000,Stockholm,Stockholm,Stockholm/Södertälje,JOHAN ENBERGS VÄG 42,171 61,SOLNA,indique.se@gmail.com,,Har aldrig varit registrerad för F-skatt,Har aldrig varit registrerad för moms,Har aldrig varit registrerad som arbetsgivare,0 anställda,Postadress är OK,"Tar emot reklam, ej telefonnummerspärrat"
5595790279,165595790279,Sagosken Studios AB,,Övriga aktiebolag,Privat,2026-04-07,,,Normalläge,Har aldrig varit verksam,Okänd,00000,Karlskrona,Blekinge,Karlskrona,STÄRKELSEVÄGEN 1 B LGH 1105,371 62,LYCKEBY,olsson_andreas@outlook.com,,Har aldrig varit registrerad för F-skatt,Har aldrig varit registrerad för moms,Har aldrig varit registrerad som arbetsgivare,0 anställda,Postadress är OK,"Tar emot reklam, ej telefonnummerspärrat"
5595790287,165595790287,Sumak Kitchen AB,,Övriga aktiebolag,Privat,2026-04-07,,,Normalläge,Har aldrig varit verksam,Okänd,00000,Stockholm,Stockholm,Stockholm/Södertälje,RÅSUNDAVÄGEN 100,169 57,SOLNA,,,Har aldrig varit registrerad för F-skatt,Har aldrig varit registrerad för moms,Har aldrig varit registrerad som arbetsgivare,0 anställda,Postadress är OK,"Tar emot reklam, ej telefonnummerspärrat"
5595790295,165595790295,Morwikia II AB,,Övriga aktiebolag,Privat,2026-04-07,,,Normalläge,Har aldrig varit verksam,Okänd,00000,Stockholm,Stockholm,Stockholm/Södertälje,BABORDSGATAN 20,120 64,STOCKHOLM,roger.astrom@mancuro.se,,Har aldrig varit registrerad för F-skatt,Har aldrig varit registrerad för moms,Har aldrig varit registrerad som arbetsgivare,0 anställda,Postadress är OK,"Tar emot reklam, ej telefonnummerspärrat"
5595790311,165595790311,Forssells Entreprenad & Transport AB,,Övriga aktiebolag,Privat,2026-04-07,2026-04-13,,Normalläge,Är verksam,Mark- och grundarbeten,43120,Haninge,Stockholm,Stockholm/Södertälje,KANALVÄGEN 8,137 71,DALARÖ,g4mpoforssell@gmail.com,,Är registrerad för F-skatt,Har aldrig varit registrerad för moms,Har aldrig varit registrerad som arbetsgivare,0 anställda,Postadress är OK,"Tar emot reklam, ej telefonnummerspärrat"
5595790329,165595790329,Mattias Hallinder Entreprenad AB,,Övriga aktiebolag,Privat,2026-04-07,,,Normalläge,Har aldrig varit verksam,Okänd,00000,Söderköping,Östergötland,Norrköping,HESTAD,614 93,SÖDERKÖPING,mhallinderentreprenadab@gmail.com,,Har aldrig varit registrerad för F-skatt,Har aldrig varit registrerad för moms,Har aldrig varit registrerad som arbetsgivare,0 anställda,Postadress är OK,"Tar emot reklam, ej telefonnummerspärrat"
5595790337,165595790337,Nicklas Johansson PT AB,,Övriga aktiebolag,Privat,2026-04-07,2026-04-13,,Normalläge,Är verksam,Drift av gymanläggningar,93130,Göteborg,Västra Götaland,Göteborg,HÖGSBOGATAN 43  LGH 1001,414 79,GÖTEBORG,Nicklasjpt@gmail.com,,Är registrerad för F-skatt,Är registrerad för moms,Har aldrig varit registrerad som arbetsgivare,0 anställda,Postadress är OK,"Tar emot reklam, ej telefonnummerspärrat"
5595790345,165595790345,CuraVia Omsorg AB,,Övriga aktiebolag,Privat,2026-04-07,,,Normalläge,Har aldrig varit verksam,Okänd,00000,Malmö,Skåne,Malmö/Lund/Trelleborg,KULLADALSGATAN 18 B,215 64,MALMÖ,,,Har aldrig varit registrerad för F-skatt,Har aldrig varit registrerad för moms,Har aldrig varit registrerad som arbetsgivare,0 anställda,Postadress är OK,"Tar emot reklam, ej telefonnummerspärrat"
5595790352,165595790352,Forma 8550 AB,,Övriga aktiebolag,Privat,2026-04-07,,,Normalläge,Har aldrig varit verksam,Okänd,00000,Sundsvall,Västernorrland,Sundsvall,BOX 1030,851 11,SUNDSVALL,,,Har aldrig varit registrerad för F-skatt,Har aldrig varit registrerad för moms,Har aldrig varit registrerad som arbetsgivare,0 anställda,Postadress är OK,"Tar emot reklam, ej telefonnummerspärrat"
5595790360,165595790360,Corebyte Solutions AB,,Övriga aktiebolag,Privat,2026-04-07,2026-04-13,,Normalläge,Är verksam,Dataprogrammering,62100,Borås,Västra Götaland,Borås,KADRILJGATAN 12,507 65,BORÅS,kimmo.befab@outlook.com,,Är registrerad för F-skatt,Är registrerad för moms,Har aldrig varit registrerad som arbetsgivare,0 anställda,Postadress är OK,"Tar emot reklam, ej telefonnummerspärrat"
5595790378,165595790378,Raman Trygg och Hållbar Utveckling AB,,Övriga aktiebolag,Privat,2026-04-07,,,Normalläge,Har aldrig varit verksam,Okänd,00000,Sundbyberg,Stockholm,Stockholm/Södertälje,BOPLATSEN 9  4TR,174 41,SUNDBYBERG,thria.rahman@hotmail.com,,Har aldrig varit registrerad för F-skatt,Har aldrig varit registrerad för moms,Har aldrig varit registrerad som arbetsgivare,0 anställda,Postadress är OK,"Tar emot reklam, ej telefonnummerspärrat"
5595790386,165595790386,8894studio AB,,Övriga aktiebolag,Privat,2026-04-07,,,Normalläge,Har aldrig varit verksam,Okänd,00000,Nacka,Stockholm,Stockholm/Södertälje,SALTSJÖ TORG 2,133 31,SALTSJÖBADEN,,,Har aldrig varit registrerad för F-skatt,Har aldrig varit registrerad för moms,Har aldrig varit registrerad som arbetsgivare,0 anställda,Postadress är OK,"Tar emot reklam, ej telefonnummerspärrat"
5595790394,165595790394,Daastera AB,,Övriga aktiebolag,Privat,2026-04-07,,,Normalläge,Har aldrig varit verksam,Okänd,00000,Sollentuna,Stockholm,Stockholm/Södertälje,SÖDERÄNGSVÄGEN 19 A,191 34,SOLLENTUNA,misra.neelima@gmail.com,,Har aldrig varit registrerad för F-skatt,Har aldrig varit registrerad för moms,Har aldrig varit registrerad som arbetsgivare,0 anställda,Postadress är OK,"Tar emot reklam, ej telefonnummerspärrat"
5595790402,165595790402,Coreva Finance AB,,Övriga aktiebolag,Privat,2026-04-07,2026-04-13,,Normalläge,Är verksam,Konsultverksamhet avseende företags organisation,70200,Lidingö,Stockholm,Stockholm/Södertälje,STENBACKSSTIGEN 31,181 62,LIDINGÖ,gustavalden1@gmail.com,,Är registrerad för F-skatt,Är registrerad för moms,Har aldrig varit registrerad som arbetsgivare,0 anställda,Postadress är OK,"Tar emot reklam, ej telefonnummerspärrat"
5595790410,165595790410,UPJ Motor & Invest AB,,Övriga aktiebolag,Privat,2026-04-07,,,Normalläge,Har aldrig varit verksam,Okänd,00000,Rättvik,Dalarna,Borlänge/Falun,ÄNGSÅS VÄG 25,795 33,RÄTTVIK,ulf@ldcab.se,,Har aldrig varit registrerad för F-skatt,Har aldrig varit registrerad för moms,Har aldrig varit registrerad som arbetsgivare,0 anställda,Postadress är OK,"Tar emot reklam, ej telefonnummerspärrat"
5595790428,165595790428,Blur Bono AB,,Övriga aktiebolag,Privat,2026-04-07,2026-04-13,,Normalläge,Är verksam,Detaljhandel via internet eller postorder med kläder,47712,Stockholm,Stockholm,Stockholm/Södertälje,SIBYLLEGATAN 8,114 42,STOCKHOLM,Emil@blurbono.com,,Är registrerad för F-skatt,Är registrerad för moms,Har aldrig varit registrerad som arbetsgivare,0 anställda,Postadress är OK,"Tar emot reklam, ej telefonnummerspärrat"
5595790436,165595790436,Solva vård AB,,Övriga aktiebolag,Privat,2026-04-07,,,Normalläge,Har aldrig varit verksam,Okänd,00000,Lysekil,Västra Götaland,Uddevalla,BADHUSBERGET 6 B,453 32,LYSEKIL,,,Har aldrig varit registrerad för F-skatt,Har aldrig varit registrerad för moms,Har aldrig varit registrerad som arbetsgivare,0 anställda,Postadress är OK,"Tar emot reklam, ej telefonnummerspärrat"
5595790444,165595790444,Gislevold AB,,Övriga aktiebolag,Privat,2026-04-07,,,Normalläge,Har aldrig varit verksam,Okänd,00000,Kristinehamn,Värmland,Kristinehamn,KRONTORPS GÅRD 1,681 92,KRISTINEHAMN,johan.sundby@krontorp.se,,Har aldrig varit registrerad för F-skatt,Har aldrig varit registrerad för moms,Har aldrig varit registrerad som arbetsgivare,0 anställda,Postadress är OK,"Tar emot reklam, ej telefonnummerspärrat"
5595790469,165595790469,InnovateQ Partners AB,,Övriga aktiebolag,Privat,2026-04-07,,,Normalläge,Har aldrig varit verksam,Okänd,00000,Strängnäs,Södermanland,Eskilstuna,SANDAVÄGEN 55,645 93,STRÄNGNÄS,,,Har aldrig varit registrerad för F-skatt,Har aldrig varit registrerad för moms,Har aldrig varit registrerad som arbetsgivare,0 anställda,Postadress är OK,"Tar emot reklam, ej telefonnummerspärrat"
5595790485,165595790485,Jutt Pizza House AB,,Övriga aktiebolag,Privat,2026-04-07,2026-04-13,,Normalläge,Är verksam,Restaurangverksamhet,56110,Vänersborg,Västra Götaland,Trollhättan/Vänersborg,SUNDSGATAN 11 B,462 33,VÄNERSBORG,raza.ahmed2018@outlook.com,,Är registrerad för F-skatt,Är registrerad för moms,Har aldrig varit registrerad som arbetsgivare,0 anställda,Postadress är OK,"Tar emot reklam, ej telefonnummerspärrat"
5595790493,165595790493,Sjöbo Mätteknik AB,,Övriga aktiebolag,Privat,2026-04-07,,,Normalläge,Har aldrig varit verksam,Okänd,00000,Sjöbo,Skåne,Ystad/Simrishamn,ÅGATAN 8 C,275 35,SJÖBO,hinken@sjobo.nu,,Har aldrig varit registrerad för F-skatt,Har aldrig varit registrerad för moms,Har aldrig varit registrerad som arbetsgivare,0 anställda,Postadress är OK,"Tar emot reklam, ej telefonnummerspärrat"
5595790501,165595790501,Vilhelmsson Legal AB,,Övriga aktiebolag,Privat,2026-04-07,,,Normalläge,Har aldrig varit verksam,Okänd,00000,Stockholm,Stockholm,Stockholm/Södertälje,VERKSTADSVÄGEN 5  LGH 1505,117 36,STOCKHOLM,jonasvillhelmsson89@gmail.com,,Har aldrig varit registrerad för F-skatt,Har aldrig varit registrerad för moms,Har aldrig varit registrerad som arbetsgivare,0 anställda,Postadress är OK,"Tar emot reklam, ej telefonnummerspärrat"
5595790519,165595790519,Manér Closet AB,,Övriga aktiebolag,Privat,2026-04-07,2026-04-13,,Normalläge,Är verksam,Detaljhandel med övriga begagnade varor,47792,Stockholm,Stockholm,Stockholm/Södertälje,GALONVÄGEN 6,168 73,BROMMA,Manercloset@gmail.com,,Är registrerad för F-skatt,Är registrerad för moms,Har aldrig varit registrerad som arbetsgivare,0 anställda,Postadress är OK,"Tar emot reklam, ej telefonnummerspärrat"
5595790527,165595790527,100% bygg i Nacka AB,,Övriga aktiebolag,Privat,2026-04-07,,,Normalläge,Har aldrig varit verksam,Okänd,00000,Nacka,Stockholm,Stockholm/Södertälje,SKÖLDUNGAVÄGEN 17,131 46,NACKA,ann.billberg@cecann.se,,Har aldrig varit registrerad för F-skatt,Har aldrig varit registrerad för moms,Har aldrig varit registrerad som arbetsgivare,0 anställda,Postadress är OK,"Tar emot reklam, ej telefonnummerspärrat"
5595790535,165595790535,Socionomerna i Norden AB,,Övriga aktiebolag,Privat,2026-04-07,2026-04-13,,Normalläge,Är verksam,Konsultverksamhet avseende företags organisation,70200,Solna,Stockholm,Stockholm/Södertälje,JUNGFRUDANSEN 5  LGH 1102,171 50,SOLNA,A95sh@hotmail.com,,Är registrerad för F-skatt,Är registrerad för moms,Har aldrig varit registrerad som arbetsgivare,0 anställda,Postadress är OK,"Tar emot reklam, ej telefonnummerspärrat"
5595790543,165595790543,Besqab Bostadsmark LVVIII AB,,Övriga aktiebolag,Privat,2026-04-07,,,Normalläge,Har aldrig varit verksam,Okänd,00000,Stockholm,Stockholm,Stockholm/Södertälje,BOX 45100,104 30,STOCKHOLM,bolag@besqab.se,,Har aldrig varit registrerad för F-skatt,Har aldrig varit registrerad för moms,Har aldrig varit registrerad som arbetsgivare,0 anställda,Postadress är OK,"Tar emot reklam, ej telefonnummerspärrat"
5595790568,165595790568,Per Franson AB,,Övriga aktiebolag,Privat,2026-04-07,,,Normalläge,Har aldrig varit verksam,Okänd,00000,Stockholm,Stockholm,Stockholm/Södertälje,SANKT PAULSGATAN 3,118 46,STOCKHOLM,per.franson@arch.kth.se,,Har aldrig varit registrerad för F-skatt,Har aldrig varit registrerad för moms,Har aldrig varit registrerad som arbetsgivare,0 anställda,Postadress är OK,"Tar emot reklam, ej telefonnummerspärrat"
5595790584,165595790584,To Be Teknik Nordic AB,,Övriga aktiebolag,Privat,2026-04-07,2026-04-13,,Normalläge,Är verksam,Teknisk konsultverksamhet inom industriteknik,71122,Eslöv,Skåne,Eslöv,VÄRHUS GÅRD,241 75,STEHAG,torbjorn.berg8@gmail.com,,Är registrerad för F-skatt,Har aldrig varit registrerad för moms,Har aldrig varit registrerad som arbetsgivare,0 anställda,Postadress är OK,"Tar emot reklam, ej telefonnummerspärrat"
5595790592,165595790592,Bellmans Städ AB,,Övriga aktiebolag,Privat,2026-04-07,2026-04-13,,Normalläge,Är verksam,Lokalvård,81210,Stockholm,Stockholm,Stockholm/Södertälje,BRÅVALLAGATAN 7 A,113 36,STOCKHOLM,carl@cdegeer.se,,Är registrerad för F-skatt,Är registrerad för moms,Är registrerad som vanlig arbetsgivare,1-9 anställda,Postadress är OK,"Tar emot reklam, ej telefonnummerspärrat"
5595790600,165595790600,Sefo consulting AB,,Övriga aktiebolag,Privat,2026-04-07,,,Normalläge,Har aldrig varit verksam,Okänd,00000,Luleå,Norrbotten,Luleå/Boden,NORRUDDSVÄGEN 48,974 55,LULEÅ,sebastianforss@live.se,,Har aldrig varit registrerad för F-skatt,Har aldrig varit registrerad för moms,Har aldrig varit registrerad som arbetsgivare,0 anställda,Postadress är OK,"Tar emot reklam, ej telefonnummerspärrat"
5595790618,165595790618,RG Gård & Grönt AB,,Övriga aktiebolag,Privat,2026-04-07,,,Normalläge,Har aldrig varit verksam,Okänd,00000,Båstad,Skåne,Ängelholm,KARDEHUSVÄGEN 30,269 72,FÖRSLÖV,santesson.g@gmail.com,,Har aldrig varit registrerad för F-skatt,Har aldrig varit registrerad för moms,Har aldrig varit registrerad som arbetsgivare,0 anställda,Postadress är OK,"Tar emot reklam, ej telefonnummerspärrat"
5595790634,165595790634,Elisas matmarknad AB,,Övriga aktiebolag,Privat,2026-04-07,2026-04-07,,Normalläge,Är verksam,"Livsmedelshandel med brett sortiment, ej varuhus eller stormarknad",47112,Karlsborg,Västra Götaland,Skövde,SVANHULTSVÄGEN 3,546 94,UNDENÄS,isac.svanberg@gmail.com,,Är registrerad för F-skatt,Är registrerad för moms,Har aldrig varit registrerad som arbetsgivare,0 anställda,Postadress är OK,"Tar emot reklam, ej telefonnummerspärrat"
5595790642,165595790642,SNIT Solutions AB,,Övriga aktiebolag,Privat,2026-04-07,2026-04-13,,Normalläge,Är verksam,Dataprogrammering,62100,Stockholm,Stockholm,Stockholm/Södertälje,HANSTAVÄGEN 94  LGH 1604,164 55,KISTA,,,Är registrerad för F-skatt,Är registrerad för moms,Har aldrig varit registrerad som arbetsgivare,0 anställda,Postadress är OK,"Tar emot reklam, ej telefonnummerspärrat"
5595790659,165595790659,Saliba & Co AB,,Övriga aktiebolag,Privat,2026-04-07,,,Normalläge,Har aldrig varit verksam,Okänd,00000,Uppsala,Uppsala,Uppsala,GOTTSUNDA ALLÉ 14,756 59,UPPSALA,grossrafik@gmail.com,,Har aldrig varit registrerad för F-skatt,Har aldrig varit registrerad för moms,Har aldrig varit registrerad som arbetsgivare,0 anställda,Postadress är OK,"Tar emot reklam, ej telefonnummerspärrat"
5595790667,165595790667,Aktiebolagshjälpen Sverige AB,,Övriga aktiebolag,Privat,2026-04-07,2026-04-13,,Normalläge,Är verksam,Konsultverksamhet avseende företags organisation,70200,Stockholm,Stockholm,Stockholm/Södertälje,HAMMARBYTERRASSEN 7,120 30,STOCKHOLM,maria@almegard.com,,Är registrerad för F-skatt,Är registrerad för moms,Har aldrig varit registrerad som arbetsgivare,0 anställda,Postadress är OK,"Tar emot reklam, ej telefonnummerspärrat"
5595790675,165595790675,GBG13 AB,,Övriga aktiebolag,Privat,2026-04-07,,,Normalläge,Har aldrig varit verksam,Okänd,00000,Göteborg,Västra Götaland,Göteborg,STORA BADHUSGATAN 20,411 21,GÖTEBORG,david@compary.com,,Har aldrig varit registrerad för F-skatt,Har aldrig varit registrerad för moms,Har aldrig varit registrerad som arbetsgivare,0 anställda,Postadress är OK,"Tar emot reklam, ej telefonnummerspärrat"
5595790683,165595790683,RD mark och anläggning AB,,Övriga aktiebolag,Privat,2026-04-07,,,Normalläge,Har aldrig varit verksam,Okänd,00000,Upplands-Bro,Stockholm,Stockholm/Södertälje,MIKLAGÅRDSVÄGEN 34,197 33,BRO,,,Har aldrig varit registrerad för F-skatt,Har aldrig varit registrerad för moms,Har aldrig varit registrerad som arbetsgivare,0 anställda,Postadress är OK,"Tar emot reklam, ej telefonnummerspärrat"
5595790691,165595790691,RYDEX AB,,Övriga aktiebolag,Privat,2026-04-07,,,Normalläge,Har aldrig varit verksam,Okänd,00000,Göteborg,Västra Götaland,Göteborg,JÄGAREGATAN 8 G,417 02,GÖTEBORG,mohamad.rahmeh91@gmail.com,,Har aldrig varit registrerad för F-skatt,Har aldrig varit registrerad för moms,Har aldrig varit registrerad som arbetsgivare,0 anställda,Postadress är OK,"Tar emot reklam, ej telefonnummerspärrat"
5595790717,165595790717,KD Flytt AB,,Övriga aktiebolag,Privat,2026-04-07,,,Normalläge,Har aldrig varit verksam,Okänd,00000,Göteborg,Västra Götaland,Göteborg,SYRENGÅRDEN 54  LGH 1202,424 39,ANGERED,,,Har aldrig varit registrerad för F-skatt,Har aldrig varit registrerad för moms,Har aldrig varit registrerad som arbetsgivare,0 anställda,Postadress är OK,"Tar emot reklam, ej telefonnummerspärrat"
5595790725,165595790725,Holy Nails AB,,Övriga aktiebolag,Privat,2026-04-07,,,Normalläge,Har aldrig varit verksam,Okänd,00000,Haninge,Stockholm,Stockholm/Södertälje,HÄLLSTIGEN 24,136 47,HANINGE,ida.folmerz@gmail.com,,Har aldrig varit registrerad för F-skatt,Har aldrig varit registrerad för moms,Har aldrig varit registrerad som arbetsgivare,0 anställda,Postadress är OK,"Tar emot reklam, ej telefonnummerspärrat"
5595790733,165595790733,Värmdö Mark & Service AB,,Övriga aktiebolag,Privat,2026-04-07,2026-04-13,,Normalläge,Är verksam,Skötsel och underhåll av grönytor,81300,Värmdö,Stockholm,Stockholm/Södertälje,GRÄVLINGSSTIGEN 8,139 41,VÄRMDÖ,,,Är registrerad för F-skatt,Är registrerad för moms,Har aldrig varit registrerad som arbetsgivare,0 anställda,Postadress är OK,"Tar emot reklam, ej telefonnummerspärrat"
5595790741,165595790741,LB Growth AB,,Övriga aktiebolag,Privat,2026-04-07,,,Normalläge,Har aldrig varit verksam,Okänd,00000,Stockholm,Stockholm,Stockholm/Södertälje,SILVERDALSVÄGEN 95,191 38,SOLLENTUNA,Ludvigbehring@gmail.com,,Har aldrig varit registrerad för F-skatt,Har aldrig varit registrerad för moms,Har aldrig varit registrerad som arbetsgivare,0 anställda,Postadress är OK,"Tar emot reklam, ej telefonnummerspärrat"
5595790758,165595790758,Notero AB,,Övriga aktiebolag,Privat,2026-04-07,,,Normalläge,Har aldrig varit verksam,Okänd,00000,Stockholm,Stockholm,Stockholm/Södertälje,SKOGSGÅRD 26,312 53,HISHULT,,,Har aldrig varit registrerad för F-skatt,Har aldrig varit registrerad för moms,Har aldrig varit registrerad som arbetsgivare,0 anställda,Postadress är OK,"Tar emot reklam, ej telefonnummerspärrat"
5595790766,165595790766,Bilda Lätt 2484 AB,,Övriga aktiebolag,Privat,2026-04-07,,,Normalläge,Har aldrig varit verksam,Okänd,00000,Sundsvall,Västernorrland,Sundsvall,BOX 306,851 05,SUNDSVALL,info@bildalatt.se,,Har aldrig varit registrerad för F-skatt,Har aldrig varit registrerad för moms,Har aldrig varit registrerad som arbetsgivare,0 anställda,Postadress är OK,"Tar emot reklam, ej telefonnummerspärrat"
5595790774,165595790774,Bilda Lätt 2485 AB,,Övriga aktiebolag,Privat,2026-04-07,,,Normalläge,Har aldrig varit verksam,Okänd,00000,Sundsvall,Västernorrland,Sundsvall,BOX 306,851 05,SUNDSVALL,info@bildalatt.se,,Har aldrig varit registrerad för F-skatt,Har aldrig varit registrerad för moms,Har aldrig varit registrerad som arbetsgivare,0 anställda,Postadress är OK,"Tar emot reklam, ej telefonnummerspärrat"
5595790782,165595790782,Bilda Lätt 2486 AB,,Övriga aktiebolag,Privat,2026-04-07,,,Normalläge,Har aldrig varit verksam,Okänd,00000,Sundsvall,Västernorrland,Sundsvall,BOX 306,851 05,SUNDSVALL,info@bildalatt.se,,Har aldrig varit registrerad för F-skatt,Har aldrig varit registrerad för moms,Har aldrig varit registrerad som arbetsgivare,0 anställda,Postadress är OK,"Tar emot reklam, ej telefonnummerspärrat"
5595790790,165595790790,Bilda Lätt 2487 AB,,Övriga aktiebolag,Privat,2026-04-07,,,Normalläge,Har aldrig varit verksam,Okänd,00000,Sundsvall,Västernorrland,Sundsvall,BOX 306,851 05,SUNDSVALL,info@bildalatt.se,,Har aldrig varit registrerad för F-skatt,Har aldrig varit registrerad för moms,Har aldrig varit registrerad som arbetsgivare,0 anställda,Postadress är OK,"Tar emot reklam, ej telefonnummerspärrat"
5595790808,165595790808,Bilda Lätt 2488 AB,,Övriga aktiebolag,Privat,2026-04-07,,,Normalläge,Har aldrig varit verksam,Okänd,00000,Sundsvall,Västernorrland,Sundsvall,BOX 306,851 05,SUNDSVALL,info@bildalatt.se,,Har aldrig varit registrerad för F-skatt,Har aldrig varit registrerad för moms,Har aldrig varit registrerad som arbetsgivare,0 anställda,Postadress är OK,"Tar emot reklam, ej telefonnummerspärrat"
5595790816,165595790816,Bilda Lätt 2489 AB,,Övriga aktiebolag,Privat,2026-04-07,,,Normalläge,Har aldrig varit verksam,Okänd,00000,Sundsvall,Västernorrland,Sundsvall,BOX 306,851 05,SUNDSVALL,info@bildalatt.se,,Har aldrig varit registrerad för F-skatt,Har aldrig varit registrerad för moms,Har aldrig varit registrerad som arbetsgivare,0 anställda,Postadress är OK,"Tar emot reklam, ej telefonnummerspärrat"
5595790824,165595790824,Studio Strand AB,,Övriga aktiebolag,Privat,2026-04-07,2026-04-07,,Normalläge,Är verksam,Drift av gymanläggningar,93130,Håbo,Uppsala,Enköping,ENKÖPINGSVÄGEN 6,746 52,BÅLSTA,malin@infrageotech.se,,Är registrerad för F-skatt,Har aldrig varit registrerad för moms,Har aldrig varit registrerad som arbetsgivare,0 anställda,Postadress är OK,"Tar emot reklam, ej telefonnummerspärrat"
5595790832,165595790832,Enta Sverige AB,,Övriga aktiebolag,Privat,2026-04-07,2026-04-07,,Normalläge,Är verksam,Uthyrning och leasing av andra hushållsartiklar och varor för personligt bruk,77220,Svedala,Skåne,Malmö/Lund/Trelleborg,ÄNGTISTELGATAN 1,233 61,BARA,rasmus.monsen@gmail.com,,Är registrerad för F-skatt,Är registrerad för moms,Har aldrig varit registrerad som arbetsgivare,0 anställda,Postadress är OK,"Tar emot reklam, ej telefonnummerspärrat"
5595790840,165595790840,Legoti AB,,Övriga aktiebolag,Privat,2026-04-07,2026-04-13,,Normalläge,Är verksam,Datakonsultverksamhet,62201,Stockholm,Stockholm,Stockholm/Södertälje,SKÖNSTAHOLMSVÄGEN 101,123 60,FARSTA,irena.nedeljkovic@live.se,,Är registrerad för F-skatt,Är registrerad för moms,Har aldrig varit registrerad som arbetsgivare,0 anställda,Postadress är OK,"Tar emot reklam, ej telefonnummerspärrat"
5595790857,165595790857,DK Asset Management AB,,Övriga aktiebolag,Privat,2026-04-07,,,Normalläge,Har aldrig varit verksam,Okänd,00000,Stockholm,Stockholm,Stockholm/Södertälje,LUSTGÅRDSGATAN 14  1203,112 51,STOCKHOLM,diego.klappenbach@gmail.com,,Har aldrig varit registrerad för F-skatt,Har aldrig varit registrerad för moms,Har aldrig varit registrerad som arbetsgivare,0 anställda,Postadress är OK,"Tar emot reklam, ej telefonnummerspärrat"
5595790865,165595790865,Sipfind TechCo AB,,Övriga aktiebolag,Privat,2026-04-07,,,Normalläge,Har aldrig varit verksam,Okänd,00000,Lidingö,Stockholm,Stockholm/Södertälje,VÅRDKASSTIGEN 6,181 62,LIDINGÖ,per@sipfind.com,,Har aldrig varit registrerad för F-skatt,Har aldrig varit registrerad för moms,Har aldrig varit registrerad som arbetsgivare,0 anställda,Postadress är OK,"Tar emot reklam, ej telefonnummerspärrat"
5595790873,165595790873,Siberg fastigheter AB,,Övriga aktiebolag,Privat,2026-04-07,,,Normalläge,Har aldrig varit verksam,Okänd,00000,Tibro,Västra Götaland,Skövde,BJÖRKUDDSVÄGEN 6,543 94,TIBRO,henrik.siberg@gmail.com,,Har aldrig varit registrerad för F-skatt,Har aldrig varit registrerad för moms,Har aldrig varit registrerad som arbetsgivare,0 anställda,Postadress är OK,"Tar emot reklam, ej telefonnummerspärrat"
5595790881,165595790881,DT Analytics AB,,Övriga aktiebolag,Privat,2026-04-07,,,Normalläge,Har aldrig varit verksam,Okänd,00000,Uppsala,Uppsala,Uppsala,TORPSVÄNGEN 43,754 71,UPPSALA,niklasviklund95@gmail.com,,Har aldrig varit registrerad för F-skatt,Har aldrig varit registrerad för moms,Har aldrig varit registrerad som arbetsgivare,0 anställda,Postadress är OK,"Tar emot reklam, ej telefonnummerspärrat"
5595790899,165595790899,Skolevents Sverige AB,,Övriga aktiebolag,Privat,2026-04-07,2026-04-13,,Normalläge,Är verksam,Övrig fritids- och nöjesverksamhet,93290,Göteborg,Västra Götaland,Göteborg,ÖSTRA HAMNGATAN 46,411 09,GÖTEBORG,info@skolevents.se,,Är registrerad för F-skatt,Har aldrig varit registrerad för moms,Har aldrig varit registrerad som arbetsgivare,0 anställda,Postadress är OK,"Tar emot reklam, ej telefonnummerspärrat"
5595790907,165595790907,Kawaf Studio Aktiebolag,,Övriga aktiebolag,Privat,2026-04-07,,,Normalläge,Har aldrig varit verksam,Okänd,00000,Göteborg,Västra Götaland,Göteborg,HELLSTEDTSGATAN 7,414 56,GÖTEBORG,kawaf.leen@gmail.com,,Har aldrig varit registrerad för F-skatt,Har aldrig varit registrerad för moms,Har aldrig varit registrerad som arbetsgivare,0 anställda,Postadress är OK,"Tar emot reklam, ej telefonnummerspärrat"
5595790915,165595790915,Tronfastigheter AB,,Övriga aktiebolag,Privat,2026-04-07,,,Normalläge,Har aldrig varit verksam,Okänd,00000,Uppsala,Uppsala,Uppsala,BOX 121,751 04,UPPSALA,,,Har aldrig varit registrerad för F-skatt,Har aldrig varit registrerad för moms,Har aldrig varit registrerad som arbetsgivare,0 anställda,Postadress är OK,"Tar emot reklam, ej telefonnummerspärrat"
5595790931,165595790931,Sipfind OpCo AB,,Övriga aktiebolag,Privat,2026-04-07,,,Normalläge,Har aldrig varit verksam,Okänd,00000,Lidingö,Stockholm,Stockholm/Södertälje,VÅRDKASSTIGEN 6,181 62,LIDINGÖ,per@sipfind.com,,Har aldrig varit registrerad för F-skatt,Har aldrig varit registrerad för moms,Har aldrig varit registrerad som arbetsgivare,0 anställda,Postadress är OK,"Tar emot reklam, ej telefonnummerspärrat"
5595790949,165595790949,LL Psykologi & Utbildning AB,,Övriga aktiebolag,Privat,2026-04-07,2026-04-13,,Normalläge,Är verksam,Annan övrig utbildning,85599,Stockholm,Stockholm,Stockholm/Södertälje,SANDFJÄRDSGATAN 108,120 56,ÅRSTA,lisa.ljungman@gmail.com,,Är registrerad för F-skatt,Är registrerad för moms,Har aldrig varit registrerad som arbetsgivare,0 anställda,Postadress är OK,"Tar emot reklam, ej telefonnummerspärrat"
5595790956,165595790956,Joel 232 Investments AB,,Övriga aktiebolag,Privat,2026-04-07,,,Normalläge,Har aldrig varit verksam,Okänd,00000,Sollentuna,Stockholm,Stockholm/Södertälje,RIBBINGS VÄG 53  LGH 1201,192 52,SOLLENTUNA,eadaniel.larsson@gmail.com,,Har aldrig varit registrerad för F-skatt,Har aldrig varit registrerad för moms,Har aldrig varit registrerad som arbetsgivare,0 anställda,Postadress är OK,"Tar emot reklam, ej telefonnummerspärrat"
5595790964,165595790964,Idux AB,,Övriga aktiebolag,Privat,2026-04-07,,,Normalläge,Har aldrig varit verksam,Okänd,00000,Köping,Västmanland,Köping,SYLTA 9,731 98,KÖPING,,,Har aldrig varit registrerad för F-skatt,Har aldrig varit registrerad för moms,Har aldrig varit registrerad som arbetsgivare,0 anställda,Postadress är OK,"Tar emot reklam, ej telefonnummerspärrat"
5595790972,165595790972,JPackendorff Invest AB,,Övriga aktiebolag,Privat,2026-04-07,,,Normalläge,Har aldrig varit verksam,Okänd,00000,Lerum,Västra Götaland,Göteborg,LEKSTORPSVÄGEN 4 C,443 41,GRÅBO,packen@me.com,,Har aldrig varit registrerad för F-skatt,Har aldrig varit registrerad för moms,Har aldrig varit registrerad som arbetsgivare,0 anställda,Postadress är OK,"Tar emot reklam, ej telefonnummerspärrat"
5595790998,165595790998,Monique Skoléa AB,,Övriga aktiebolag,Privat,2026-04-07,,,Normalläge,Har aldrig varit verksam,Okänd,00000,Borås,Västra Götaland,Borås,HANSINGGATAN 28,507 53,BORÅS,christopher@kprevision.se,,Har aldrig varit registrerad för F-skatt,Har aldrig varit registrerad för moms,Har aldrig varit registrerad som arbetsgivare,0 anställda,Postadress är OK,"Tar emot reklam, ej telefonnummerspärrat"
5595791004,165595791004,Camitz Byggkonsult AB,,Övriga aktiebolag,Privat,2026-04-07,2026-04-13,,Normalläge,Är verksam,Teknisk konsultverksamhet inom bygg- och anläggningsteknik,71121,Osby,Skåne,Hässleholm,GÖINGEGATAN 30,283 35,OSBY,mattias@camitzbyggkonsult.se,,Är registrerad för F-skatt,Är registrerad för moms,Har aldrig varit registrerad som arbetsgivare,0 anställda,Postadress är OK,"Tar emot reklam, ej telefonnummerspärrat"
5595791012,165595791012,IL Kaic AB,,Övriga aktiebolag,Privat,2026-04-07,,,Normalläge,Har aldrig varit verksam,Okänd,00000,Linköping,Östergötland,Linköping,FREDRIKSLUNDSGATAN 11,589 39,LINKÖPING,consulting.kaic@gmail.com,,Har aldrig varit registrerad för F-skatt,Har aldrig varit registrerad för moms,Har aldrig varit registrerad som arbetsgivare,0 anställda,Postadress är OK,"Tar emot reklam, ej telefonnummerspärrat"
5595791020,165595791020,AI Kollegorna AB,,Övriga aktiebolag,Privat,2026-04-07,,,Normalläge,Har aldrig varit verksam,Okänd,00000,Nacka,Stockholm,Stockholm/Södertälje,SICKLASTRÅKET 15,131 55,NACKA,Anton.pernvik@gmail.com,,Har aldrig varit registrerad för F-skatt,Har aldrig varit registrerad för moms,Har aldrig varit registrerad som arbetsgivare,0 anställda,Postadress är OK,"Tar emot reklam, ej telefonnummerspärrat"
5595791038,165595791038,RoboLabs AB,,Övriga aktiebolag,Privat,2026-04-07,,,Normalläge,Har aldrig varit verksam,Okänd,00000,Västerås,Västmanland,Västerås,ANDERSLUNDSGATAN 8,722 18,VÄSTERÅS,hadialsehnawi@outlook.com,,Har aldrig varit registrerad för F-skatt,Har aldrig varit registrerad för moms,Har aldrig varit registrerad som arbetsgivare,0 anställda,Postadress är OK,"Tar emot reklam, ej telefonnummerspärrat"
5595791046,165595791046,Ultimus Dynamic Bromma AB,,Övriga aktiebolag,Privat,2026-04-07,,,Normalläge,Har aldrig varit verksam,Okänd,00000,Stockholm,Stockholm,Stockholm/Södertälje,SNÄCKPARKEN 3,167 53,BROMMA,henrik.tjarnstrom@gmail.com,,Har aldrig varit registrerad för F-skatt,Har aldrig varit registrerad för moms,Har aldrig varit registrerad som arbetsgivare,0 anställda,Postadress är OK,"Tar emot reklam, ej telefonnummerspärrat"
5595791053,165595791053,GMed Consulting AB,,Övriga aktiebolag,Privat,2026-04-07,2026-04-13,,Normalläge,Är verksam,Sjuksköterske- och barnmorskeverksamhet,86940,Göteborg,Västra Götaland,Göteborg,DOKTOR ALLARDS GATA 68,413 25,GÖTEBORG,grchalkia@gmail.com,,Är registrerad för F-skatt,Har aldrig varit registrerad för moms,Har aldrig varit registrerad som arbetsgivare,0 anställda,Postadress är OK,"Tar emot reklam, ej telefonnummerspärrat"
5595791061,165595791061,JA Foto & Media AB,,Övriga aktiebolag,Privat,2026-04-07,,,Normalläge,Har aldrig varit verksam,Okänd,00000,Vårgårda,Västra Götaland,Göteborg,BORÅSVÄGEN 39 D,447 34,VÅRGÅRDA,jenny_abrahamsson@hotmail.com,,Har aldrig varit registrerad för F-skatt,Har aldrig varit registrerad för moms,Har aldrig varit registrerad som arbetsgivare,0 anställda,Postadress är OK,"Tar emot reklam, ej telefonnummerspärrat"
5595791079,165595791079,Mfg Ekomiq AB,,Övriga aktiebolag,Privat,2026-04-07,,,Normalläge,Har aldrig varit verksam,Okänd,00000,Västerås,Västmanland,Västerås,MESANGATAN 6,723 56,VÄSTERÅS,Mia.fredberg@outlook.com,,Har aldrig varit registrerad för F-skatt,Har aldrig varit registrerad för moms,Har aldrig varit registrerad som arbetsgivare,0 anställda,Postadress är OK,"Tar emot reklam, ej telefonnummerspärrat"
5595791087,165595791087,Akleja Specialistklinik Gastro & Endoskopi AB,,Övriga aktiebolag,Privat,2026-04-07,,,Normalläge,Har aldrig varit verksam,Okänd,00000,Borås,Västra Götaland,Borås,VÄSTERLÅNGGATAN 20,503 30,BORÅS,Mahsa.nordqvist@aklejakvinnoklinik.se,,Har aldrig varit registrerad för F-skatt,Har aldrig varit registrerad för moms,Har aldrig varit registrerad som arbetsgivare,0 anställda,Postadress är OK,"Tar emot reklam, ej telefonnummerspärrat"
5595791095,165595791095,Linda Sammons AB,,Övriga aktiebolag,Privat,2026-04-07,,,Normalläge,Har aldrig varit verksam,Okänd,00000,Säter,Dalarna,Borlänge/Falun,FOGDEGATAN 38,783 34,SÄTER,,,Har aldrig varit registrerad för F-skatt,Har aldrig varit registrerad för moms,Har aldrig varit registrerad som arbetsgivare,0 anställda,Postadress är OK,"Tar emot reklam, ej telefonnummerspärrat"
5595791103,165595791103,Barman Advisory AB,,Övriga aktiebolag,Privat,2026-04-07,2026-04-13,,Normalläge,Är verksam,Konsultverksamhet avseende företags organisation,70200,Göteborg,Västra Götaland,Göteborg,TEATERGATAN 36  LGH 1501,411 35,GÖTEBORG,frank.barman@gmail.com,,Är registrerad för F-skatt,Är registrerad för moms,Har aldrig varit registrerad som arbetsgivare,0 anställda,Postadress är OK,"Tar emot reklam, ej telefonnummerspärrat"
5595791111,165595791111,Idrottsrehab Halmstad AB,,Övriga aktiebolag,Privat,2026-04-07,,,Normalläge,Har aldrig varit verksam,Okänd,00000,Halmstad,Halland,Halmstad,MARGARETAGATAN 44,302 66,HALMSTAD,Filipjosefsson92@gmail.com,,Har aldrig varit registrerad för F-skatt,Har aldrig varit registrerad för moms,Har aldrig varit registrerad som arbetsgivare,0 anställda,Postadress är OK,"Tar emot reklam, ej telefonnummerspärrat"
5595791129,165595791129,Famera Lokaler 6 AB,,Övriga aktiebolag,Privat,2026-04-07,,,Normalläge,Har aldrig varit verksam,Okänd,00000,Växjö,Kronoberg,Växjö,KUNGSGATAN 12,352 33,VÄXJÖ,johan@famera.se,,Har aldrig varit registrerad för F-skatt,Har aldrig varit registrerad för moms,Har aldrig varit registrerad som arbetsgivare,0 anställda,Postadress är OK,"Tar emot reklam, ej telefonnummerspärrat"
5595791152,165595791152,DLD Invest AB,,Övriga aktiebolag,Privat,2026-04-07,,,Normalläge,Har aldrig varit verksam,Okänd,00000,Västerås,Västmanland,Västerås,FALLHAMMARGATAN 8,721 33,VÄSTERÅS,viktor@readyekonomi.se,,Har aldrig varit registrerad för F-skatt,Har aldrig varit registrerad för moms,Har aldrig varit registrerad som arbetsgivare,0 anställda,Postadress är OK,"Tar emot reklam, ej telefonnummerspärrat"
5595791160,165595791160,Carboglace AB,,Övriga aktiebolag,Privat,2026-04-07,,,Normalläge,Har aldrig varit verksam,Okänd,00000,Sollentuna,Stockholm,Stockholm/Södertälje,LANDSVÄGEN 15,192 72,SOLLENTUNA,chllgren@icloud.com,,Har aldrig varit registrerad för F-skatt,Har aldrig varit registrerad för moms,Har aldrig varit registrerad som arbetsgivare,0 anställda,Postadress är OK,"Tar emot reklam, ej telefonnummerspärrat"
5595791178,165595791178,Elean i Sverige AB,,Övriga aktiebolag,Privat,2026-04-07,2026-04-13,,Normalläge,Är verksam,Detaljhandel med tobaksvaror,47260,Karlstad,Värmland,Karlstad,KARLAGATAN 12,652 23,KARLSTAD,mrtelbani48@gmail.com,,Är registrerad för F-skatt,Är registrerad för moms,Har aldrig varit registrerad som arbetsgivare,0 anställda,Postadress är OK,"Tar emot reklam, ej telefonnummerspärrat"
5595791186,165595791186,Naitive ERP AB,,Övriga aktiebolag,Privat,2026-04-07,,,Normalläge,Har aldrig varit verksam,Okänd,00000,Kristianstad,Skåne,Kristianstad,KLUBBGATAN 11,291 66,KRISTIANSTAD,a.strandhagen@gmail.com,,Har aldrig varit registrerad för F-skatt,Har aldrig varit registrerad för moms,Har aldrig varit registrerad som arbetsgivare,0 anställda,Postadress är OK,"Tar emot reklam, ej telefonnummerspärrat"
5595791194,165595791194,Snickerier Apart AB,,Övriga aktiebolag,Privat,2026-04-07,,,Normalläge,Har aldrig varit verksam,Okänd,00000,Botkyrka,Stockholm,Stockholm/Södertälje,DOMAREBACKEN 50,145 57,NORSBORG,Snickare.se@gmail.com,,Har aldrig varit registrerad för F-skatt,Har aldrig varit registrerad för moms,Har aldrig varit registrerad som arbetsgivare,0 anställda,Postadress är OK,"Tar emot reklam, ej telefonnummerspärrat"
5595791202,165595791202,Sandor & Lasse Fastigheter AB,,Övriga aktiebolag,Privat,2026-04-07,,,Normalläge,Har aldrig varit verksam,Okänd,00000,Jönköping,Jönköping,Jönköping,ÖRNABERGSVÄGEN 10,562 32,NORRAHAMMAR,fritid@sandorlasse.se,,Har aldrig varit registrerad för F-skatt,Har aldrig varit registrerad för moms,Har aldrig varit registrerad som arbetsgivare,0 anställda,Postadress är OK,"Tar emot reklam, ej telefonnummerspärrat"
5595791228,165595791228,Grundbulten 160898 AB,,Övriga aktiebolag,Privat,2026-04-07,,,Normalläge,Har aldrig varit verksam,Okänd,00000,Växjö,Kronoberg,Växjö,BOX 427,351 06,VÄXJÖ,startaforetag@fortnox.se,,Har aldrig varit registrerad för F-skatt,Har aldrig varit registrerad för moms,Har aldrig varit registrerad som arbetsgivare,0 anställda,Postadress är OK,"Tar emot reklam, ej telefonnummerspärrat"
5595791236,165595791236,Grundbulten 160899 AB,,Övriga aktiebolag,Privat,2026-04-07,,,Normalläge,Har aldrig varit verksam,Okänd,00000,Växjö,Kronoberg,Växjö,BOX 427,351 06,VÄXJÖ,,,Har aldrig varit registrerad för F-skatt,Har aldrig varit registrerad för moms,Har aldrig varit registrerad som arbetsgivare,0 anställda,Postadress är OK,"Tar emot reklam, ej telefonnummerspärrat"
5595791244,165595791244,Grundbulten 160896 AB,,Övriga aktiebolag,Privat,2026-04-07,,,Normalläge,Har aldrig varit verksam,Okänd,00000,Växjö,Kronoberg,Växjö,BOX 427,351 06,VÄXJÖ,startaforetag@fortnox.se,,Har aldrig varit registrerad för F-skatt,Har aldrig varit registrerad för moms,Har aldrig varit registrerad som arbetsgivare,0 anställda,Postadress är OK,"Tar emot reklam, ej telefonnummerspärrat"
5595791251,165595791251,Grundbulten 160897 AB,,Övriga aktiebolag,Privat,2026-04-07,,,Normalläge,Har aldrig varit verksam,Okänd,00000,Växjö,Kronoberg,Växjö,BOX 427,351 06,VÄXJÖ,startaforetag@fortnox.se,,Har aldrig varit registrerad för F-skatt,Har aldrig varit registrerad för moms,Har aldrig varit registrerad som arbetsgivare,0 anställda,Postadress är OK,"Tar emot reklam, ej telefonnummerspärrat"
5595791269,165595791269,Grundbulten 160875 AB,,Övriga aktiebolag,Privat,2026-04-07,,,Normalläge,Har aldrig varit verksam,Okänd,00000,Växjö,Kronoberg,Växjö,BOX 427,351 06,VÄXJÖ,startaforetag@fortnox.se,,Har aldrig varit registrerad för F-skatt,Har aldrig varit registrerad för moms,Har aldrig varit registrerad som arbetsgivare,0 anställda,Postadress är OK,"Tar emot reklam, ej telefonnummerspärrat"
5595791277,165595791277,Grundbulten 160878 AB,,Övriga aktiebolag,Privat,2026-04-07,,,Normalläge,Har aldrig varit verksam,Okänd,00000,Växjö,Kronoberg,Växjö,BOX 427,351 06,VÄXJÖ,startaforetag@fortnox.se,,Har aldrig varit registrerad för F-skatt,Har aldrig varit registrerad för moms,Har aldrig varit registrerad som arbetsgivare,0 anställda,Postadress är OK,"Tar emot reklam, ej telefonnummerspärrat"
5595791285,165595791285,Grundbulten 160879 AB,,Övriga aktiebolag,Privat,2026-04-07,,,Normalläge,Har aldrig varit verksam,Okänd,00000,Växjö,Kronoberg,Växjö,BOX 427,351 06,VÄXJÖ,startaforetag@fortnox.se,,Har aldrig varit registrerad för F-skatt,Har aldrig varit registrerad för moms,Har aldrig varit registrerad som arbetsgivare,0 anställda,Postadress är OK,"Tar emot reklam, ej telefonnummerspärrat"
5595791293,165595791293,Grundbulten 160876 AB,,Övriga aktiebolag,Privat,2026-04-07,,,Normalläge,Har aldrig varit verksam,Okänd,00000,Växjö,Kronoberg,Växjö,BOX 427,351 06,VÄXJÖ,startaforetag@fortnox.se,,Har aldrig varit registrerad för F-skatt,Har aldrig varit registrerad för moms,Har aldrig varit registrerad som arbetsgivare,0 anställda,Postadress är OK,"Tar emot reklam, ej telefonnummerspärrat"
5595791301,165595791301,Grundbulten 160877 AB,,Övriga aktiebolag,Privat,2026-04-07,,,Normalläge,Har aldrig varit verksam,Okänd,00000,Växjö,Kronoberg,Växjö,BOX 427,351 06,VÄXJÖ,startaforetag@fortnox.se,,Har aldrig varit registrerad för F-skatt,Har aldrig varit registrerad för moms,Har aldrig varit registrerad som arbetsgivare,0 anställda,Postadress är OK,"Tar emot reklam, ej telefonnummerspärrat"
5595791319,165595791319,Grundbulten 160882 AB,,Övriga aktiebolag,Privat,2026-04-07,,,Normalläge,Har aldrig varit verksam,Okänd,00000,Växjö,Kronoberg,Växjö,BOX 427,351 06,VÄXJÖ,startaforetag@fortnox.se,,Har aldrig varit registrerad för F-skatt,Har aldrig varit registrerad för moms,Har aldrig varit registrerad som arbetsgivare,0 anställda,Postadress är OK,"Tar emot reklam, ej telefonnummerspärrat"
5595791327,165595791327,Grundbulten 160883 AB,,Övriga aktiebolag,Privat,2026-04-07,,,Normalläge,Har aldrig varit verksam,Okänd,00000,Växjö,Kronoberg,Växjö,BOX 427,351 06,VÄXJÖ,startaforetag@fortnox.se,,Har aldrig varit registrerad för F-skatt,Har aldrig varit registrerad för moms,Har aldrig varit registrerad som arbetsgivare,0 anställda,Postadress är OK,"Tar emot reklam, ej telefonnummerspärrat"
5595791335,165595791335,Grundbulten 160880 AB,,Övriga aktiebolag,Privat,2026-04-07,,,Normalläge,Har aldrig varit verksam,Okänd,00000,Växjö,Kronoberg,Växjö,BOX 427,351 06,VÄXJÖ,startaforetag@fortnox.se,,Har aldrig varit registrerad för F-skatt,Har aldrig varit registrerad för moms,Har aldrig varit registrerad som arbetsgivare,0 anställda,Postadress är OK,"Tar emot reklam, ej telefonnummerspärrat"
5595791343,165595791343,Grundbulten 160881 AB,,Övriga aktiebolag,Privat,2026-04-07,,,Normalläge,Har aldrig varit verksam,Okänd,00000,Växjö,Kronoberg,Växjö,BOX 427,351 06,VÄXJÖ,startaforetag@fortnox.se,,Har aldrig varit registrerad för F-skatt,Har aldrig varit registrerad för moms,Har aldrig varit registrerad som arbetsgivare,0 anställda,Postadress är OK,"Tar emot reklam, ej telefonnummerspärrat"
5595791350,165595791350,Grundbulten 160886 AB,,Övriga aktiebolag,Privat,2026-04-07,,,Normalläge,Har aldrig varit verksam,Okänd,00000,Växjö,Kronoberg,Växjö,BOX 427,351 06,VÄXJÖ,startaforetag@fortnox.se,,Har aldrig varit registrerad för F-skatt,Har aldrig varit registrerad för moms,Har aldrig varit registrerad som arbetsgivare,0 anställda,Postadress är OK,"Tar emot reklam, ej telefonnummerspärrat"
5595791368,165595791368,Grundbulten 160887 AB,,Övriga aktiebolag,Privat,2026-04-07,,,Normalläge,Har aldrig varit verksam,Okänd,00000,Växjö,Kronoberg,Växjö,BOX 427,351 06,VÄXJÖ,startaforetag@fortnox.se,,Har aldrig varit registrerad för F-skatt,Har aldrig varit registrerad för moms,Har aldrig varit registrerad som arbetsgivare,0 anställda,Postadress är OK,"Tar emot reklam, ej telefonnummerspärrat"
5595791376,165595791376,Nyberget Stål & Lyft AB,,Övriga aktiebolag,Privat,2026-04-07,2026-04-13,,Normalläge,Är verksam,Annan övrig specialiserad bygg- och anläggningsverksamhet,43999,Torsby,Värmland,Karlstad,LETAFORS 8,680 60,SYSSLEBÄCK,,,Är registrerad för F-skatt,Har aldrig varit registrerad för moms,Har aldrig varit registrerad som arbetsgivare,0 anställda,Postadress är OK,"Tar emot reklam, ej telefonnummerspärrat"
5595791384,165595791384,Grundbulten 160884 AB,,Övriga aktiebolag,Privat,2026-04-07,,,Normalläge,Har aldrig varit verksam,Okänd,00000,Växjö,Kronoberg,Växjö,BOX 427,351 06,VÄXJÖ,startaforetag@fortnox.se,,Har aldrig varit registrerad för F-skatt,Har aldrig varit registrerad för moms,Har aldrig varit registrerad som arbetsgivare,0 anställda,Postadress är OK,"Tar emot reklam, ej telefonnummerspärrat"
5595791392,165595791392,Grundbulten 160885 AB,,Övriga aktiebolag,Privat,2026-04-07,,,Normalläge,Har aldrig varit verksam,Okänd,00000,Växjö,Kronoberg,Växjö,BOX 427,351 06,VÄXJÖ,startaforetag@fortnox.se,,Har aldrig varit registrerad för F-skatt,Har aldrig varit registrerad för moms,Har aldrig varit registrerad som arbetsgivare,0 anställda,Postadress är OK,"Tar emot reklam, ej telefonnummerspärrat"
5595791400,165595791400,Grundbulten 160890 AB,,Övriga aktiebolag,Privat,2026-04-07,,,Normalläge,Har aldrig varit verksam,Okänd,00000,Växjö,Kronoberg,Växjö,BOX 427,351 06,VÄXJÖ,startaforetag@fortnox.se,,Har aldrig varit registrerad för F-skatt,Har aldrig varit registrerad för moms,Har aldrig varit registrerad som arbetsgivare,0 anställda,Postadress är OK,"Tar emot reklam, ej telefonnummerspärrat"
5595791418,165595791418,Grundbulten 160891 AB,,Övriga aktiebolag,Privat,2026-04-07,,,Normalläge,Har aldrig varit verksam,Okänd,00000,Växjö,Kronoberg,Växjö,BOX 427,351 06,VÄXJÖ,startaforetag@fortnox.se,,Har aldrig varit registrerad för F-skatt,Har aldrig varit registrerad för moms,Har aldrig varit registrerad som arbetsgivare,0 anställda,Postadress är OK,"Tar emot reklam, ej telefonnummerspärrat"
5595791426,165595791426,Grundbulten 160888 AB,,Övriga aktiebolag,Privat,2026-04-07,,,Normalläge,Har aldrig varit verksam,Okänd,00000,Växjö,Kronoberg,Växjö,BOX 427,351 06,VÄXJÖ,startaforetag@fortnox.se,,Har aldrig varit registrerad för F-skatt,Har aldrig varit registrerad för moms,Har aldrig varit registrerad som arbetsgivare,0 anställda,Postadress är OK,"Tar emot reklam, ej telefonnummerspärrat"
5595791434,165595791434,Grundbulten 160889 AB,,Övriga aktiebolag,Privat,2026-04-07,,,Normalläge,Har aldrig varit verksam,Okänd,00000,Växjö,Kronoberg,Växjö,BOX 427,351 06,VÄXJÖ,startaforetag@fortnox.se,,Har aldrig varit registrerad för F-skatt,Har aldrig varit registrerad för moms,Har aldrig varit registrerad som arbetsgivare,0 anställda,Postadress är OK,"Tar emot reklam, ej telefonnummerspärrat"
5595791442,165595791442,Grundbulten 160894 AB,,Övriga aktiebolag,Privat,2026-04-07,,,Normalläge,Har aldrig varit verksam,Okänd,00000,Växjö,Kronoberg,Växjö,BOX 427,351 06,VÄXJÖ,startaforetag@fortnox.se,,Har aldrig varit registrerad för F-skatt,Har aldrig varit registrerad för moms,Har aldrig varit registrerad som arbetsgivare,0 anställda,Postadress är OK,"Tar emot reklam, ej telefonnummerspärrat"
5595791459,165595791459,Grundbulten 160895 AB,,Övriga aktiebolag,Privat,2026-04-07,,,Normalläge,Har aldrig varit verksam,Okänd,00000,Växjö,Kronoberg,Växjö,BOX 427,351 06,VÄXJÖ,startaforetag@fortnox.se,,Har aldrig varit registrerad för F-skatt,Har aldrig varit registrerad för moms,Har aldrig varit registrerad som arbetsgivare,0 anställda,Postadress är OK,"Tar emot reklam, ej telefonnummerspärrat"
5595791467,165595791467,Grundbulten 160892 AB,,Övriga aktiebolag,Privat,2026-04-07,,,Normalläge,Har aldrig varit verksam,Okänd,00000,Växjö,Kronoberg,Växjö,BOX 427,351 06,VÄXJÖ,startaforetag@fortnox.se,,Har aldrig varit registrerad för F-skatt,Har aldrig varit registrerad för moms,Har aldrig varit registrerad som arbetsgivare,0 anställda,Postadress är OK,"Tar emot reklam, ej telefonnummerspärrat"
5595791475,165595791475,Grundbulten 160893 AB,,Övriga aktiebolag,Privat,2026-04-07,,,Normalläge,Har aldrig varit verksam,Okänd,00000,Växjö,Kronoberg,Växjö,BOX 427,351 06,VÄXJÖ,startaforetag@fortnox.se,,Har aldrig varit registrerad för F-skatt,Har aldrig varit registrerad för moms,Har aldrig varit registrerad som arbetsgivare,0 anställda,Postadress är OK,"Tar emot reklam, ej telefonnummerspärrat"
5595791483,165595791483,Grundbulten 160850 AB,,Övriga aktiebolag,Privat,2026-04-07,,,Normalläge,Har aldrig varit verksam,Okänd,00000,Växjö,Kronoberg,Växjö,BOX 427,351 06,VÄXJÖ,startaforetag@fortnox.se,,Har aldrig varit registrerad för F-skatt,Har aldrig varit registrerad för moms,Har aldrig varit registrerad som arbetsgivare,0 anställda,Postadress är OK,"Tar emot reklam, ej telefonnummerspärrat"
5595791491,165595791491,Grundbulten 160851 AB,,Övriga aktiebolag,Privat,2026-04-07,,,Normalläge,Har aldrig varit verksam,Okänd,00000,Växjö,Kronoberg,Växjö,BOX 427,351 06,VÄXJÖ,startaforetag@fortnox.se,,Har aldrig varit registrerad för F-skatt,Har aldrig varit registrerad för moms,Har aldrig varit registrerad som arbetsgivare,0 anställda,Postadress är OK,"Tar emot reklam, ej telefonnummerspärrat"
5595791509,165595791509,Grundbulten 160854 AB,,Övriga aktiebolag,Privat,2026-04-07,,,Normalläge,Har aldrig varit verksam,Okänd,00000,Växjö,Kronoberg,Växjö,BOX 427,351 06,VÄXJÖ,startaforetag@fortnox.se,,Har aldrig varit registrerad för F-skatt,Har aldrig varit registrerad för moms,Har aldrig varit registrerad som arbetsgivare,0 anställda,Postadress är OK,"Tar emot reklam, ej telefonnummerspärrat"
5595791517,165595791517,Grundbulten 160855 AB,,Övriga aktiebolag,Privat,2026-04-07,,,Normalläge,Har aldrig varit verksam,Okänd,00000,Växjö,Kronoberg,Växjö,BOX 427,351 06,VÄXJÖ,startaforetag@fortnox.se,,Har aldrig varit registrerad för F-skatt,Har aldrig varit registrerad för moms,Har aldrig varit registrerad som arbetsgivare,0 anställda,Postadress är OK,"Tar emot reklam, ej telefonnummerspärrat"
5595791525,165595791525,Grundbulten 160852 AB,,Övriga aktiebolag,Privat,2026-04-07,,,Normalläge,Har aldrig varit verksam,Okänd,00000,Växjö,Kronoberg,Växjö,BOX 427,351 06,VÄXJÖ,startaforetag@fortnox.se,,Har aldrig varit registrerad för F-skatt,Har aldrig varit registrerad för moms,Har aldrig varit registrerad som arbetsgivare,0 anställda,Postadress är OK,"Tar emot reklam, ej telefonnummerspärrat"
5595791533,165595791533,Grundbulten 160853 AB,,Övriga aktiebolag,Privat,2026-04-07,,,Normalläge,Har aldrig varit verksam,Okänd,00000,Växjö,Kronoberg,Växjö,BOX 427,351 06,VÄXJÖ,startaforetag@fortnox.se,,Har aldrig varit registrerad för F-skatt,Har aldrig varit registrerad för moms,Har aldrig varit registrerad som arbetsgivare,0 anställda,Postadress är OK,"Tar emot reklam, ej telefonnummerspärrat"
5595791541,165595791541,Grundbulten 160858 AB,,Övriga aktiebolag,Privat,2026-04-07,,,Normalläge,Har aldrig varit verksam,Okänd,00000,Växjö,Kronoberg,Växjö,BOX 427,351 06,VÄXJÖ,startaforetag@fortnox.se,,Har aldrig varit registrerad för F-skatt,Har aldrig varit registrerad för moms,Har aldrig varit registrerad som arbetsgivare,0 anställda,Postadress är OK,"Tar emot reklam, ej telefonnummerspärrat"
5595791558,165595791558,Grundbulten 160859 AB,,Övriga aktiebolag,Privat,2026-04-07,,,Normalläge,Har aldrig varit verksam,Okänd,00000,Växjö,Kronoberg,Växjö,BOX 427,351 06,VÄXJÖ,startaforetag@fortnox.se,,Har aldrig varit registrerad för F-skatt,Har aldrig varit registrerad för moms,Har aldrig varit registrerad som arbetsgivare,0 anställda,Postadress är OK,"Tar emot reklam, ej telefonnummerspärrat"
5595791566,165595791566,Grundbulten 160856 AB,,Övriga aktiebolag,Privat,2026-04-07,,,Normalläge,Har aldrig varit verksam,Okänd,00000,Växjö,Kronoberg,Växjö,BOX 427,351 06,VÄXJÖ,startaforetag@fortnox.se,,Har aldrig varit registrerad för F-skatt,Har aldrig varit registrerad för moms,Har aldrig varit registrerad som arbetsgivare,0 anställda,Postadress är OK,"Tar emot reklam, ej telefonnummerspärrat"
5595791574,165595791574,Grundbulten 160857 AB,,Övriga aktiebolag,Privat,2026-04-07,,,Normalläge,Har aldrig varit verksam,Okänd,00000,Växjö,Kronoberg,Växjö,BOX 427,351 06,VÄXJÖ,startaforetag@fortnox.se,,Har aldrig varit registrerad för F-skatt,Har aldrig varit registrerad för moms,Har aldrig varit registrerad som arbetsgivare,0 anställda,Postadress är OK,"Tar emot reklam, ej telefonnummerspärrat"
5595791582,165595791582,Grundbulten 160862 AB,,Övriga aktiebolag,Privat,2026-04-07,,,Normalläge,Har aldrig varit verksam,Okänd,00000,Växjö,Kronoberg,Växjö,BOX 427,351 06,VÄXJÖ,startaforetag@fortnox.se,,Har aldrig varit registrerad för F-skatt,Har aldrig varit registrerad för moms,Har aldrig varit registrerad som arbetsgivare,0 anställda,Postadress är OK,"Tar emot reklam, ej telefonnummerspärrat"
5595791590,165595791590,Grundbulten 160863 AB,,Övriga aktiebolag,Privat,2026-04-07,,,Normalläge,Har aldrig varit verksam,Okänd,00000,Växjö,Kronoberg,Växjö,BOX 427,351 06,VÄXJÖ,startaforetag@fortnox.se,,Har aldrig varit registrerad för F-skatt,Har aldrig varit registrerad för moms,Har aldrig varit registrerad som arbetsgivare,0 anställda,Postadress är OK,"Tar emot reklam, ej telefonnummerspärrat"
5595791608,165595791608,Grundbulten 160860 AB,,Övriga aktiebolag,Privat,2026-04-07,,,Normalläge,Har aldrig varit verksam,Okänd,00000,Växjö,Kronoberg,Växjö,BOX 427,351 06,VÄXJÖ,startaforetag@fortnox.se,,Har aldrig varit registrerad för F-skatt,Har aldrig varit registrerad för moms,Har aldrig varit registrerad som arbetsgivare,0 anställda,Postadress är OK,"Tar emot reklam, ej telefonnummerspärrat"
5595791616,165595791616,Grundbulten 160861 AB,,Övriga aktiebolag,Privat,2026-04-07,,,Normalläge,Har aldrig varit verksam,Okänd,00000,Växjö,Kronoberg,Växjö,BOX 427,351 06,VÄXJÖ,startaforetag@fortnox.se,,Har aldrig varit registrerad för F-skatt,Har aldrig varit registrerad för moms,Har aldrig varit registrerad som arbetsgivare,0 anställda,Postadress är OK,"Tar emot reklam, ej telefonnummerspärrat"
5595791624,165595791624,Grundbulten 160866 AB,,Övriga aktiebolag,Privat,2026-04-07,,,Normalläge,Har aldrig varit verksam,Okänd,00000,Växjö,Kronoberg,Växjö,BOX 427,351 06,VÄXJÖ,startaforetag@fortnox.se,,Har aldrig varit registrerad för F-skatt,Har aldrig varit registrerad för moms,Har aldrig varit registrerad som arbetsgivare,0 anställda,Postadress är OK,"Tar emot reklam, ej telefonnummerspärrat"
5595791632,165595791632,Grundbulten 160867 AB,,Övriga aktiebolag,Privat,2026-04-07,,,Normalläge,Har aldrig varit verksam,Okänd,00000,Växjö,Kronoberg,Växjö,BOX 427,351 06,VÄXJÖ,startaforetag@fortnox.se,,Har aldrig varit registrerad för F-skatt,Har aldrig varit registrerad för moms,Har aldrig varit registrerad som arbetsgivare,0 anställda,Postadress är OK,"Tar emot reklam, ej telefonnummerspärrat"
5595791640,165595791640,Grundbulten 160864 AB,,Övriga aktiebolag,Privat,2026-04-07,,,Normalläge,Har aldrig varit verksam,Okänd,00000,Växjö,Kronoberg,Växjö,BOX 427,351 06,VÄXJÖ,startaforetag@fortnox.se,,Har aldrig varit registrerad för F-skatt,Har aldrig varit registrerad för moms,Har aldrig varit registrerad som arbetsgivare,0 anställda,Postadress är OK,"Tar emot reklam, ej telefonnummerspärrat"
5595791657,165595791657,Grundbulten 160865 AB,,Övriga aktiebolag,Privat,2026-04-07,,,Normalläge,Har aldrig varit verksam,Okänd,00000,Växjö,Kronoberg,Växjö,BOX 427,351 06,VÄXJÖ,startaforetag@fortnox.se,,Har aldrig varit registrerad för F-skatt,Har aldrig varit registrerad för moms,Har aldrig varit registrerad som arbetsgivare,0 anställda,Postadress är OK,"Tar emot reklam, ej telefonnummerspärrat"
5595791665,165595791665,Grundbulten 160870 AB,,Övriga aktiebolag,Privat,2026-04-07,,,Normalläge,Har aldrig varit verksam,Okänd,00000,Växjö,Kronoberg,Växjö,BOX 427,351 06,VÄXJÖ,startaforetag@fortnox.se,,Har aldrig varit registrerad för F-skatt,Har aldrig varit registrerad för moms,Har aldrig varit registrerad som arbetsgivare,0 anställda,Postadress är OK,"Tar emot reklam, ej telefonnummerspärrat"
5595791673,165595791673,Grundbulten 160871 AB,,Övriga aktiebolag,Privat,2026-04-07,,,Normalläge,Har aldrig varit verksam,Okänd,00000,Växjö,Kronoberg,Växjö,BOX 427,351 06,VÄXJÖ,startaforetag@fortnox.se,,Har aldrig varit registrerad för F-skatt,Har aldrig varit registrerad för moms,Har aldrig varit registrerad som arbetsgivare,0 anställda,Postadress är OK,"Tar emot reklam, ej telefonnummerspärrat"
5595791681,165595791681,Grundbulten 160868 AB,,Övriga aktiebolag,Privat,2026-04-07,,,Normalläge,Har aldrig varit verksam,Okänd,00000,Växjö,Kronoberg,Växjö,BOX 427,351 06,VÄXJÖ,startaforetag@fortnox.se,,Har aldrig varit registrerad för F-skatt,Har aldrig varit registrerad för moms,Har aldrig varit registrerad som arbetsgivare,0 anställda,Postadress är OK,"Tar emot reklam, ej telefonnummerspärrat"
5595791699,165595791699,Grundbulten 160869 AB,,Övriga aktiebolag,Privat,2026-04-07,,,Normalläge,Har aldrig varit verksam,Okänd,00000,Växjö,Kronoberg,Växjö,BOX 427,351 06,VÄXJÖ,startaforetag@fortnox.se,,Har aldrig varit registrerad för F-skatt,Har aldrig varit registrerad för moms,Har aldrig varit registrerad som arbetsgivare,0 anställda,Postadress är OK,"Tar emot reklam, ej telefonnummerspärrat"
5595791707,165595791707,Grundbulten 160874 AB,,Övriga aktiebolag,Privat,2026-04-07,,,Normalläge,Har aldrig varit verksam,Okänd,00000,Växjö,Kronoberg,Växjö,BOX 427,351 06,VÄXJÖ,startaforetag@fortnox.se,,Har aldrig varit registrerad för F-skatt,Har aldrig varit registrerad för moms,Har aldrig varit registrerad som arbetsgivare,0 anställda,Postadress är OK,"Tar emot reklam, ej telefonnummerspärrat"
5595791715,165595791715,Grundbulten 160872 AB,,Övriga aktiebolag,Privat,2026-04-07,,,Normalläge,Har aldrig varit verksam,Okänd,00000,Växjö,Kronoberg,Växjö,BOX 427,351 06,VÄXJÖ,startaforetag@fortnox.se,,Har aldrig varit registrerad för F-skatt,Har aldrig varit registrerad för moms,Har aldrig varit registrerad som arbetsgivare,0 anställda,Postadress är OK,"Tar emot reklam, ej telefonnummerspärrat"
5595791723,165595791723,Grundbulten 160873 AB,,Övriga aktiebolag,Privat,2026-04-07,,,Normalläge,Har aldrig varit verksam,Okänd,00000,Växjö,Kronoberg,Växjö,BOX 427,351 06,VÄXJÖ,startaforetag@fortnox.se,,Har aldrig varit registrerad för F-skatt,Har aldrig varit registrerad för moms,Har aldrig varit registrerad som arbetsgivare,0 anställda,Postadress är OK,"Tar emot reklam, ej telefonnummerspärrat"
5595791731,165595791731,Grundbulten 160834 AB,,Övriga aktiebolag,Privat,2026-04-07,,,Normalläge,Har aldrig varit verksam,Okänd,00000,Växjö,Kronoberg,Växjö,BOX 427,351 06,VÄXJÖ,startaforetag@fortnox.se,,Har aldrig varit registrerad för F-skatt,Har aldrig varit registrerad för moms,Har aldrig varit registrerad som arbetsgivare,0 anställda,Postadress är OK,"Tar emot reklam, ej telefonnummerspärrat"
5595791749,165595791749,Grundbulten 160835 AB,,Övriga aktiebolag,Privat,2026-04-07,,,Normalläge,Har aldrig varit verksam,Okänd,00000,Växjö,Kronoberg,Växjö,BOX 427,351 06,VÄXJÖ,startaforetag@fortnox.se,,Har aldrig varit registrerad för F-skatt,Har aldrig varit registrerad för moms,Har aldrig varit registrerad som arbetsgivare,0 anställda,Postadress är OK,"Tar emot reklam, ej telefonnummerspärrat"
5595791756,165595791756,Grundbulten 160832 AB,,Övriga aktiebolag,Privat,2026-04-07,,,Normalläge,Har aldrig varit verksam,Okänd,00000,Växjö,Kronoberg,Växjö,BOX 427,351 06,VÄXJÖ,startaforetag@fortnox.se,,Har aldrig varit registrerad för F-skatt,Har aldrig varit registrerad för moms,Har aldrig varit registrerad som arbetsgivare,0 anställda,Postadress är OK,"Tar emot reklam, ej telefonnummerspärrat"
5595791764,165595791764,Grundbulten 160833 AB,,Övriga aktiebolag,Privat,2026-04-07,,,Normalläge,Har aldrig varit verksam,Okänd,00000,Växjö,Kronoberg,Växjö,BOX 427,351 06,VÄXJÖ,startaforetag@fortnox.se,,Har aldrig varit registrerad för F-skatt,Har aldrig varit registrerad för moms,Har aldrig varit registrerad som arbetsgivare,0 anställda,Postadress är OK,"Tar emot reklam, ej telefonnummerspärrat"
5595791772,165595791772,Grundbulten 160838 AB,,Övriga aktiebolag,Privat,2026-04-07,,,Normalläge,Har aldrig varit verksam,Okänd,00000,Växjö,Kronoberg,Växjö,BOX 427,351 06,VÄXJÖ,startaforetag@fortnox.se,,Har aldrig varit registrerad för F-skatt,Har aldrig varit registrerad för moms,Har aldrig varit registrerad som arbetsgivare,0 anställda,Postadress är OK,"Tar emot reklam, ej telefonnummerspärrat"
5595791780,165595791780,Grundbulten 160839 AB,,Övriga aktiebolag,Privat,2026-04-07,,,Normalläge,Har aldrig varit verksam,Okänd,00000,Växjö,Kronoberg,Växjö,BOX 427,351 06,VÄXJÖ,startaforetag@fortnox.se,,Har aldrig varit registrerad för F-skatt,Har aldrig varit registrerad för moms,Har aldrig varit registrerad som arbetsgivare,0 anställda,Postadress är OK,"Tar emot reklam, ej telefonnummerspärrat"
5595791798,165595791798,Grundbulten 160836 AB,,Övriga aktiebolag,Privat,2026-04-07,,,Normalläge,Har aldrig varit verksam,Okänd,00000,Växjö,Kronoberg,Växjö,BOX 427,351 06,VÄXJÖ,startaforetag@fortnox.se,,Har aldrig varit registrerad för F-skatt,Har aldrig varit registrerad för moms,Har aldrig varit registrerad som arbetsgivare,0 anställda,Postadress är OK,"Tar emot reklam, ej telefonnummerspärrat"
5595791806,165595791806,Grundbulten 160837 AB,,Övriga aktiebolag,Privat,2026-04-07,,,Normalläge,Har aldrig varit verksam,Okänd,00000,Växjö,Kronoberg,Växjö,BOX 427,351 06,VÄXJÖ,startaforetag@fortnox.se,,Har aldrig varit registrerad för F-skatt,Har aldrig varit registrerad för moms,Har aldrig varit registrerad som arbetsgivare,0 anställda,Postadress är OK,"Tar emot reklam, ej telefonnummerspärrat"
5595791814,165595791814,Grundbulten 160842 AB,,Övriga aktiebolag,Privat,2026-04-07,,,Normalläge,Har aldrig varit verksam,Okänd,00000,Växjö,Kronoberg,Växjö,BOX 427,351 06,VÄXJÖ,startaforetag@fortnox.se,,Har aldrig varit registrerad för F-skatt,Har aldrig varit registrerad för moms,Har aldrig varit registrerad som arbetsgivare,0 anställda,Postadress är OK,"Tar emot reklam, ej telefonnummerspärrat"
5595791822,165595791822,Grundbulten 160843 AB,,Övriga aktiebolag,Privat,2026-04-07,,,Normalläge,Har aldrig varit verksam,Okänd,00000,Växjö,Kronoberg,Växjö,BOX 427,351 06,VÄXJÖ,startaforetag@fortnox.se,,Har aldrig varit registrerad för F-skatt,Har aldrig varit registrerad för moms,Har aldrig varit registrerad som arbetsgivare,0 anställda,Postadress är OK,"Tar emot reklam, ej telefonnummerspärrat"
5595791830,165595791830,Grundbulten 160840 AB,,Övriga aktiebolag,Privat,2026-04-07,,,Normalläge,Har aldrig varit verksam,Okänd,00000,Växjö,Kronoberg,Växjö,BOX 427,351 06,VÄXJÖ,startaforetag@fortnox.se,,Har aldrig varit registrerad för F-skatt,Har aldrig varit registrerad för moms,Har aldrig varit registrerad som arbetsgivare,0 anställda,Postadress är OK,"Tar emot reklam, ej telefonnummerspärrat"
5595791848,165595791848,Grundbulten 160841 AB,,Övriga aktiebolag,Privat,2026-04-07,,,Normalläge,Har aldrig varit verksam,Okänd,00000,Växjö,Kronoberg,Växjö,BOX 427,351 06,VÄXJÖ,startaforetag@fortnox.se,,Har aldrig varit registrerad för F-skatt,Har aldrig varit registrerad för moms,Har aldrig varit registrerad som arbetsgivare,0 anställda,Postadress är OK,"Tar emot reklam, ej telefonnummerspärrat"
5595791855,165595791855,Grundbulten 160846 AB,,Övriga aktiebolag,Privat,2026-04-07,,,Normalläge,Har aldrig varit verksam,Okänd,00000,Växjö,Kronoberg,Växjö,BOX 427,351 06,VÄXJÖ,startaforetag@fortnox.se,,Har aldrig varit registrerad för F-skatt,Har aldrig varit registrerad för moms,Har aldrig varit registrerad som arbetsgivare,0 anställda,Postadress är OK,"Tar emot reklam, ej telefonnummerspärrat"
5595791863,165595791863,Grundbulten 160847 AB,,Övriga aktiebolag,Privat,2026-04-07,,,Normalläge,Har aldrig varit verksam,Okänd,00000,Växjö,Kronoberg,Växjö,BOX 427,351 06,VÄXJÖ,startaforetag@fortnox.se,,Har aldrig varit registrerad för F-skatt,Har aldrig varit registrerad för moms,Har aldrig varit registrerad som arbetsgivare,0 anställda,Postadress är OK,"Tar emot reklam, ej telefonnummerspärrat"
5595791871,165595791871,Grundbulten 160844 AB,,Övriga aktiebolag,Privat,2026-04-07,,,Normalläge,Har aldrig varit verksam,Okänd,00000,Växjö,Kronoberg,Växjö,BOX 427,351 06,VÄXJÖ,startaforetag@fortnox.se,,Har aldrig varit registrerad för F-skatt,Har aldrig varit registrerad för moms,Har aldrig varit registrerad som arbetsgivare,0 anställda,Postadress är OK,"Tar emot reklam, ej telefonnummerspärrat"
5595791889,165595791889,Grundbulten 160845 AB,,Övriga aktiebolag,Privat,2026-04-07,,,Normalläge,Har aldrig varit verksam,Okänd,00000,Växjö,Kronoberg,Växjö,BOX 427,351 06,VÄXJÖ,startaforetag@fortnox.se,,Har aldrig varit registrerad för F-skatt,Har aldrig varit registrerad för moms,Har aldrig varit registrerad som arbetsgivare,0 anställda,Postadress är OK,"Tar emot reklam, ej telefonnummerspärrat"
5595791897,165595791897,Grundbulten 160848 AB,,Övriga aktiebolag,Privat,2026-04-07,,,Normalläge,Har aldrig varit verksam,Okänd,00000,Växjö,Kronoberg,Växjö,BOX 427,351 06,VÄXJÖ,startaforetag@fortnox.se,,Har aldrig varit registrerad för F-skatt,Har aldrig varit registrerad för moms,Har aldrig varit registrerad som arbetsgivare,0 anställda,Postadress är OK,"Tar emot reklam, ej telefonnummerspärrat"
5595791905,165595791905,Grundbulten 160849 AB,,Övriga aktiebolag,Privat,2026-04-07,,,Normalläge,Har aldrig varit verksam,Okänd,00000,Växjö,Kronoberg,Växjö,BOX 427,351 06,VÄXJÖ,startaforetag@fortnox.se,,Har aldrig varit registrerad för F-skatt,Har aldrig varit registrerad för moms,Har aldrig varit registrerad som arbetsgivare,0 anställda,Postadress är OK,"Tar emot reklam, ej telefonnummerspärrat"
5595791913,165595791913,Grundbulten 160826 AB,,Övriga aktiebolag,Privat,2026-04-07,,,Normalläge,Har aldrig varit verksam,Okänd,00000,Växjö,Kronoberg,Växjö,BOX 427,351 06,VÄXJÖ,startaforetag@fortnox.se,,Har aldrig varit registrerad för F-skatt,Har aldrig varit registrerad för moms,Har aldrig varit registrerad som arbetsgivare,0 anställda,Postadress är OK,"Tar emot reklam, ej telefonnummerspärrat"
5595791921,165595791921,Grundbulten 160827 AB,,Övriga aktiebolag,Privat,2026-04-07,,,Normalläge,Har aldrig varit verksam,Okänd,00000,Växjö,Kronoberg,Växjö,BOX 427,351 06,VÄXJÖ,startaforetag@fortnox.se,,Har aldrig varit registrerad för F-skatt,Har aldrig varit registrerad för moms,Har aldrig varit registrerad som arbetsgivare,0 anställda,Postadress är OK,"Tar emot reklam, ej telefonnummerspärrat"
5595791939,165595791939,Grundbulten 160825 AB,,Övriga aktiebolag,Privat,2026-04-07,,,Normalläge,Har aldrig varit verksam,Okänd,00000,Växjö,Kronoberg,Växjö,BOX 427,351 06,VÄXJÖ,startaforetag@fortnox.se,,Har aldrig varit registrerad för F-skatt,Har aldrig varit registrerad för moms,Har aldrig varit registrerad som arbetsgivare,0 anställda,Postadress är OK,"Tar emot reklam, ej telefonnummerspärrat"
5595791947,165595791947,Grundbulten 160830 AB,,Övriga aktiebolag,Privat,2026-04-07,,,Normalläge,Har aldrig varit verksam,Okänd,00000,Växjö,Kronoberg,Växjö,BOX 427,351 06,VÄXJÖ,startaforetag@fortnox.se,,Har aldrig varit registrerad för F-skatt,Har aldrig varit registrerad för moms,Har aldrig varit registrerad som arbetsgivare,0 anställda,Postadress är OK,"Tar emot reklam, ej telefonnummerspärrat"
5595791954,165595791954,Grundbulten 160831 AB,,Övriga aktiebolag,Privat,2026-04-07,,,Normalläge,Har aldrig varit verksam,Okänd,00000,Växjö,Kronoberg,Växjö,BOX 427,351 06,VÄXJÖ,startaforetag@fortnox.se,,Har aldrig varit registrerad för F-skatt,Har aldrig varit registrerad för moms,Har aldrig varit registrerad som arbetsgivare,0 anställda,Postadress är OK,"Tar emot reklam, ej telefonnummerspärrat"
5595791962,165595791962,Grundbulten 160828 AB,,Övriga aktiebolag,Privat,2026-04-07,,,Normalläge,Har aldrig varit verksam,Okänd,00000,Växjö,Kronoberg,Växjö,BOX 427,351 06,VÄXJÖ,startaforetag@fortnox.se,,Har aldrig varit registrerad för F-skatt,Har aldrig varit registrerad för moms,Har aldrig varit registrerad som arbetsgivare,0 anställda,Postadress är OK,"Tar emot reklam, ej telefonnummerspärrat"
5595791970,165595791970,Grundbulten 160829 AB,,Övriga aktiebolag,Privat,2026-04-07,,,Normalläge,Har aldrig varit verksam,Okänd,00000,Växjö,Kronoberg,Växjö,BOX 427,351 06,VÄXJÖ,startaforetag@fortnox.se,,Har aldrig varit registrerad för F-skatt,Har aldrig varit registrerad för moms,Har aldrig varit registrerad som arbetsgivare,0 anställda,Postadress är OK,"Tar emot reklam, ej telefonnummerspärrat"
5595791988,165595791988,Grundbulten 160802 AB,,Övriga aktiebolag,Privat,2026-04-07,,,Normalläge,Har aldrig varit verksam,Okänd,00000,Växjö,Kronoberg,Växjö,BOX 427,351 06,VÄXJÖ,startaforetag@fortnox.se,,Har aldrig varit registrerad för F-skatt,Har aldrig varit registrerad för moms,Har aldrig varit registrerad som arbetsgivare,0 anställda,Postadress är OK,"Tar emot reklam, ej telefonnummerspärrat"
5595791996,165595791996,Grundbulten 160803 AB,,Övriga aktiebolag,Privat,2026-04-07,,,Normalläge,Har aldrig varit verksam,Okänd,00000,Växjö,Kronoberg,Växjö,BOX 427,351 06,VÄXJÖ,startaforetag@fortnox.se,,Har aldrig varit registrerad för F-skatt,Har aldrig varit registrerad för moms,Har aldrig varit registrerad som arbetsgivare,0 anställda,Postadress är OK,"Tar emot reklam, ej telefonnummerspärrat"
5595792002,165595792002,Grundbulten 160800 AB,,Övriga aktiebolag,Privat,2026-04-07,,,Normalläge,Har aldrig varit verksam,Okänd,00000,Växjö,Kronoberg,Växjö,BOX 427,351 06,VÄXJÖ,startaforetag@fortnox.se,,Har aldrig varit registrerad för F-skatt,Har aldrig varit registrerad för moms,Har aldrig varit registrerad som arbetsgivare,0 anställda,Postadress är OK,"Tar emot reklam, ej telefonnummerspärrat"
5595792010,165595792010,Grundbulten 160801 AB,,Övriga aktiebolag,Privat,2026-04-07,,,Normalläge,Har aldrig varit verksam,Okänd,00000,Växjö,Kronoberg,Växjö,BOX 427,351 06,VÄXJÖ,startaforetag@fortnox.se,,Har aldrig varit registrerad för F-skatt,Har aldrig varit registrerad för moms,Har aldrig varit registrerad som arbetsgivare,0 anställda,Postadress är OK,"Tar emot reklam, ej telefonnummerspärrat"
5595792028,165595792028,Grundbulten 160806 AB,,Övriga aktiebolag,Privat,2026-04-07,,,Normalläge,Har aldrig varit verksam,Okänd,00000,Växjö,Kronoberg,Växjö,BOX 427,351 06,VÄXJÖ,startaforetag@fortnox.se,,Har aldrig varit registrerad för F-skatt,Har aldrig varit registrerad för moms,Har aldrig varit registrerad som arbetsgivare,0 anställda,Postadress är OK,"Tar emot reklam, ej telefonnummerspärrat"
5595792036,165595792036,Grundbulten 160807 AB,,Övriga aktiebolag,Privat,2026-04-07,,,Normalläge,Har aldrig varit verksam,Okänd,00000,Växjö,Kronoberg,Växjö,BOX 427,351 06,VÄXJÖ,startaforetag@fortnox.se,,Har aldrig varit registrerad för F-skatt,Har aldrig varit registrerad för moms,Har aldrig varit registrerad som arbetsgivare,0 anställda,Postadress är OK,"Tar emot reklam, ej telefonnummerspärrat"
5595792044,165595792044,Grundbulten 160804 AB,,Övriga aktiebolag,Privat,2026-04-07,,,Normalläge,Har aldrig varit verksam,Okänd,00000,Växjö,Kronoberg,Växjö,BOX 427,351 06,VÄXJÖ,startaforetag@fortnox.se,,Har aldrig varit registrerad för F-skatt,Har aldrig varit registrerad för moms,Har aldrig varit registrerad som arbetsgivare,0 anställda,Postadress är OK,"Tar emot reklam, ej telefonnummerspärrat"
5595792051,165595792051,Grundbulten 160805 AB,,Övriga aktiebolag,Privat,2026-04-07,,,Normalläge,Har aldrig varit verksam,Okänd,00000,Växjö,Kronoberg,Växjö,BOX 427,351 06,VÄXJÖ,startaforetag@fortnox.se,,Har aldrig varit registrerad för F-skatt,Har aldrig varit registrerad för moms,Har aldrig varit registrerad som arbetsgivare,0 anställda,Postadress är OK,"Tar emot reklam, ej telefonnummerspärrat"
5595792069,165595792069,Grundbulten 160810 AB,,Övriga aktiebolag,Privat,2026-04-07,,,Normalläge,Har aldrig varit verksam,Okänd,00000,Växjö,Kronoberg,Växjö,BOX 427,351 06,VÄXJÖ,startaforetag@fortnox.se,,Har aldrig varit registrerad för F-skatt,Har aldrig varit registrerad för moms,Har aldrig varit registrerad som arbetsgivare,0 anställda,Postadress är OK,"Tar emot reklam, ej telefonnummerspärrat"
5595792077,165595792077,Grundbulten 160811 AB,,Övriga aktiebolag,Privat,2026-04-07,,,Normalläge,Har aldrig varit verksam,Okänd,00000,Växjö,Kronoberg,Växjö,BOX 427,351 06,VÄXJÖ,startaforetag@fortnox.se,,Har aldrig varit registrerad för F-skatt,Har aldrig varit registrerad för moms,Har aldrig varit registrerad som arbetsgivare,0 anställda,Postadress är OK,"Tar emot reklam, ej telefonnummerspärrat"
5595792085,165595792085,Grundbulten 160808 AB,,Övriga aktiebolag,Privat,2026-04-07,,,Normalläge,Har aldrig varit verksam,Okänd,00000,Växjö,Kronoberg,Växjö,BOX 427,351 06,VÄXJÖ,startaforetag@fortnox.se,,Har aldrig varit registrerad för F-skatt,Har aldrig varit registrerad för moms,Har aldrig varit registrerad som arbetsgivare,0 anställda,Postadress är OK,"Tar emot reklam, ej telefonnummerspärrat"
5595792093,165595792093,Grundbulten 160809 AB,,Övriga aktiebolag,Privat,2026-04-07,,,Normalläge,Har aldrig varit verksam,Okänd,00000,Växjö,Kronoberg,Växjö,BOX 427,351 06,VÄXJÖ,startaforetag@fortnox.se,,Har aldrig varit registrerad för F-skatt,Har aldrig varit registrerad för moms,Har aldrig varit registrerad som arbetsgivare,0 anställda,Postadress är OK,"Tar emot reklam, ej telefonnummerspärrat"
5595792101,165595792101,Grundbulten 160814 AB,,Övriga aktiebolag,Privat,2026-04-07,,,Normalläge,Har aldrig varit verksam,Okänd,00000,Växjö,Kronoberg,Växjö,BOX 427,351 06,VÄXJÖ,startaforetag@fortnox.se,,Har aldrig varit registrerad för F-skatt,Har aldrig varit registrerad för moms,Har aldrig varit registrerad som arbetsgivare,0 anställda,Postadress är OK,"Tar emot reklam, ej telefonnummerspärrat"
5595792119,165595792119,Grundbulten 160815 AB,,Övriga aktiebolag,Privat,2026-04-07,,,Normalläge,Har aldrig varit verksam,Okänd,00000,Växjö,Kronoberg,Växjö,BOX 427,351 06,VÄXJÖ,startaforetag@fortnox.se,,Har aldrig varit registrerad för F-skatt,Har aldrig varit registrerad för moms,Har aldrig varit registrerad som arbetsgivare,0 anställda,Postadress är OK,"Tar emot reklam, ej telefonnummerspärrat"
5595792127,165595792127,Grundbulten 160812 AB,,Övriga aktiebolag,Privat,2026-04-07,,,Normalläge,Har aldrig varit verksam,Okänd,00000,Växjö,Kronoberg,Växjö,BOX 427,351 06,VÄXJÖ,startaforetag@fortnox.se,,Har aldrig varit registrerad för F-skatt,Har aldrig varit registrerad för moms,Har aldrig varit registrerad som arbetsgivare,0 anställda,Postadress är OK,"Tar emot reklam, ej telefonnummerspärrat"
5595792135,165595792135,Grundbulten 160813 AB,,Övriga aktiebolag,Privat,2026-04-07,,,Normalläge,Har aldrig varit verksam,Okänd,00000,Växjö,Kronoberg,Växjö,BOX 427,351 06,VÄXJÖ,startaforetag@fortnox.se,,Har aldrig varit registrerad för F-skatt,Har aldrig varit registrerad för moms,Har aldrig varit registrerad som arbetsgivare,0 anställda,Postadress är OK,"Tar emot reklam, ej telefonnummerspärrat"
5595792143,165595792143,Grundbulten 160818 AB,,Övriga aktiebolag,Privat,2026-04-07,,,Normalläge,Har aldrig varit verksam,Okänd,00000,Växjö,Kronoberg,Växjö,BOX 427,351 06,VÄXJÖ,startaforetag@fortnox.se,,Har aldrig varit registrerad för F-skatt,Har aldrig varit registrerad för moms,Har aldrig varit registrerad som arbetsgivare,0 anställda,Postadress är OK,"Tar emot reklam, ej telefonnummerspärrat"
5595792150,165595792150,Grundbulten 160819 AB,,Övriga aktiebolag,Privat,2026-04-07,,,Normalläge,Har aldrig varit verksam,Okänd,00000,Växjö,Kronoberg,Växjö,BOX 427,351 06,VÄXJÖ,startaforetag@fortnox.se,,Har aldrig varit registrerad för F-skatt,Har aldrig varit registrerad för moms,Har aldrig varit registrerad som arbetsgivare,0 anställda,Postadress är OK,"Tar emot reklam, ej telefonnummerspärrat"
5595792168,165595792168,Grundbulten 160816 AB,,Övriga aktiebolag,Privat,2026-04-07,,,Normalläge,Har aldrig varit verksam,Okänd,00000,Växjö,Kronoberg,Växjö,BOX 427,351 06,VÄXJÖ,startaforetag@fortnox.se,,Har aldrig varit registrerad för F-skatt,Har aldrig varit registrerad för moms,Har aldrig varit registrerad som arbetsgivare,0 anställda,Postadress är OK,"Tar emot reklam, ej telefonnummerspärrat"
5595792176,165595792176,Grundbulten 160817 AB,,Övriga aktiebolag,Privat,2026-04-07,,,Normalläge,Har aldrig varit verksam,Okänd,00000,Växjö,Kronoberg,Växjö,BOX 427,351 06,VÄXJÖ,startaforetag@fortnox.se,,Har aldrig varit registrerad för F-skatt,Har aldrig varit registrerad för moms,Har aldrig varit registrerad som arbetsgivare,0 anställda,Postadress är OK,"Tar emot reklam, ej telefonnummerspärrat"
5595792184,165595792184,Grundbulten 160822 AB,,Övriga aktiebolag,Privat,2026-04-07,,,Normalläge,Har aldrig varit verksam,Okänd,00000,Växjö,Kronoberg,Växjö,BOX 427,351 06,VÄXJÖ,startaforetag@fortnox.se,,Har aldrig varit registrerad för F-skatt,Har aldrig varit registrerad för moms,Har aldrig varit registrerad som arbetsgivare,0 anställda,Postadress är OK,"Tar emot reklam, ej telefonnummerspärrat"
5595792192,165595792192,Grundbulten 160823 AB,,Övriga aktiebolag,Privat,2026-04-07,,,Normalläge,Har aldrig varit verksam,Okänd,00000,Växjö,Kronoberg,Växjö,BOX 427,351 06,VÄXJÖ,startaforetag@fortnox.se,,Har aldrig varit registrerad för F-skatt,Har aldrig varit registrerad för moms,Har aldrig varit registrerad som arbetsgivare,0 anställda,Postadress är OK,"Tar emot reklam, ej telefonnummerspärrat"
5595792200,165595792200,Grundbulten 160820 AB,,Övriga aktiebolag,Privat,2026-04-07,,,Normalläge,Har aldrig varit verksam,Okänd,00000,Växjö,Kronoberg,Växjö,BOX 427,351 06,VÄXJÖ,startaforetag@fortnox.se,,Har aldrig varit registrerad för F-skatt,Har aldrig varit registrerad för moms,Har aldrig varit registrerad som arbetsgivare,0 anställda,Postadress är OK,"Tar emot reklam, ej telefonnummerspärrat"
5595792218,165595792218,Grundbulten 160821 AB,,Övriga aktiebolag,Privat,2026-04-07,,,Normalläge,Har aldrig varit verksam,Okänd,00000,Växjö,Kronoberg,Växjö,BOX 427,351 06,VÄXJÖ,startaforetag@fortnox.se,,Har aldrig varit registrerad för F-skatt,Har aldrig varit registrerad för moms,Har aldrig varit registrerad som arbetsgivare,0 anställda,Postadress är OK,"Tar emot reklam, ej telefonnummerspärrat"
5595792226,165595792226,Grundbulten 160824 AB,,Övriga aktiebolag,Privat,2026-04-07,,,Normalläge,Har aldrig varit verksam,Okänd,00000,Växjö,Kronoberg,Växjö,BOX 427,351 06,VÄXJÖ,startaforetag@fortnox.se,,Har aldrig varit registrerad för F-skatt,Har aldrig varit registrerad för moms,Har aldrig varit registrerad som arbetsgivare,0 anställda,Postadress är OK,"Tar emot reklam, ej telefonnummerspärrat"
5595792234,165595792234,Grundbulten 160775 AB,,Övriga aktiebolag,Privat,2026-04-07,,,Normalläge,Har aldrig varit verksam,Okänd,00000,Växjö,Kronoberg,Växjö,BOX 427,351 06,VÄXJÖ,startaforetag@fortnox.se,,Har aldrig varit registrerad för F-skatt,Har aldrig varit registrerad för moms,Har aldrig varit registrerad som arbetsgivare,0 anställda,Postadress är OK,"Tar emot reklam, ej telefonnummerspärrat"
5595792242,165595792242,Grundbulten 160778 AB,,Övriga aktiebolag,Privat,2026-04-07,,,Normalläge,Har aldrig varit verksam,Okänd,00000,Växjö,Kronoberg,Växjö,BOX 427,351 06,VÄXJÖ,startaforetag@fortnox.se,,Har aldrig varit registrerad för F-skatt,Har aldrig varit registrerad för moms,Har aldrig varit registrerad som arbetsgivare,0 anställda,Postadress är OK,"Tar emot reklam, ej telefonnummerspärrat"
5595792259,165595792259,Grundbulten 160779 AB,,Övriga aktiebolag,Privat,2026-04-07,,,Normalläge,Har aldrig varit verksam,Okänd,00000,Växjö,Kronoberg,Växjö,BOX 427,351 06,VÄXJÖ,startaforetag@fortnox.se,,Har aldrig varit registrerad för F-skatt,Har aldrig varit registrerad för moms,Har aldrig varit registrerad som arbetsgivare,0 anställda,Postadress är OK,"Tar emot reklam, ej telefonnummerspärrat"
5595792267,165595792267,Grundbulten 160776 AB,,Övriga aktiebolag,Privat,2026-04-07,,,Normalläge,Har aldrig varit verksam,Okänd,00000,Växjö,Kronoberg,Växjö,BOX 427,351 06,VÄXJÖ,startaforetag@fortnox.se,,Har aldrig varit registrerad för F-skatt,Har aldrig varit registrerad för moms,Har aldrig varit registrerad som arbetsgivare,0 anställda,Postadress är OK,"Tar emot reklam, ej telefonnummerspärrat"
5595792275,165595792275,Grundbulten 160777 AB,,Övriga aktiebolag,Privat,2026-04-07,,,Normalläge,Har aldrig varit verksam,Okänd,00000,Växjö,Kronoberg,Växjö,BOX 427,351 06,VÄXJÖ,startaforetag@fortnox.se,,Har aldrig varit registrerad för F-skatt,Har aldrig varit registrerad för moms,Har aldrig varit registrerad som arbetsgivare,0 anställda,Postadress är OK,"Tar emot reklam, ej telefonnummerspärrat"
5595792283,165595792283,Grundbulten 160782 AB,,Övriga aktiebolag,Privat,2026-04-07,,,Normalläge,Har aldrig varit verksam,Okänd,00000,Växjö,Kronoberg,Växjö,BOX 427,351 06,VÄXJÖ,startaforetag@fortnox.se,,Har aldrig varit registrerad för F-skatt,Har aldrig varit registrerad för moms,Har aldrig varit registrerad som arbetsgivare,0 anställda,Postadress är OK,"Tar emot reklam, ej telefonnummerspärrat"
5595792291,165595792291,Grundbulten 160783 AB,,Övriga aktiebolag,Privat,2026-04-07,,,Normalläge,Har aldrig varit verksam,Okänd,00000,Växjö,Kronoberg,Växjö,BOX 427,351 06,VÄXJÖ,startaforetag@fortnox.se,,Har aldrig varit registrerad för F-skatt,Har aldrig varit registrerad för moms,Har aldrig varit registrerad som arbetsgivare,0 anställda,Postadress är OK,"Tar emot reklam, ej telefonnummerspärrat"
5595792309,165595792309,Grundbulten 160780 AB,,Övriga aktiebolag,Privat,2026-04-07,,,Normalläge,Har aldrig varit verksam,Okänd,00000,Växjö,Kronoberg,Växjö,BOX 427,351 06,VÄXJÖ,startaforetag@fortnox.se,,Har aldrig varit registrerad för F-skatt,Har aldrig varit registrerad för moms,Har aldrig varit registrerad som arbetsgivare,0 anställda,Postadress är OK,"Tar emot reklam, ej telefonnummerspärrat"
5595792317,165595792317,Grundbulten 160781 AB,,Övriga aktiebolag,Privat,2026-04-07,,,Normalläge,Har aldrig varit verksam,Okänd,00000,Växjö,Kronoberg,Växjö,BOX 427,351 06,VÄXJÖ,startaforetag@fortnox.se,,Har aldrig varit registrerad för F-skatt,Har aldrig varit registrerad för moms,Har aldrig varit registrerad som arbetsgivare,0 anställda,Postadress är OK,"Tar emot reklam, ej telefonnummerspärrat"
5595792325,165595792325,Grundbulten 160786 AB,,Övriga aktiebolag,Privat,2026-04-07,,,Normalläge,Har aldrig varit verksam,Okänd,00000,Växjö,Kronoberg,Växjö,BOX 427,351 06,VÄXJÖ,startaforetag@fortnox.se,,Har aldrig varit registrerad för F-skatt,Har aldrig varit registrerad för moms,Har aldrig varit registrerad som arbetsgivare,0 anställda,Postadress är OK,"Tar emot reklam, ej telefonnummerspärrat"
5595792333,165595792333,Grundbulten 160787 AB,,Övriga aktiebolag,Privat,2026-04-07,,,Normalläge,Har aldrig varit verksam,Okänd,00000,Växjö,Kronoberg,Växjö,BOX 427,351 06,VÄXJÖ,startaforetag@fortnox.se,,Har aldrig varit registrerad för F-skatt,Har aldrig varit registrerad för moms,Har aldrig varit registrerad som arbetsgivare,0 anställda,Postadress är OK,"Tar emot reklam, ej telefonnummerspärrat"
5595792341,165595792341,Grundbulten 160784 AB,,Övriga aktiebolag,Privat,2026-04-07,,,Normalläge,Har aldrig varit verksam,Okänd,00000,Växjö,Kronoberg,Växjö,BOX 427,351 06,VÄXJÖ,startaforetag@fortnox.se,,Har aldrig varit registrerad för F-skatt,Har aldrig varit registrerad för moms,Har aldrig varit registrerad som arbetsgivare,0 anställda,Postadress är OK,"Tar emot reklam, ej telefonnummerspärrat"
5595792358,165595792358,Grundbulten 160785 AB,,Övriga aktiebolag,Privat,2026-04-07,,,Normalläge,Har aldrig varit verksam,Okänd,00000,Växjö,Kronoberg,Växjö,BOX 427,351 06,VÄXJÖ,startaforetag@fortnox.se,,Har aldrig varit registrerad för F-skatt,Har aldrig varit registrerad för moms,Har aldrig varit registrerad som arbetsgivare,0 anställda,Postadress är OK,"Tar emot reklam, ej telefonnummerspärrat"
5595792366,165595792366,Grundbulten 160790 AB,,Övriga aktiebolag,Privat,2026-04-07,,,Normalläge,Har aldrig varit verksam,Okänd,00000,Växjö,Kronoberg,Växjö,BOX 427,351 06,VÄXJÖ,startaforetag@fortnox.se,,Har aldrig varit registrerad för F-skatt,Har aldrig varit registrerad för moms,Har aldrig varit registrerad som arbetsgivare,0 anställda,Postadress är OK,"Tar emot reklam, ej telefonnummerspärrat"
5595792374,165595792374,Grundbulten 160791 AB,,Övriga aktiebolag,Privat,2026-04-07,,,Normalläge,Har aldrig varit verksam,Okänd,00000,Växjö,Kronoberg,Växjö,BOX 427,351 06,VÄXJÖ,startaforetag@fortnox.se,,Har aldrig varit registrerad för F-skatt,Har aldrig varit registrerad för moms,Har aldrig varit registrerad som arbetsgivare,0 anställda,Postadress är OK,"Tar emot reklam, ej telefonnummerspärrat"
5595792382,165595792382,Grundbulten 160788 AB,,Övriga aktiebolag,Privat,2026-04-07,,,Normalläge,Har aldrig varit verksam,Okänd,00000,Växjö,Kronoberg,Växjö,BOX 427,351 06,VÄXJÖ,startaforetag@fortnox.se,,Har aldrig varit registrerad för F-skatt,Har aldrig varit registrerad för moms,Har aldrig varit registrerad som arbetsgivare,0 anställda,Postadress är OK,"Tar emot reklam, ej telefonnummerspärrat"
5595792390,165595792390,Grundbulten 160789 AB,,Övriga aktiebolag,Privat,2026-04-07,,,Normalläge,Har aldrig varit verksam,Okänd,00000,Växjö,Kronoberg,Växjö,BOX 427,351 06,VÄXJÖ,startaforetag@fortnox.se,,Har aldrig varit registrerad för F-skatt,Har aldrig varit registrerad för moms,Har aldrig varit registrerad som arbetsgivare,0 anställda,Postadress är OK,"Tar emot reklam, ej telefonnummerspärrat"
5595792408,165595792408,Grundbulten 160794 AB,,Övriga aktiebolag,Privat,2026-04-07,,,Normalläge,Har aldrig varit verksam,Okänd,00000,Växjö,Kronoberg,Växjö,BOX 427,351 06,VÄXJÖ,startaforetag@fortnox.se,,Har aldrig varit registrerad för F-skatt,Har aldrig varit registrerad för moms,Har aldrig varit registrerad som arbetsgivare,0 anställda,Postadress är OK,"Tar emot reklam, ej telefonnummerspärrat"
5595792416,165595792416,Grundbulten 160795 AB,,Övriga aktiebolag,Privat,2026-04-07,,,Normalläge,Har aldrig varit verksam,Okänd,00000,Växjö,Kronoberg,Växjö,BOX 427,351 06,VÄXJÖ,startaforetag@fortnox.se,,Har aldrig varit registrerad för F-skatt,Har aldrig varit registrerad för moms,Har aldrig varit registrerad som arbetsgivare,0 anställda,Postadress är OK,"Tar emot reklam, ej telefonnummerspärrat"
5595792424,165595792424,Grundbulten 160792 AB,,Övriga aktiebolag,Privat,2026-04-07,,,Normalläge,Har aldrig varit verksam,Okänd,00000,Växjö,Kronoberg,Växjö,BOX 427,351 06,VÄXJÖ,startaforetag@fortnox.se,,Har aldrig varit registrerad för F-skatt,Har aldrig varit registrerad för moms,Har aldrig varit registrerad som arbetsgivare,0 anställda,Postadress är OK,"Tar emot reklam, ej telefonnummerspärrat"
5595792432,165595792432,Grundbulten 160793 AB,,Övriga aktiebolag,Privat,2026-04-07,,,Normalläge,Har aldrig varit verksam,Okänd,00000,Växjö,Kronoberg,Växjö,BOX 427,351 06,VÄXJÖ,startaforetag@fortnox.se,,Har aldrig varit registrerad för F-skatt,Har aldrig varit registrerad för moms,Har aldrig varit registrerad som arbetsgivare,0 anställda,Postadress är OK,"Tar emot reklam, ej telefonnummerspärrat"
5595792440,165595792440,Grundbulten 160798 AB,,Övriga aktiebolag,Privat,2026-04-07,,,Normalläge,Har aldrig varit verksam,Okänd,00000,Växjö,Kronoberg,Växjö,BOX 427,351 06,VÄXJÖ,startaforetag@fortnox.se,,Har aldrig varit registrerad för F-skatt,Har aldrig varit registrerad för moms,Har aldrig varit registrerad som arbetsgivare,0 anställda,Postadress är OK,"Tar emot reklam, ej telefonnummerspärrat"
5595792457,165595792457,Grundbulten 160799 AB,,Övriga aktiebolag,Privat,2026-04-07,,,Normalläge,Har aldrig varit verksam,Okänd,00000,Växjö,Kronoberg,Växjö,BOX 427,351 06,VÄXJÖ,startaforetag@fortnox.se,,Har aldrig varit registrerad för F-skatt,Har aldrig varit registrerad för moms,Har aldrig varit registrerad som arbetsgivare,0 anställda,Postadress är OK,"Tar emot reklam, ej telefonnummerspärrat"
5595792465,165595792465,Grundbulten 160796 AB,,Övriga aktiebolag,Privat,2026-04-07,,,Normalläge,Har aldrig varit verksam,Okänd,00000,Växjö,Kronoberg,Växjö,BOX 427,351 06,VÄXJÖ,startaforetag@fortnox.se,,Har aldrig varit registrerad för F-skatt,Har aldrig varit registrerad för moms,Har aldrig varit registrerad som arbetsgivare,0 anställda,Postadress är OK,"Tar emot reklam, ej telefonnummerspärrat"
5595792473,165595792473,Grundbulten 160797 AB,,Övriga aktiebolag,Privat,2026-04-07,,,Normalläge,Har aldrig varit verksam,Okänd,00000,Växjö,Kronoberg,Växjö,BOX 427,351 06,VÄXJÖ,startaforetag@fortnox.se,,Har aldrig varit registrerad för F-skatt,Har aldrig varit registrerad för moms,Har aldrig varit registrerad som arbetsgivare,0 anställda,Postadress är OK,"Tar emot reklam, ej telefonnummerspärrat"
5595792481,165595792481,Grundbulten 160770 AB,,Övriga aktiebolag,Privat,2026-04-07,,,Normalläge,Har aldrig varit verksam,Okänd,00000,Växjö,Kronoberg,Växjö,BOX 427,351 06,VÄXJÖ,startaforetag@fortnox.se,,Har aldrig varit registrerad för F-skatt,Har aldrig varit registrerad för moms,Har aldrig varit registrerad som arbetsgivare,0 anställda,Postadress är OK,"Tar emot reklam, ej telefonnummerspärrat"
5595792499,165595792499,Grundbulten 160771 AB,,Övriga aktiebolag,Privat,2026-04-07,,,Normalläge,Har aldrig varit verksam,Okänd,00000,Växjö,Kronoberg,Växjö,BOX 427,351 06,VÄXJÖ,startaforetag@fortnox.se,,Har aldrig varit registrerad för F-skatt,Har aldrig varit registrerad för moms,Har aldrig varit registrerad som arbetsgivare,0 anställda,Postadress är OK,"Tar emot reklam, ej telefonnummerspärrat"
5595792507,165595792507,Grundbulten 160768 AB,,Övriga aktiebolag,Privat,2026-04-07,,,Normalläge,Har aldrig varit verksam,Okänd,00000,Växjö,Kronoberg,Växjö,BOX 427,351 06,VÄXJÖ,startaforetag@fortnox.se,,Har aldrig varit registrerad för F-skatt,Har aldrig varit registrerad för moms,Har aldrig varit registrerad som arbetsgivare,0 anställda,Postadress är OK,"Tar emot reklam, ej telefonnummerspärrat"
5595792515,165595792515,Grundbulten 160769 AB,,Övriga aktiebolag,Privat,2026-04-07,,,Normalläge,Har aldrig varit verksam,Okänd,00000,Växjö,Kronoberg,Växjö,BOX 427,351 06,VÄXJÖ,startaforetag@fortnox.se,,Har aldrig varit registrerad för F-skatt,Har aldrig varit registrerad för moms,Har aldrig varit registrerad som arbetsgivare,0 anställda,Postadress är OK,"Tar emot reklam, ej telefonnummerspärrat"
5595792523,165595792523,Grundbulten 160774 AB,,Övriga aktiebolag,Privat,2026-04-07,,,Normalläge,Har aldrig varit verksam,Okänd,00000,Växjö,Kronoberg,Växjö,BOX 427,351 06,VÄXJÖ,startaforetag@fortnox.se,,Har aldrig varit registrerad för F-skatt,Har aldrig varit registrerad för moms,Har aldrig varit registrerad som arbetsgivare,0 anställda,Postadress är OK,"Tar emot reklam, ej telefonnummerspärrat"
5595792531,165595792531,Grundbulten 160772 AB,,Övriga aktiebolag,Privat,2026-04-07,,,Normalläge,Har aldrig varit verksam,Okänd,00000,Växjö,Kronoberg,Växjö,BOX 427,351 06,VÄXJÖ,startaforetag@fortnox.se,,Har aldrig varit registrerad för F-skatt,Har aldrig varit registrerad för moms,Har aldrig varit registrerad som arbetsgivare,0 anställda,Postadress är OK,"Tar emot reklam, ej telefonnummerspärrat"
5595792549,165595792549,Grundbulten 160773 AB,,Övriga aktiebolag,Privat,2026-04-07,,,Normalläge,Har aldrig varit verksam,Okänd,00000,Växjö,Kronoberg,Växjö,BOX 427,351 06,VÄXJÖ,startaforetag@fortnox.se,,Har aldrig varit registrerad för F-skatt,Har aldrig varit registrerad för moms,Har aldrig varit registrerad som arbetsgivare,0 anställda,Postadress är OK,"Tar emot reklam, ej telefonnummerspärrat"
5595792556,165595792556,Grundbulten 160750 AB,,Övriga aktiebolag,Privat,2026-04-07,,,Normalläge,Har aldrig varit verksam,Okänd,00000,Växjö,Kronoberg,Växjö,BOX 427,351 06,VÄXJÖ,startaforetag@fortnox.se,,Har aldrig varit registrerad för F-skatt,Har aldrig varit registrerad för moms,Har aldrig varit registrerad som arbetsgivare,0 anställda,Postadress är OK,"Tar emot reklam, ej telefonnummerspärrat"
5595792564,165595792564,Grundbulten 160751 AB,,Övriga aktiebolag,Privat,2026-04-07,,,Normalläge,Har aldrig varit verksam,Okänd,00000,Växjö,Kronoberg,Växjö,BOX 427,351 06,VÄXJÖ,startaforetag@fortnox.se,,Har aldrig varit registrerad för F-skatt,Har aldrig varit registrerad för moms,Har aldrig varit registrerad som arbetsgivare,0 anställda,Postadress är OK,"Tar emot reklam, ej telefonnummerspärrat"
5595792572,165595792572,Grundbulten 160754 AB,,Övriga aktiebolag,Privat,2026-04-07,,,Normalläge,Har aldrig varit verksam,Okänd,00000,Växjö,Kronoberg,Växjö,BOX 427,351 06,VÄXJÖ,startaforetag@fortnox.se,,Har aldrig varit registrerad för F-skatt,Har aldrig varit registrerad för moms,Har aldrig varit registrerad som arbetsgivare,0 anställda,Postadress är OK,"Tar emot reklam, ej telefonnummerspärrat"
5595792580,165595792580,Grundbulten 160755 AB,,Övriga aktiebolag,Privat,2026-04-07,,,Normalläge,Har aldrig varit verksam,Okänd,00000,Växjö,Kronoberg,Växjö,BOX 427,351 06,VÄXJÖ,startaforetag@fortnox.se,,Har aldrig varit registrerad för F-skatt,Har aldrig varit registrerad för moms,Har aldrig varit registrerad som arbetsgivare,0 anställda,Postadress är OK,"Tar emot reklam, ej telefonnummerspärrat"
5595792598,165595792598,Grundbulten 160752 AB,,Övriga aktiebolag,Privat,2026-04-07,,,Normalläge,Har aldrig varit verksam,Okänd,00000,Växjö,Kronoberg,Växjö,BOX 427,351 06,VÄXJÖ,startaforetag@fortnox.se,,Har aldrig varit registrerad för F-skatt,Har aldrig varit registrerad för moms,Har aldrig varit registrerad som arbetsgivare,0 anställda,Postadress är OK,"Tar emot reklam, ej telefonnummerspärrat"
5595792606,165595792606,Grundbulten 160753 AB,,Övriga aktiebolag,Privat,2026-04-07,,,Normalläge,Har aldrig varit verksam,Okänd,00000,Växjö,Kronoberg,Växjö,BOX 427,351 06,VÄXJÖ,startaforetag@fortnox.se,,Har aldrig varit registrerad för F-skatt,Har aldrig varit registrerad för moms,Har aldrig varit registrerad som arbetsgivare,0 anställda,Postadress är OK,"Tar emot reklam, ej telefonnummerspärrat"
5595792614,165595792614,Grundbulten 160758 AB,,Övriga aktiebolag,Privat,2026-04-07,,,Normalläge,Har aldrig varit verksam,Okänd,00000,Växjö,Kronoberg,Växjö,BOX 427,351 06,VÄXJÖ,startaforetag@fortnox.se,,Har aldrig varit registrerad för F-skatt,Har aldrig varit registrerad för moms,Har aldrig varit registrerad som arbetsgivare,0 anställda,Postadress är OK,"Tar emot reklam, ej telefonnummerspärrat"
5595792622,165595792622,Grundbulten 160759 AB,,Övriga aktiebolag,Privat,2026-04-07,,,Normalläge,Har aldrig varit verksam,Okänd,00000,Växjö,Kronoberg,Växjö,BOX 427,351 06,VÄXJÖ,startaforetag@fortnox.se,,Har aldrig varit registrerad för F-skatt,Har aldrig varit registrerad för moms,Har aldrig varit registrerad som arbetsgivare,0 anställda,Postadress är OK,"Tar emot reklam, ej telefonnummerspärrat"
5595792630,165595792630,Grundbulten 160756 AB,,Övriga aktiebolag,Privat,2026-04-07,,,Normalläge,Har aldrig varit verksam,Okänd,00000,Växjö,Kronoberg,Växjö,BOX 427,351 06,VÄXJÖ,startaforetag@fortnox.se,,Har aldrig varit registrerad för F-skatt,Har aldrig varit registrerad för moms,Har aldrig varit registrerad som arbetsgivare,0 anställda,Postadress är OK,"Tar emot reklam, ej telefonnummerspärrat"
5595792648,165595792648,Grundbulten 160757 AB,,Övriga aktiebolag,Privat,2026-04-07,,,Normalläge,Har aldrig varit verksam,Okänd,00000,Växjö,Kronoberg,Växjö,BOX 427,351 06,VÄXJÖ,startaforetag@fortnox.se,,Har aldrig varit registrerad för F-skatt,Har aldrig varit registrerad för moms,Har aldrig varit registrerad som arbetsgivare,0 anställda,Postadress är OK,"Tar emot reklam, ej telefonnummerspärrat"
5595792655,165595792655,Grundbulten 160762 AB,,Övriga aktiebolag,Privat,2026-04-07,,,Normalläge,Har aldrig varit verksam,Okänd,00000,Växjö,Kronoberg,Växjö,BOX 427,351 06,VÄXJÖ,startaforetag@fortnox.se,,Har aldrig varit registrerad för F-skatt,Har aldrig varit registrerad för moms,Har aldrig varit registrerad som arbetsgivare,0 anställda,Postadress är OK,"Tar emot reklam, ej telefonnummerspärrat"
5595792663,165595792663,Grundbulten 160763 AB,,Övriga aktiebolag,Privat,2026-04-07,,,Normalläge,Har aldrig varit verksam,Okänd,00000,Växjö,Kronoberg,Växjö,BOX 427,351 06,VÄXJÖ,startaforetag@fortnox.se,,Har aldrig varit registrerad för F-skatt,Har aldrig varit registrerad för moms,Har aldrig varit registrerad som arbetsgivare,0 anställda,Postadress är OK,"Tar emot reklam, ej telefonnummerspärrat"
5595792671,165595792671,Grundbulten 160760 AB,,Övriga aktiebolag,Privat,2026-04-07,,,Normalläge,Har aldrig varit verksam,Okänd,00000,Växjö,Kronoberg,Växjö,BOX 427,351 06,VÄXJÖ,startaforetag@fortnox.se,,Har aldrig varit registrerad för F-skatt,Har aldrig varit registrerad för moms,Har aldrig varit registrerad som arbetsgivare,0 anställda,Postadress är OK,"Tar emot reklam, ej telefonnummerspärrat"
5595792689,165595792689,Grundbulten 160761 AB,,Övriga aktiebolag,Privat,2026-04-07,,,Normalläge,Har aldrig varit verksam,Okänd,00000,Växjö,Kronoberg,Växjö,BOX 427,351 06,VÄXJÖ,startaforetag@fortnox.se,,Har aldrig varit registrerad för F-skatt,Har aldrig varit registrerad för moms,Har aldrig varit registrerad som arbetsgivare,0 anställda,Postadress är OK,"Tar emot reklam, ej telefonnummerspärrat"
5595792697,165595792697,Grundbulten 160766 AB,,Övriga aktiebolag,Privat,2026-04-07,,,Normalläge,Har aldrig varit verksam,Okänd,00000,Växjö,Kronoberg,Växjö,BOX 427,351 06,VÄXJÖ,startaforetag@fortnox.se,,Har aldrig varit registrerad för F-skatt,Har aldrig varit registrerad för moms,Har aldrig varit registrerad som arbetsgivare,0 anställda,Postadress är OK,"Tar emot reklam, ej telefonnummerspärrat"
5595792705,165595792705,Grundbulten 160767 AB,,Övriga aktiebolag,Privat,2026-04-07,,,Normalläge,Har aldrig varit verksam,Okänd,00000,Växjö,Kronoberg,Växjö,BOX 427,351 06,VÄXJÖ,startaforetag@fortnox.se,,Har aldrig varit registrerad för F-skatt,Har aldrig varit registrerad för moms,Har aldrig varit registrerad som arbetsgivare,0 anställda,Postadress är OK,"Tar emot reklam, ej telefonnummerspärrat"
5595792713,165595792713,Grundbulten 160764 AB,,Övriga aktiebolag,Privat,2026-04-07,,,Normalläge,Har aldrig varit verksam,Okänd,00000,Växjö,Kronoberg,Växjö,BOX 427,351 06,VÄXJÖ,startaforetag@fortnox.se,,Har aldrig varit registrerad för F-skatt,Har aldrig varit registrerad för moms,Har aldrig varit registrerad som arbetsgivare,0 anställda,Postadress är OK,"Tar emot reklam, ej telefonnummerspärrat"
5595792721,165595792721,Grundbulten 160765 AB,,Övriga aktiebolag,Privat,2026-04-07,,,Normalläge,Har aldrig varit verksam,Okänd,00000,Växjö,Kronoberg,Växjö,BOX 427,351 06,VÄXJÖ,startaforetag@fortnox.se,,Har aldrig varit registrerad för F-skatt,Har aldrig varit registrerad för moms,Har aldrig varit registrerad som arbetsgivare,0 anställda,Postadress är OK,"Tar emot reklam, ej telefonnummerspärrat"
5595792739,165595792739,Grundbulten 160726 AB,,Övriga aktiebolag,Privat,2026-04-07,,,Normalläge,Har aldrig varit verksam,Okänd,00000,Växjö,Kronoberg,Växjö,BOX 427,351 06,VÄXJÖ,startaforetag@fortnox.se,,Har aldrig varit registrerad för F-skatt,Har aldrig varit registrerad för moms,Har aldrig varit registrerad som arbetsgivare,0 anställda,Postadress är OK,"Tar emot reklam, ej telefonnummerspärrat"
5595792747,165595792747,Grundbulten 160727 AB,,Övriga aktiebolag,Privat,2026-04-07,,,Normalläge,Har aldrig varit verksam,Okänd,00000,Växjö,Kronoberg,Växjö,BOX 427,351 06,VÄXJÖ,startaforetag@fortnox.se,,Har aldrig varit registrerad för F-skatt,Har aldrig varit registrerad för moms,Har aldrig varit registrerad som arbetsgivare,0 anställda,Postadress är OK,"Tar emot reklam, ej telefonnummerspärrat"
5595792754,165595792754,Grundbulten 160725 AB,,Övriga aktiebolag,Privat,2026-04-07,,,Normalläge,Har aldrig varit verksam,Okänd,00000,Växjö,Kronoberg,Växjö,BOX 427,351 06,VÄXJÖ,startaforetag@fortnox.se,,Har aldrig varit registrerad för F-skatt,Har aldrig varit registrerad för moms,Har aldrig varit registrerad som arbetsgivare,0 anställda,Postadress är OK,"Tar emot reklam, ej telefonnummerspärrat"
5595792762,165595792762,Grundbulten 160730 AB,,Övriga aktiebolag,Privat,2026-04-07,,,Normalläge,Har aldrig varit verksam,Okänd,00000,Växjö,Kronoberg,Växjö,BOX 427,351 06,VÄXJÖ,startaforetag@fortnox.se,,Har aldrig varit registrerad för F-skatt,Har aldrig varit registrerad för moms,Har aldrig varit registrerad som arbetsgivare,0 anställda,Postadress är OK,"Tar emot reklam, ej telefonnummerspärrat"
5595792770,165595792770,Grundbulten 160731 AB,,Övriga aktiebolag,Privat,2026-04-07,,,Normalläge,Har aldrig varit verksam,Okänd,00000,Växjö,Kronoberg,Växjö,BOX 427,351 06,VÄXJÖ,startaforetag@fortnox.se,,Har aldrig varit registrerad för F-skatt,Har aldrig varit registrerad för moms,Har aldrig varit registrerad som arbetsgivare,0 anställda,Postadress är OK,"Tar emot reklam, ej telefonnummerspärrat"
5595792788,165595792788,Grundbulten 160728 AB,,Övriga aktiebolag,Privat,2026-04-07,,,Normalläge,Har aldrig varit verksam,Okänd,00000,Växjö,Kronoberg,Växjö,BOX 427,351 06,VÄXJÖ,startaforetag@fortnox.se,,Har aldrig varit registrerad för F-skatt,Har aldrig varit registrerad för moms,Har aldrig varit registrerad som arbetsgivare,0 anställda,Postadress är OK,"Tar emot reklam, ej telefonnummerspärrat"
5595792796,165595792796,Grundbulten 160729 AB,,Övriga aktiebolag,Privat,2026-04-07,,,Normalläge,Har aldrig varit verksam,Okänd,00000,Växjö,Kronoberg,Växjö,BOX 427,351 06,VÄXJÖ,startaforetag@fortnox.se,,Har aldrig varit registrerad för F-skatt,Har aldrig varit registrerad för moms,Har aldrig varit registrerad som arbetsgivare,0 anställda,Postadress är OK,"Tar emot reklam, ej telefonnummerspärrat"
5595792804,165595792804,Grundbulten 160734 AB,,Övriga aktiebolag,Privat,2026-04-07,,,Normalläge,Har aldrig varit verksam,Okänd,00000,Växjö,Kronoberg,Växjö,BOX 427,351 06,VÄXJÖ,startaforetag@fortnox.se,,Har aldrig varit registrerad för F-skatt,Har aldrig varit registrerad för moms,Har aldrig varit registrerad som arbetsgivare,0 anställda,Postadress är OK,"Tar emot reklam, ej telefonnummerspärrat"
5595792812,165595792812,Grundbulten 160735 AB,,Övriga aktiebolag,Privat,2026-04-07,,,Normalläge,Har aldrig varit verksam,Okänd,00000,Växjö,Kronoberg,Växjö,BOX 427,351 06,VÄXJÖ,startaforetag@fortnox.se,,Har aldrig varit registrerad för F-skatt,Har aldrig varit registrerad för moms,Har aldrig varit registrerad som arbetsgivare,0 anställda,Postadress är OK,"Tar emot reklam, ej telefonnummerspärrat"
5595792820,165595792820,Grundbulten 160732 AB,,Övriga aktiebolag,Privat,2026-04-07,,,Normalläge,Har aldrig varit verksam,Okänd,00000,Växjö,Kronoberg,Växjö,BOX 427,351 06,VÄXJÖ,startaforetag@fortnox.se,,Har aldrig varit registrerad för F-skatt,Har aldrig varit registrerad för moms,Har aldrig varit registrerad som arbetsgivare,0 anställda,Postadress är OK,"Tar emot reklam, ej telefonnummerspärrat"
5595792838,165595792838,Grundbulten 160733 AB,,Övriga aktiebolag,Privat,2026-04-07,,,Normalläge,Har aldrig varit verksam,Okänd,00000,Växjö,Kronoberg,Växjö,BOX 427,351 06,VÄXJÖ,startaforetag@fortnox.se,,Har aldrig varit registrerad för F-skatt,Har aldrig varit registrerad för moms,Har aldrig varit registrerad som arbetsgivare,0 anställda,Postadress är OK,"Tar emot reklam, ej telefonnummerspärrat"
5595792846,165595792846,Grundbulten 160738 AB,,Övriga aktiebolag,Privat,2026-04-07,,,Normalläge,Har aldrig varit verksam,Okänd,00000,Växjö,Kronoberg,Växjö,BOX 427,351 06,VÄXJÖ,startaforetag@fortnox.se,,Har aldrig varit registrerad för F-skatt,Har aldrig varit registrerad för moms,Har aldrig varit registrerad som arbetsgivare,0 anställda,Postadress är OK,"Tar emot reklam, ej telefonnummerspärrat"
5595792853,165595792853,Grundbulten 160739 AB,,Övriga aktiebolag,Privat,2026-04-07,,,Normalläge,Har aldrig varit verksam,Okänd,00000,Växjö,Kronoberg,Växjö,BOX 427,351 06,VÄXJÖ,startaforetag@fortnox.se,,Har aldrig varit registrerad för F-skatt,Har aldrig varit registrerad för moms,Har aldrig varit registrerad som arbetsgivare,0 anställda,Postadress är OK,"Tar emot reklam, ej telefonnummerspärrat"
5595792861,165595792861,Grundbulten 160736 AB,,Övriga aktiebolag,Privat,2026-04-07,,,Normalläge,Har aldrig varit verksam,Okänd,00000,Växjö,Kronoberg,Växjö,BOX 427,351 06,VÄXJÖ,startaforetag@fortnox.se,,Har aldrig varit registrerad för F-skatt,Har aldrig varit registrerad för moms,Har aldrig varit registrerad som arbetsgivare,0 anställda,Postadress är OK,"Tar emot reklam, ej telefonnummerspärrat"
5595792879,165595792879,Grundbulten 160737 AB,,Övriga aktiebolag,Privat,2026-04-07,,,Normalläge,Har aldrig varit verksam,Okänd,00000,Växjö,Kronoberg,Växjö,BOX 427,351 06,VÄXJÖ,startaforetag@fortnox.se,,Har aldrig varit registrerad för F-skatt,Har aldrig varit registrerad för moms,Har aldrig varit registrerad som arbetsgivare,0 anställda,Postadress är OK,"Tar emot reklam, ej telefonnummerspärrat"
5595792887,165595792887,Grundbulten 160742 AB,,Övriga aktiebolag,Privat,2026-04-07,,,Normalläge,Har aldrig varit verksam,Okänd,00000,Växjö,Kronoberg,Växjö,BOX 427,351 06,VÄXJÖ,startaforetag@fortnox.se,,Har aldrig varit registrerad för F-skatt,Har aldrig varit registrerad för moms,Har aldrig varit registrerad som arbetsgivare,0 anställda,Postadress är OK,"Tar emot reklam, ej telefonnummerspärrat"
5595792895,165595792895,Grundbulten 160743 AB,,Övriga aktiebolag,Privat,2026-04-07,,,Normalläge,Har aldrig varit verksam,Okänd,00000,Växjö,Kronoberg,Växjö,BOX 427,351 06,VÄXJÖ,startaforetag@fortnox.se,,Har aldrig varit registrerad för F-skatt,Har aldrig varit registrerad för moms,Har aldrig varit registrerad som arbetsgivare,0 anställda,Postadress är OK,"Tar emot reklam, ej telefonnummerspärrat"
5595792903,165595792903,Grundbulten 160740 AB,,Övriga aktiebolag,Privat,2026-04-07,,,Normalläge,Har aldrig varit verksam,Okänd,00000,Växjö,Kronoberg,Växjö,BOX 427,351 06,VÄXJÖ,startaforetag@fortnox.se,,Har aldrig varit registrerad för F-skatt,Har aldrig varit registrerad för moms,Har aldrig varit registrerad som arbetsgivare,0 anställda,Postadress är OK,"Tar emot reklam, ej telefonnummerspärrat"
5595792911,165595792911,Grundbulten 160741 AB,,Övriga aktiebolag,Privat,2026-04-07,,,Normalläge,Har aldrig varit verksam,Okänd,00000,Växjö,Kronoberg,Växjö,BOX 427,351 06,VÄXJÖ,startaforetag@fortnox.se,,Har aldrig varit registrerad för F-skatt,Har aldrig varit registrerad för moms,Har aldrig varit registrerad som arbetsgivare,0 anställda,Postadress är OK,"Tar emot reklam, ej telefonnummerspärrat"
5595792929,165595792929,Grundbulten 160746 AB,,Övriga aktiebolag,Privat,2026-04-07,,,Normalläge,Har aldrig varit verksam,Okänd,00000,Växjö,Kronoberg,Växjö,BOX 427,351 06,VÄXJÖ,startaforetag@fortnox.se,,Har aldrig varit registrerad för F-skatt,Har aldrig varit registrerad för moms,Har aldrig varit registrerad som arbetsgivare,0 anställda,Postadress är OK,"Tar emot reklam, ej telefonnummerspärrat"
5595792937,165595792937,Grundbulten 160747 AB,,Övriga aktiebolag,Privat,2026-04-07,,,Normalläge,Har aldrig varit verksam,Okänd,00000,Växjö,Kronoberg,Växjö,BOX 427,351 06,VÄXJÖ,startaforetag@fortnox.se,,Har aldrig varit registrerad för F-skatt,Har aldrig varit registrerad för moms,Har aldrig varit registrerad som arbetsgivare,0 anställda,Postadress är OK,"Tar emot reklam, ej telefonnummerspärrat"
5595792945,165595792945,Grundbulten 160744 AB,,Övriga aktiebolag,Privat,2026-04-07,,,Normalläge,Har aldrig varit verksam,Okänd,00000,Växjö,Kronoberg,Växjö,BOX 427,351 06,VÄXJÖ,startaforetag@fortnox.se,,Har aldrig varit registrerad för F-skatt,Har aldrig varit registrerad för moms,Har aldrig varit registrerad som arbetsgivare,0 anställda,Postadress är OK,"Tar emot reklam, ej telefonnummerspärrat"
5595792952,165595792952,Grundbulten 160745 AB,,Övriga aktiebolag,Privat,2026-04-07,,,Normalläge,Har aldrig varit verksam,Okänd,00000,Växjö,Kronoberg,Växjö,BOX 427,351 06,VÄXJÖ,startaforetag@fortnox.se,,Har aldrig varit registrerad för F-skatt,Har aldrig varit registrerad för moms,Har aldrig varit registrerad som arbetsgivare,0 anställda,Postadress är OK,"Tar emot reklam, ej telefonnummerspärrat"
5595792960,165595792960,Grundbulten 160748 AB,,Övriga aktiebolag,Privat,2026-04-07,,,Normalläge,Har aldrig varit verksam,Okänd,00000,Växjö,Kronoberg,Växjö,BOX 427,351 06,VÄXJÖ,startaforetag@fortnox.se,,Har aldrig varit registrerad för F-skatt,Har aldrig varit registrerad för moms,Har aldrig varit registrerad som arbetsgivare,0 anställda,Postadress är OK,"Tar emot reklam, ej telefonnummerspärrat"
5595792978,165595792978,Grundbulten 160749 AB,,Övriga aktiebolag,Privat,2026-04-07,,,Normalläge,Har aldrig varit verksam,Okänd,00000,Växjö,Kronoberg,Växjö,BOX 427,351 06,VÄXJÖ,startaforetag@fortnox.se,,Har aldrig varit registrerad för F-skatt,Har aldrig varit registrerad för moms,Har aldrig varit registrerad som arbetsgivare,0 anställda,Postadress är OK,"Tar emot reklam, ej telefonnummerspärrat"
5595792986,165595792986,Grundbulten 160706 AB,,Övriga aktiebolag,Privat,2026-04-07,,,Normalläge,Har aldrig varit verksam,Okänd,00000,Växjö,Kronoberg,Växjö,BOX 427,351 06,VÄXJÖ,startaforetag@fortnox.se,,Har aldrig varit registrerad för F-skatt,Har aldrig varit registrerad för moms,Har aldrig varit registrerad som arbetsgivare,0 anställda,Postadress är OK,"Tar emot reklam, ej telefonnummerspärrat"
5595792994,165595792994,Grundbulten 160707 AB,,Övriga aktiebolag,Privat,2026-04-07,,,Normalläge,Har aldrig varit verksam,Okänd,00000,Växjö,Kronoberg,Växjö,BOX 427,351 06,VÄXJÖ,startaforetag@fortnox.se,,Har aldrig varit registrerad för F-skatt,Har aldrig varit registrerad för moms,Har aldrig varit registrerad som arbetsgivare,0 anställda,Postadress är OK,"Tar emot reklam, ej telefonnummerspärrat"
5595793000,165595793000,Grundbulten 160704 AB,,Övriga aktiebolag,Privat,2026-04-07,,,Normalläge,Har aldrig varit verksam,Okänd,00000,Växjö,Kronoberg,Växjö,BOX 427,351 06,VÄXJÖ,startaforetag@fortnox.se,,Har aldrig varit registrerad för F-skatt,Har aldrig varit registrerad för moms,Har aldrig varit registrerad som arbetsgivare,0 anställda,Postadress är OK,"Tar emot reklam, ej telefonnummerspärrat"
5595793018,165595793018,Grundbulten 160705 AB,,Övriga aktiebolag,Privat,2026-04-07,,,Normalläge,Har aldrig varit verksam,Okänd,00000,Växjö,Kronoberg,Växjö,BOX 427,351 06,VÄXJÖ,startaforetag@fortnox.se,,Har aldrig varit registrerad för F-skatt,Har aldrig varit registrerad för moms,Har aldrig varit registrerad som arbetsgivare,0 anställda,Postadress är OK,"Tar emot reklam, ej telefonnummerspärrat"
5595793026,165595793026,Grundbulten 160710 AB,,Övriga aktiebolag,Privat,2026-04-07,,,Normalläge,Har aldrig varit verksam,Okänd,00000,Växjö,Kronoberg,Växjö,BOX 427,351 06,VÄXJÖ,startaforetag@fortnox.se,,Har aldrig varit registrerad för F-skatt,Har aldrig varit registrerad för moms,Har aldrig varit registrerad som arbetsgivare,0 anställda,Postadress är OK,"Tar emot reklam, ej telefonnummerspärrat"
5595793034,165595793034,Grundbulten 160711 AB,,Övriga aktiebolag,Privat,2026-04-07,,,Normalläge,Har aldrig varit verksam,Okänd,00000,Växjö,Kronoberg,Växjö,BOX 427,351 06,VÄXJÖ,startaforetag@fortnox.se,,Har aldrig varit registrerad för F-skatt,Har aldrig varit registrerad för moms,Har aldrig varit registrerad som arbetsgivare,0 anställda,Postadress är OK,"Tar emot reklam, ej telefonnummerspärrat"
5595793042,165595793042,Grundbulten 160708 AB,,Övriga aktiebolag,Privat,2026-04-07,,,Normalläge,Har aldrig varit verksam,Okänd,00000,Växjö,Kronoberg,Växjö,BOX 427,351 06,VÄXJÖ,startaforetag@fortnox.se,,Har aldrig varit registrerad för F-skatt,Har aldrig varit registrerad för moms,Har aldrig varit registrerad som arbetsgivare,0 anställda,Postadress är OK,"Tar emot reklam, ej telefonnummerspärrat"
5595793059,165595793059,Grundbulten 160709 AB,,Övriga aktiebolag,Privat,2026-04-07,,,Normalläge,Har aldrig varit verksam,Okänd,00000,Växjö,Kronoberg,Växjö,BOX 427,351 06,VÄXJÖ,startaforetag@fortnox.se,,Har aldrig varit registrerad för F-skatt,Har aldrig varit registrerad för moms,Har aldrig varit registrerad som arbetsgivare,0 anställda,Postadress är OK,"Tar emot reklam, ej telefonnummerspärrat"
5595793067,165595793067,Grundbulten 160714 AB,,Övriga aktiebolag,Privat,2026-04-07,,,Normalläge,Har aldrig varit verksam,Okänd,00000,Växjö,Kronoberg,Växjö,BOX 427,351 06,VÄXJÖ,startaforetag@fortnox.se,,Har aldrig varit registrerad för F-skatt,Har aldrig varit registrerad för moms,Har aldrig varit registrerad som arbetsgivare,0 anställda,Postadress är OK,"Tar emot reklam, ej telefonnummerspärrat"
5595793075,165595793075,Grundbulten 160715 AB,,Övriga aktiebolag,Privat,2026-04-07,,,Normalläge,Har aldrig varit verksam,Okänd,00000,Växjö,Kronoberg,Växjö,BOX 427,351 06,VÄXJÖ,startaforetag@fortnox.se,,Har aldrig varit registrerad för F-skatt,Har aldrig varit registrerad för moms,Har aldrig varit registrerad som arbetsgivare,0 anställda,Postadress är OK,"Tar emot reklam, ej telefonnummerspärrat"
5595793083,165595793083,Grundbulten 160712 AB,,Övriga aktiebolag,Privat,2026-04-07,,,Normalläge,Har aldrig varit verksam,Okänd,00000,Växjö,Kronoberg,Växjö,BOX 427,351 06,VÄXJÖ,startaforetag@fortnox.se,,Har aldrig varit registrerad för F-skatt,Har aldrig varit registrerad för moms,Har aldrig varit registrerad som arbetsgivare,0 anställda,Postadress är OK,"Tar emot reklam, ej telefonnummerspärrat"
5595793091,165595793091,Grundbulten 160713 AB,,Övriga aktiebolag,Privat,2026-04-07,,,Normalläge,Har aldrig varit verksam,Okänd,00000,Växjö,Kronoberg,Växjö,BOX 427,351 06,VÄXJÖ,startaforetag@fortnox.se,,Har aldrig varit registrerad för F-skatt,Har aldrig varit registrerad för moms,Har aldrig varit registrerad som arbetsgivare,0 anställda,Postadress är OK,"Tar emot reklam, ej telefonnummerspärrat"
5595793109,165595793109,Grundbulten 160718 AB,,Övriga aktiebolag,Privat,2026-04-07,,,Normalläge,Har aldrig varit verksam,Okänd,00000,Växjö,Kronoberg,Växjö,BOX 427,351 06,VÄXJÖ,startaforetag@fortnox.se,,Har aldrig varit registrerad för F-skatt,Har aldrig varit registrerad för moms,Har aldrig varit registrerad som arbetsgivare,0 anställda,Postadress är OK,"Tar emot reklam, ej telefonnummerspärrat"
5595793117,165595793117,Grundbulten 160719 AB,,Övriga aktiebolag,Privat,2026-04-07,,,Normalläge,Har aldrig varit verksam,Okänd,00000,Växjö,Kronoberg,Växjö,BOX 427,351 06,VÄXJÖ,startaforetag@fortnox.se,,Har aldrig varit registrerad för F-skatt,Har aldrig varit registrerad för moms,Har aldrig varit registrerad som arbetsgivare,0 anställda,Postadress är OK,"Tar emot reklam, ej telefonnummerspärrat"
5595793125,165595793125,Grundbulten 160716 AB,,Övriga aktiebolag,Privat,2026-04-07,,,Normalläge,Har aldrig varit verksam,Okänd,00000,Växjö,Kronoberg,Växjö,BOX 427,351 06,VÄXJÖ,startaforetag@fortnox.se,,Har aldrig varit registrerad för F-skatt,Har aldrig varit registrerad för moms,Har aldrig varit registrerad som arbetsgivare,0 anställda,Postadress är OK,"Tar emot reklam, ej telefonnummerspärrat"
5595793133,165595793133,Grundbulten 160717 AB,,Övriga aktiebolag,Privat,2026-04-07,,,Normalläge,Har aldrig varit verksam,Okänd,00000,Växjö,Kronoberg,Växjö,BOX 427,351 06,VÄXJÖ,startaforetag@fortnox.se,,Har aldrig varit registrerad för F-skatt,Har aldrig varit registrerad för moms,Har aldrig varit registrerad som arbetsgivare,0 anställda,Postadress är OK,"Tar emot reklam, ej telefonnummerspärrat"
5595793141,165595793141,Grundbulten 160722 AB,,Övriga aktiebolag,Privat,2026-04-07,,,Normalläge,Har aldrig varit verksam,Okänd,00000,Växjö,Kronoberg,Växjö,BOX 427,351 06,VÄXJÖ,startaforetag@fortnox.se,,Har aldrig varit registrerad för F-skatt,Har aldrig varit registrerad för moms,Har aldrig varit registrerad som arbetsgivare,0 anställda,Postadress är OK,"Tar emot reklam, ej telefonnummerspärrat"
5595793158,165595793158,Grundbulten 160723 AB,,Övriga aktiebolag,Privat,2026-04-07,,,Normalläge,Har aldrig varit verksam,Okänd,00000,Växjö,Kronoberg,Växjö,BOX 427,351 06,VÄXJÖ,startaforetag@fortnox.se,,Har aldrig varit registrerad för F-skatt,Har aldrig varit registrerad för moms,Har aldrig varit registrerad som arbetsgivare,0 anställda,Postadress är OK,"Tar emot reklam, ej telefonnummerspärrat"
5595793166,165595793166,Grundbulten 160720 AB,,Övriga aktiebolag,Privat,2026-04-07,,,Normalläge,Har aldrig varit verksam,Okänd,00000,Växjö,Kronoberg,Växjö,BOX 427,351 06,VÄXJÖ,startaforetag@fortnox.se,,Har aldrig varit registrerad för F-skatt,Har aldrig varit registrerad för moms,Har aldrig varit registrerad som arbetsgivare,0 anställda,Postadress är OK,"Tar emot reklam, ej telefonnummerspärrat"
5595793174,165595793174,Grundbulten 160721 AB,,Övriga aktiebolag,Privat,2026-04-07,,,Normalläge,Har aldrig varit verksam,Okänd,00000,Växjö,Kronoberg,Växjö,BOX 427,351 06,VÄXJÖ,startaforetag@fortnox.se,,Har aldrig varit registrerad för F-skatt,Har aldrig varit registrerad för moms,Har aldrig varit registrerad som arbetsgivare,0 anställda,Postadress är OK,"Tar emot reklam, ej telefonnummerspärrat"
5595793182,165595793182,Grundbulten 160724 AB,,Övriga aktiebolag,Privat,2026-04-07,,,Normalläge,Har aldrig varit verksam,Okänd,00000,Växjö,Kronoberg,Växjö,BOX 427,351 06,VÄXJÖ,startaforetag@fortnox.se,,Har aldrig varit registrerad för F-skatt,Har aldrig varit registrerad för moms,Har aldrig varit registrerad som arbetsgivare,0 anställda,Postadress är OK,"Tar emot reklam, ej telefonnummerspärrat"
5595793190,165595793190,Grundbulten 160702 AB,,Övriga aktiebolag,Privat,2026-04-07,,,Normalläge,Har aldrig varit verksam,Okänd,00000,Växjö,Kronoberg,Växjö,BOX 427,351 06,VÄXJÖ,startaforetag@fortnox.se,,Har aldrig varit registrerad för F-skatt,Har aldrig varit registrerad för moms,Har aldrig varit registrerad som arbetsgivare,0 anställda,Postadress är OK,"Tar emot reklam, ej telefonnummerspärrat"
5595793208,165595793208,Grundbulten 160703 AB,,Övriga aktiebolag,Privat,2026-04-07,,,Normalläge,Har aldrig varit verksam,Okänd,00000,Växjö,Kronoberg,Växjö,BOX 427,351 06,VÄXJÖ,startaforetag@fortnox.se,,Har aldrig varit registrerad för F-skatt,Har aldrig varit registrerad för moms,Har aldrig varit registrerad som arbetsgivare,0 anställda,Postadress är OK,"Tar emot reklam, ej telefonnummerspärrat"
5595793216,165595793216,Grundbulten 160700 AB,,Övriga aktiebolag,Privat,2026-04-07,,,Normalläge,Har aldrig varit verksam,Okänd,00000,Växjö,Kronoberg,Växjö,BOX 427,351 06,VÄXJÖ,startaforetag@fortnox.se,,Har aldrig varit registrerad för F-skatt,Har aldrig varit registrerad för moms,Har aldrig varit registrerad som arbetsgivare,0 anställda,Postadress är OK,"Tar emot reklam, ej telefonnummerspärrat"
5595793224,165595793224,Grundbulten 160701 AB,,Övriga aktiebolag,Privat,2026-04-07,,,Normalläge,Har aldrig varit verksam,Okänd,00000,Växjö,Kronoberg,Växjö,BOX 427,351 06,VÄXJÖ,startaforetag@fortnox.se,,Har aldrig varit registrerad för F-skatt,Har aldrig varit registrerad för moms,Har aldrig varit registrerad som arbetsgivare,0 anställda,Postadress är OK,"Tar emot reklam, ej telefonnummerspärrat"
5595793232,165595793232,Grundbulten 160675 AB,,Övriga aktiebolag,Privat,2026-04-07,,,Normalläge,Har aldrig varit verksam,Okänd,00000,Växjö,Kronoberg,Växjö,BOX 427,351 06,VÄXJÖ,startaforetag@fortnox.se,,Har aldrig varit registrerad för F-skatt,Har aldrig varit registrerad för moms,Har aldrig varit registrerad som arbetsgivare,0 anställda,Postadress är OK,"Tar emot reklam, ej telefonnummerspärrat"
5595793240,165595793240,Grundbulten 160678 AB,,Övriga aktiebolag,Privat,2026-04-07,,,Normalläge,Har aldrig varit verksam,Okänd,00000,Växjö,Kronoberg,Växjö,BOX 427,351 06,VÄXJÖ,startaforetag@fortnox.se,,Har aldrig varit registrerad för F-skatt,Har aldrig varit registrerad för moms,Har aldrig varit registrerad som arbetsgivare,0 anställda,Postadress är OK,"Tar emot reklam, ej telefonnummerspärrat"
5595793257,165595793257,Grundbulten 160679 AB,,Övriga aktiebolag,Privat,2026-04-07,,,Normalläge,Har aldrig varit verksam,Okänd,00000,Växjö,Kronoberg,Växjö,BOX 427,351 06,VÄXJÖ,startaforetag@fortnox.se,,Har aldrig varit registrerad för F-skatt,Har aldrig varit registrerad för moms,Har aldrig varit registrerad som arbetsgivare,0 anställda,Postadress är OK,"Tar emot reklam, ej telefonnummerspärrat"
5595793265,165595793265,Grundbulten 160676 AB,,Övriga aktiebolag,Privat,2026-04-07,,,Normalläge,Har aldrig varit verksam,Okänd,00000,Växjö,Kronoberg,Växjö,BOX 427,351 06,VÄXJÖ,startaforetag@fortnox.se,,Har aldrig varit registrerad för F-skatt,Har aldrig varit registrerad för moms,Har aldrig varit registrerad som arbetsgivare,0 anställda,Postadress är OK,"Tar emot reklam, ej telefonnummerspärrat"
5595793273,165595793273,Grundbulten 160677 AB,,Övriga aktiebolag,Privat,2026-04-07,,,Normalläge,Har aldrig varit verksam,Okänd,00000,Växjö,Kronoberg,Växjö,BOX 427,351 06,VÄXJÖ,startaforetag@fortnox.se,,Har aldrig varit registrerad för F-skatt,Har aldrig varit registrerad för moms,Har aldrig varit registrerad som arbetsgivare,0 anställda,Postadress är OK,"Tar emot reklam, ej telefonnummerspärrat"
5595793281,165595793281,Grundbulten 160682 AB,,Övriga aktiebolag,Privat,2026-04-07,,,Normalläge,Har aldrig varit verksam,Okänd,00000,Växjö,Kronoberg,Växjö,BOX 427,351 06,VÄXJÖ,startaforetag@fortnox.se,,Har aldrig varit registrerad för F-skatt,Har aldrig varit registrerad för moms,Har aldrig varit registrerad som arbetsgivare,0 anställda,Postadress är OK,"Tar emot reklam, ej telefonnummerspärrat"
5595793299,165595793299,Grundbulten 160683 AB,,Övriga aktiebolag,Privat,2026-04-07,,,Normalläge,Har aldrig varit verksam,Okänd,00000,Växjö,Kronoberg,Växjö,BOX 427,351 06,VÄXJÖ,startaforetag@fortnox.se,,Har aldrig varit registrerad för F-skatt,Har aldrig varit registrerad för moms,Har aldrig varit registrerad som arbetsgivare,0 anställda,Postadress är OK,"Tar emot reklam, ej telefonnummerspärrat"
5595793307,165595793307,Grundbulten 160680 AB,,Övriga aktiebolag,Privat,2026-04-07,,,Normalläge,Har aldrig varit verksam,Okänd,00000,Växjö,Kronoberg,Växjö,BOX 427,351 06,VÄXJÖ,startaforetag@fortnox.se,,Har aldrig varit registrerad för F-skatt,Har aldrig varit registrerad för moms,Har aldrig varit registrerad som arbetsgivare,0 anställda,Postadress är OK,"Tar emot reklam, ej telefonnummerspärrat"
5595793315,165595793315,Grundbulten 160681 AB,,Övriga aktiebolag,Privat,2026-04-07,,,Normalläge,Har aldrig varit verksam,Okänd,00000,Växjö,Kronoberg,Växjö,BOX 427,351 06,VÄXJÖ,startaforetag@fortnox.se,,Har aldrig varit registrerad för F-skatt,Har aldrig varit registrerad för moms,Har aldrig varit registrerad som arbetsgivare,0 anställda,Postadress är OK,"Tar emot reklam, ej telefonnummerspärrat"
5595793323,165595793323,Grundbulten 160686 AB,,Övriga aktiebolag,Privat,2026-04-07,,,Normalläge,Har aldrig varit verksam,Okänd,00000,Växjö,Kronoberg,Växjö,BOX 427,351 06,VÄXJÖ,startaforetag@fortnox.se,,Har aldrig varit registrerad för F-skatt,Har aldrig varit registrerad för moms,Har aldrig varit registrerad som arbetsgivare,0 anställda,Postadress är OK,"Tar emot reklam, ej telefonnummerspärrat"
5595793331,165595793331,Grundbulten 160687 AB,,Övriga aktiebolag,Privat,2026-04-07,,,Normalläge,Har aldrig varit verksam,Okänd,00000,Växjö,Kronoberg,Växjö,BOX 427,351 06,VÄXJÖ,startaforetag@fortnox.se,,Har aldrig varit registrerad för F-skatt,Har aldrig varit registrerad för moms,Har aldrig varit registrerad som arbetsgivare,0 anställda,Postadress är OK,"Tar emot reklam, ej telefonnummerspärrat"
5595793349,165595793349,Grundbulten 160684 AB,,Övriga aktiebolag,Privat,2026-04-07,,,Normalläge,Har aldrig varit verksam,Okänd,00000,Växjö,Kronoberg,Växjö,BOX 427,351 06,VÄXJÖ,startaforetag@fortnox.se,,Har aldrig varit registrerad för F-skatt,Har aldrig varit registrerad för moms,Har aldrig varit registrerad som arbetsgivare,0 anställda,Postadress är OK,"Tar emot reklam, ej telefonnummerspärrat"
5595793356,165595793356,Grundbulten 160685 AB,,Övriga aktiebolag,Privat,2026-04-07,,,Normalläge,Har aldrig varit verksam,Okänd,00000,Växjö,Kronoberg,Växjö,BOX 427,351 06,VÄXJÖ,startaforetag@fortnox.se,,Har aldrig varit registrerad för F-skatt,Har aldrig varit registrerad för moms,Har aldrig varit registrerad som arbetsgivare,0 anställda,Postadress är OK,"Tar emot reklam, ej telefonnummerspärrat"
5595793364,165595793364,Grundbulten 160690 AB,,Övriga aktiebolag,Privat,2026-04-07,,,Normalläge,Har aldrig varit verksam,Okänd,00000,Växjö,Kronoberg,Växjö,BOX 427,351 06,VÄXJÖ,startaforetag@fortnox.se,,Har aldrig varit registrerad för F-skatt,Har aldrig varit registrerad för moms,Har aldrig varit registrerad som arbetsgivare,0 anställda,Postadress är OK,"Tar emot reklam, ej telefonnummerspärrat"
5595793372,165595793372,Grundbulten 160691 AB,,Övriga aktiebolag,Privat,2026-04-07,,,Normalläge,Har aldrig varit verksam,Okänd,00000,Växjö,Kronoberg,Växjö,BOX 427,351 06,VÄXJÖ,startaforetag@fortnox.se,,Har aldrig varit registrerad för F-skatt,Har aldrig varit registrerad för moms,Har aldrig varit registrerad som arbetsgivare,0 anställda,Postadress är OK,"Tar emot reklam, ej telefonnummerspärrat"
5595793380,165595793380,Grundbulten 160688 AB,,Övriga aktiebolag,Privat,2026-04-07,,,Normalläge,Har aldrig varit verksam,Okänd,00000,Växjö,Kronoberg,Växjö,BOX 427,351 06,VÄXJÖ,startaforetag@fortnox.se,,Har aldrig varit registrerad för F-skatt,Har aldrig varit registrerad för moms,Har aldrig varit registrerad som arbetsgivare,0 anställda,Postadress är OK,"Tar emot reklam, ej telefonnummerspärrat"
5595793398,165595793398,Grundbulten 160689 AB,,Övriga aktiebolag,Privat,2026-04-07,,,Normalläge,Har aldrig varit verksam,Okänd,00000,Växjö,Kronoberg,Växjö,BOX 427,351 06,VÄXJÖ,startaforetag@fortnox.se,,Har aldrig varit registrerad för F-skatt,Har aldrig varit registrerad för moms,Har aldrig varit registrerad som arbetsgivare,0 anställda,Postadress är OK,"Tar emot reklam, ej telefonnummerspärrat"
5595793406,165595793406,Grundbulten 160694 AB,,Övriga aktiebolag,Privat,2026-04-07,,,Normalläge,Har aldrig varit verksam,Okänd,00000,Växjö,Kronoberg,Växjö,BOX 427,351 06,VÄXJÖ,startaforetag@fortnox.se,,Har aldrig varit registrerad för F-skatt,Har aldrig varit registrerad för moms,Har aldrig varit registrerad som arbetsgivare,0 anställda,Postadress är OK,"Tar emot reklam, ej telefonnummerspärrat"
5595793414,165595793414,Grundbulten 160695 AB,,Övriga aktiebolag,Privat,2026-04-07,,,Normalläge,Har aldrig varit verksam,Okänd,00000,Växjö,Kronoberg,Växjö,BOX 427,351 06,VÄXJÖ,startaforetag@fortnox.se,,Har aldrig varit registrerad för F-skatt,Har aldrig varit registrerad för moms,Har aldrig varit registrerad som arbetsgivare,0 anställda,Postadress är OK,"Tar emot reklam, ej telefonnummerspärrat"
5595793422,165595793422,Grundbulten 160692 AB,,Övriga aktiebolag,Privat,2026-04-07,,,Normalläge,Har aldrig varit verksam,Okänd,00000,Växjö,Kronoberg,Växjö,BOX 427,351 06,VÄXJÖ,startaforetag@fortnox.se,,Har aldrig varit registrerad för F-skatt,Har aldrig varit registrerad för moms,Har aldrig varit registrerad som arbetsgivare,0 anställda,Postadress är OK,"Tar emot reklam, ej telefonnummerspärrat"
5595793430,165595793430,Grundbulten 160693 AB,,Övriga aktiebolag,Privat,2026-04-07,,,Normalläge,Har aldrig varit verksam,Okänd,00000,Växjö,Kronoberg,Växjö,BOX 427,351 06,VÄXJÖ,startaforetag@fortnox.se,,Har aldrig varit registrerad för F-skatt,Har aldrig varit registrerad för moms,Har aldrig varit registrerad som arbetsgivare,0 anställda,Postadress är OK,"Tar emot reklam, ej telefonnummerspärrat"
5595793448,165595793448,Grundbulten 160698 AB,,Övriga aktiebolag,Privat,2026-04-07,,,Normalläge,Har aldrig varit verksam,Okänd,00000,Växjö,Kronoberg,Växjö,BOX 427,351 06,VÄXJÖ,startaforetag@fortnox.se,,Har aldrig varit registrerad för F-skatt,Har aldrig varit registrerad för moms,Har aldrig varit registrerad som arbetsgivare,0 anställda,Postadress är OK,"Tar emot reklam, ej telefonnummerspärrat"
5595793455,165595793455,Grundbulten 160699 AB,,Övriga aktiebolag,Privat,2026-04-07,,,Normalläge,Har aldrig varit verksam,Okänd,00000,Växjö,Kronoberg,Växjö,BOX 427,351 06,VÄXJÖ,startaforetag@fortnox.se,,Har aldrig varit registrerad för F-skatt,Har aldrig varit registrerad för moms,Har aldrig varit registrerad som arbetsgivare,0 anställda,Postadress är OK,"Tar emot reklam, ej telefonnummerspärrat"
5595793463,165595793463,Grundbulten 160696 AB,,Övriga aktiebolag,Privat,2026-04-07,,,Normalläge,Har aldrig varit verksam,Okänd,00000,Växjö,Kronoberg,Växjö,BOX 427,351 06,VÄXJÖ,startaforetag@fortnox.se,,Har aldrig varit registrerad för F-skatt,Har aldrig varit registrerad för moms,Har aldrig varit registrerad som arbetsgivare,0 anställda,Postadress är OK,"Tar emot reklam, ej telefonnummerspärrat"
5595793471,165595793471,Grundbulten 160697 AB,,Övriga aktiebolag,Privat,2026-04-07,,,Normalläge,Har aldrig varit verksam,Okänd,00000,Växjö,Kronoberg,Växjö,BOX 427,351 06,VÄXJÖ,startaforetag@fortnox.se,,Har aldrig varit registrerad för F-skatt,Har aldrig varit registrerad för moms,Har aldrig varit registrerad som arbetsgivare,0 anställda,Postadress är OK,"Tar emot reklam, ej telefonnummerspärrat"
5595793489,165595793489,Grundbulten 160650 AB,,Övriga aktiebolag,Privat,2026-04-07,,,Normalläge,Har aldrig varit verksam,Okänd,00000,Växjö,Kronoberg,Växjö,BOX 427,351 06,VÄXJÖ,startaforetag@fortnox.se,,Har aldrig varit registrerad för F-skatt,Har aldrig varit registrerad för moms,Har aldrig varit registrerad som arbetsgivare,0 anställda,Postadress är OK,"Tar emot reklam, ej telefonnummerspärrat"
5595793497,165595793497,Grundbulten 160651 AB,,Övriga aktiebolag,Privat,2026-04-07,,,Normalläge,Har aldrig varit verksam,Okänd,00000,Växjö,Kronoberg,Växjö,BOX 427,351 06,VÄXJÖ,startaforetag@fortnox.se,,Har aldrig varit registrerad för F-skatt,Har aldrig varit registrerad för moms,Har aldrig varit registrerad som arbetsgivare,0 anställda,Postadress är OK,"Tar emot reklam, ej telefonnummerspärrat"
5595793505,165595793505,Grundbulten 160654 AB,,Övriga aktiebolag,Privat,2026-04-07,,,Normalläge,Har aldrig varit verksam,Okänd,00000,Växjö,Kronoberg,Växjö,BOX 427,351 06,VÄXJÖ,startaforetag@fortnox.se,,Har aldrig varit registrerad för F-skatt,Har aldrig varit registrerad för moms,Har aldrig varit registrerad som arbetsgivare,0 anställda,Postadress är OK,"Tar emot reklam, ej telefonnummerspärrat"
5595793513,165595793513,Grundbulten 160655 AB,,Övriga aktiebolag,Privat,2026-04-07,,,Normalläge,Har aldrig varit verksam,Okänd,00000,Växjö,Kronoberg,Växjö,BOX 427,351 06,VÄXJÖ,startaforetag@fortnox.se,,Har aldrig varit registrerad för F-skatt,Har aldrig varit registrerad för moms,Har aldrig varit registrerad som arbetsgivare,0 anställda,Postadress är OK,"Tar emot reklam, ej telefonnummerspärrat"
5595793521,165595793521,Grundbulten 160652 AB,,Övriga aktiebolag,Privat,2026-04-07,,,Normalläge,Har aldrig varit verksam,Okänd,00000,Växjö,Kronoberg,Växjö,BOX 427,351 06,VÄXJÖ,startaforetag@fortnox.se,,Har aldrig varit registrerad för F-skatt,Har aldrig varit registrerad för moms,Har aldrig varit registrerad som arbetsgivare,0 anställda,Postadress är OK,"Tar emot reklam, ej telefonnummerspärrat"
5595793539,165595793539,Grundbulten 160653 AB,,Övriga aktiebolag,Privat,2026-04-07,,,Normalläge,Har aldrig varit verksam,Okänd,00000,Växjö,Kronoberg,Växjö,BOX 427,351 06,VÄXJÖ,startaforetag@fortnox.se,,Har aldrig varit registrerad för F-skatt,Har aldrig varit registrerad för moms,Har aldrig varit registrerad som arbetsgivare,0 anställda,Postadress är OK,"Tar emot reklam, ej telefonnummerspärrat"
5595793547,165595793547,Grundbulten 160658 AB,,Övriga aktiebolag,Privat,2026-04-07,,,Normalläge,Har aldrig varit verksam,Okänd,00000,Växjö,Kronoberg,Växjö,BOX 427,351 06,VÄXJÖ,startaforetag@fortnox.se,,Har aldrig varit registrerad för F-skatt,Har aldrig varit registrerad för moms,Har aldrig varit registrerad som arbetsgivare,0 anställda,Postadress är OK,"Tar emot reklam, ej telefonnummerspärrat"
5595793554,165595793554,Grundbulten 160659 AB,,Övriga aktiebolag,Privat,2026-04-07,,,Normalläge,Har aldrig varit verksam,Okänd,00000,Växjö,Kronoberg,Växjö,BOX 427,351 06,VÄXJÖ,startaforetag@fortnox.se,,Har aldrig varit registrerad för F-skatt,Har aldrig varit registrerad för moms,Har aldrig varit registrerad som arbetsgivare,0 anställda,Postadress är OK,"Tar emot reklam, ej telefonnummerspärrat"
5595793562,165595793562,Grundbulten 160656 AB,,Övriga aktiebolag,Privat,2026-04-07,,,Normalläge,Har aldrig varit verksam,Okänd,00000,Växjö,Kronoberg,Växjö,BOX 427,351 06,VÄXJÖ,startaforetag@fortnox.se,,Har aldrig varit registrerad för F-skatt,Har aldrig varit registrerad för moms,Har aldrig varit registrerad som arbetsgivare,0 anställda,Postadress är OK,"Tar emot reklam, ej telefonnummerspärrat"
5595793570,165595793570,Grundbulten 160657 AB,,Övriga aktiebolag,Privat,2026-04-07,,,Normalläge,Har aldrig varit verksam,Okänd,00000,Växjö,Kronoberg,Växjö,BOX 427,351 06,VÄXJÖ,startaforetag@fortnox.se,,Har aldrig varit registrerad för F-skatt,Har aldrig varit registrerad för moms,Har aldrig varit registrerad som arbetsgivare,0 anställda,Postadress är OK,"Tar emot reklam, ej telefonnummerspärrat"
5595793588,165595793588,Grundbulten 160662 AB,,Övriga aktiebolag,Privat,2026-04-07,,,Normalläge,Har aldrig varit verksam,Okänd,00000,Växjö,Kronoberg,Växjö,BOX 427,351 06,VÄXJÖ,startaforetag@fortnox.se,,Har aldrig varit registrerad för F-skatt,Har aldrig varit registrerad för moms,Har aldrig varit registrerad som arbetsgivare,0 anställda,Postadress är OK,"Tar emot reklam, ej telefonnummerspärrat"
5595793596,165595793596,Grundbulten 160663 AB,,Övriga aktiebolag,Privat,2026-04-07,,,Normalläge,Har aldrig varit verksam,Okänd,00000,Växjö,Kronoberg,Växjö,BOX 427,351 06,VÄXJÖ,startaforetag@fortnox.se,,Har aldrig varit registrerad för F-skatt,Har aldrig varit registrerad för moms,Har aldrig varit registrerad som arbetsgivare,0 anställda,Postadress är OK,"Tar emot reklam, ej telefonnummerspärrat"
5595793604,165595793604,Grundbulten 160660 AB,,Övriga aktiebolag,Privat,2026-04-07,,,Normalläge,Har aldrig varit verksam,Okänd,00000,Växjö,Kronoberg,Växjö,BOX 427,351 06,VÄXJÖ,startaforetag@fortnox.se,,Har aldrig varit registrerad för F-skatt,Har aldrig varit registrerad för moms,Har aldrig varit registrerad som arbetsgivare,0 anställda,Postadress är OK,"Tar emot reklam, ej telefonnummerspärrat"
5595793612,165595793612,Grundbulten 160661 AB,,Övriga aktiebolag,Privat,2026-04-07,,,Normalläge,Har aldrig varit verksam,Okänd,00000,Växjö,Kronoberg,Växjö,BOX 427,351 06,VÄXJÖ,startaforetag@fortnox.se,,Har aldrig varit registrerad för F-skatt,Har aldrig varit registrerad för moms,Har aldrig varit registrerad som arbetsgivare,0 anställda,Postadress är OK,"Tar emot reklam, ej telefonnummerspärrat"
5595793620,165595793620,Grundbulten 160666 AB,,Övriga aktiebolag,Privat,2026-04-07,,,Normalläge,Har aldrig varit verksam,Okänd,00000,Växjö,Kronoberg,Växjö,BOX 427,351 06,VÄXJÖ,startaforetag@fortnox.se,,Har aldrig varit registrerad för F-skatt,Har aldrig varit registrerad för moms,Har aldrig varit registrerad som arbetsgivare,0 anställda,Postadress är OK,"Tar emot reklam, ej telefonnummerspärrat"
5595793638,165595793638,Grundbulten 160667 AB,,Övriga aktiebolag,Privat,2026-04-07,,,Normalläge,Har aldrig varit verksam,Okänd,00000,Växjö,Kronoberg,Växjö,BOX 427,351 06,VÄXJÖ,startaforetag@fortnox.se,,Har aldrig varit registrerad för F-skatt,Har aldrig varit registrerad för moms,Har aldrig varit registrerad som arbetsgivare,0 anställda,Postadress är OK,"Tar emot reklam, ej telefonnummerspärrat"
5595793646,165595793646,Grundbulten 160664 AB,,Övriga aktiebolag,Privat,2026-04-07,,,Normalläge,Har aldrig varit verksam,Okänd,00000,Växjö,Kronoberg,Växjö,BOX 427,351 06,VÄXJÖ,startaforetag@fortnox.se,,Har aldrig varit registrerad för F-skatt,Har aldrig varit registrerad för moms,Har aldrig varit registrerad som arbetsgivare,0 anställda,Postadress är OK,"Tar emot reklam, ej telefonnummerspärrat"
5595793653,165595793653,Grundbulten 160665 AB,,Övriga aktiebolag,Privat,2026-04-07,,,Normalläge,Har aldrig varit verksam,Okänd,00000,Växjö,Kronoberg,Växjö,BOX 427,351 06,VÄXJÖ,startaforetag@fortnox.se,,Har aldrig varit registrerad för F-skatt,Har aldrig varit registrerad för moms,Har aldrig varit registrerad som arbetsgivare,0 anställda,Postadress är OK,"Tar emot reklam, ej telefonnummerspärrat"
5595793661,165595793661,Grundbulten 160670 AB,,Övriga aktiebolag,Privat,2026-04-07,,,Normalläge,Har aldrig varit verksam,Okänd,00000,Växjö,Kronoberg,Växjö,BOX 427,351 06,VÄXJÖ,startaforetag@fortnox.se,,Har aldrig varit registrerad för F-skatt,Har aldrig varit registrerad för moms,Har aldrig varit registrerad som arbetsgivare,0 anställda,Postadress är OK,"Tar emot reklam, ej telefonnummerspärrat"
5595793679,165595793679,Grundbulten 160671 AB,,Övriga aktiebolag,Privat,2026-04-07,,,Normalläge,Har aldrig varit verksam,Okänd,00000,Växjö,Kronoberg,Växjö,BOX 427,351 06,VÄXJÖ,startaforetag@fortnox.se,,Har aldrig varit registrerad för F-skatt,Har aldrig varit registrerad för moms,Har aldrig varit registrerad som arbetsgivare,0 anställda,Postadress är OK,"Tar emot reklam, ej telefonnummerspärrat"
5595793687,165595793687,Grundbulten 160668 AB,,Övriga aktiebolag,Privat,2026-04-07,,,Normalläge,Har aldrig varit verksam,Okänd,00000,Växjö,Kronoberg,Växjö,BOX 427,351 06,VÄXJÖ,startaforetag@fortnox.se,,Har aldrig varit registrerad för F-skatt,Har aldrig varit registrerad för moms,Har aldrig varit registrerad som arbetsgivare,0 anställda,Postadress är OK,"Tar emot reklam, ej telefonnummerspärrat"
5595793695,165595793695,Grundbulten 160669 AB,,Övriga aktiebolag,Privat,2026-04-07,,,Normalläge,Har aldrig varit verksam,Okänd,00000,Växjö,Kronoberg,Växjö,BOX 427,351 06,VÄXJÖ,startaforetag@fortnox.se,,Har aldrig varit registrerad för F-skatt,Har aldrig varit registrerad för moms,Har aldrig varit registrerad som arbetsgivare,0 anställda,Postadress är OK,"Tar emot reklam, ej telefonnummerspärrat"
5595793703,165595793703,Grundbulten 160674 AB,,Övriga aktiebolag,Privat,2026-04-07,,,Normalläge,Har aldrig varit verksam,Okänd,00000,Växjö,Kronoberg,Växjö,BOX 427,351 06,VÄXJÖ,startaforetag@fortnox.se,,Har aldrig varit registrerad för F-skatt,Har aldrig varit registrerad för moms,Har aldrig varit registrerad som arbetsgivare,0 anställda,Postadress är OK,"Tar emot reklam, ej telefonnummerspärrat"
5595793711,165595793711,Grundbulten 160672 AB,,Övriga aktiebolag,Privat,2026-04-07,,,Normalläge,Har aldrig varit verksam,Okänd,00000,Växjö,Kronoberg,Växjö,BOX 427,351 06,VÄXJÖ,startaforetag@fortnox.se,,Har aldrig varit registrerad för F-skatt,Har aldrig varit registrerad för moms,Har aldrig varit registrerad som arbetsgivare,0 anställda,Postadress är OK,"Tar emot reklam, ej telefonnummerspärrat"
5595793729,165595793729,Grundbulten 160673 AB,,Övriga aktiebolag,Privat,2026-04-07,,,Normalläge,Har aldrig varit verksam,Okänd,00000,Växjö,Kronoberg,Växjö,BOX 427,351 06,VÄXJÖ,startaforetag@fortnox.se,,Har aldrig varit registrerad för F-skatt,Har aldrig varit registrerad för moms,Har aldrig varit registrerad som arbetsgivare,0 anställda,Postadress är OK,"Tar emot reklam, ej telefonnummerspärrat"
5595793737,165595793737,Grundbulten 160642 AB,,Övriga aktiebolag,Privat,2026-04-07,,,Normalläge,Har aldrig varit verksam,Okänd,00000,Växjö,Kronoberg,Växjö,BOX 427,351 06,VÄXJÖ,startaforetag@fortnox.se,,Har aldrig varit registrerad för F-skatt,Har aldrig varit registrerad för moms,Har aldrig varit registrerad som arbetsgivare,0 anställda,Postadress är OK,"Tar emot reklam, ej telefonnummerspärrat"
5595793745,165595793745,Grundbulten 160643 AB,,Övriga aktiebolag,Privat,2026-04-07,,,Normalläge,Har aldrig varit verksam,Okänd,00000,Växjö,Kronoberg,Växjö,BOX 427,351 06,VÄXJÖ,startaforetag@fortnox.se,,Har aldrig varit registrerad för F-skatt,Har aldrig varit registrerad för moms,Har aldrig varit registrerad som arbetsgivare,0 anställda,Postadress är OK,"Tar emot reklam, ej telefonnummerspärrat"
5595793752,165595793752,Grundbulten 160640 AB,,Övriga aktiebolag,Privat,2026-04-07,,,Normalläge,Har aldrig varit verksam,Okänd,00000,Växjö,Kronoberg,Växjö,BOX 427,351 06,VÄXJÖ,startaforetag@fortnox.se,,Har aldrig varit registrerad för F-skatt,Har aldrig varit registrerad för moms,Har aldrig varit registrerad som arbetsgivare,0 anställda,Postadress är OK,"Tar emot reklam, ej telefonnummerspärrat"
5595793760,165595793760,Grundbulten 160641 AB,,Övriga aktiebolag,Privat,2026-04-07,,,Normalläge,Har aldrig varit verksam,Okänd,00000,Växjö,Kronoberg,Växjö,BOX 427,351 06,VÄXJÖ,startaforetag@fortnox.se,,Har aldrig varit registrerad för F-skatt,Har aldrig varit registrerad för moms,Har aldrig varit registrerad som arbetsgivare,0 anställda,Postadress är OK,"Tar emot reklam, ej telefonnummerspärrat"
5595793778,165595793778,Grundbulten 160646 AB,,Övriga aktiebolag,Privat,2026-04-07,,,Normalläge,Har aldrig varit verksam,Okänd,00000,Växjö,Kronoberg,Växjö,BOX 427,351 06,VÄXJÖ,startaforetag@fortnox.se,,Har aldrig varit registrerad för F-skatt,Har aldrig varit registrerad för moms,Har aldrig varit registrerad som arbetsgivare,0 anställda,Postadress är OK,"Tar emot reklam, ej telefonnummerspärrat"
5595793786,165595793786,Grundbulten 160647 AB,,Övriga aktiebolag,Privat,2026-04-07,,,Normalläge,Har aldrig varit verksam,Okänd,00000,Växjö,Kronoberg,Växjö,BOX 427,351 06,VÄXJÖ,startaforetag@fortnox.se,,Har aldrig varit registrerad för F-skatt,Har aldrig varit registrerad för moms,Har aldrig varit registrerad som arbetsgivare,0 anställda,Postadress är OK,"Tar emot reklam, ej telefonnummerspärrat"
5595793794,165595793794,Grundbulten 160644 AB,,Övriga aktiebolag,Privat,2026-04-07,,,Normalläge,Har aldrig varit verksam,Okänd,00000,Växjö,Kronoberg,Växjö,BOX 427,351 06,VÄXJÖ,startaforetag@fortnox.se,,Har aldrig varit registrerad för F-skatt,Har aldrig varit registrerad för moms,Har aldrig varit registrerad som arbetsgivare,0 anställda,Postadress är OK,"Tar emot reklam, ej telefonnummerspärrat"
5595793802,165595793802,Grundbulten 160645 AB,,Övriga aktiebolag,Privat,2026-04-07,,,Normalläge,Har aldrig varit verksam,Okänd,00000,Växjö,Kronoberg,Växjö,BOX 427,351 06,VÄXJÖ,startaforetag@fortnox.se,,Har aldrig varit registrerad för F-skatt,Har aldrig varit registrerad för moms,Har aldrig varit registrerad som arbetsgivare,0 anställda,Postadress är OK,"Tar emot reklam, ej telefonnummerspärrat"
5595793810,165595793810,Grundbulten 160648 AB,,Övriga aktiebolag,Privat,2026-04-07,,,Normalläge,Har aldrig varit verksam,Okänd,00000,Växjö,Kronoberg,Växjö,BOX 427,351 06,VÄXJÖ,startaforetag@fortnox.se,,Har aldrig varit registrerad för F-skatt,Har aldrig varit registrerad för moms,Har aldrig varit registrerad som arbetsgivare,0 anställda,Postadress är OK,"Tar emot reklam, ej telefonnummerspärrat"
5595793828,165595793828,Grundbulten 160649 AB,,Övriga aktiebolag,Privat,2026-04-07,,,Normalläge,Har aldrig varit verksam,Okänd,00000,Växjö,Kronoberg,Växjö,BOX 427,351 06,VÄXJÖ,startaforetag@fortnox.se,,Har aldrig varit registrerad för F-skatt,Har aldrig varit registrerad för moms,Har aldrig varit registrerad som arbetsgivare,0 anställda,Postadress är OK,"Tar emot reklam, ej telefonnummerspärrat"
5595793836,165595793836,Grundbulten 160626 AB,,Övriga aktiebolag,Privat,2026-04-07,,,Normalläge,Har aldrig varit verksam,Okänd,00000,Växjö,Kronoberg,Växjö,BOX 427,351 06,VÄXJÖ,startaforetag@fortnox.se,,Har aldrig varit registrerad för F-skatt,Har aldrig varit registrerad för moms,Har aldrig varit registrerad som arbetsgivare,0 anställda,Postadress är OK,"Tar emot reklam, ej telefonnummerspärrat"
5595793844,165595793844,Grundbulten 160627 AB,,Övriga aktiebolag,Privat,2026-04-07,,,Normalläge,Har aldrig varit verksam,Okänd,00000,Växjö,Kronoberg,Växjö,BOX 427,351 06,VÄXJÖ,startaforetag@fortnox.se,,Har aldrig varit registrerad för F-skatt,Har aldrig varit registrerad för moms,Har aldrig varit registrerad som arbetsgivare,0 anställda,Postadress är OK,"Tar emot reklam, ej telefonnummerspärrat"
5595793851,165595793851,Grundbulten 160625 AB,,Övriga aktiebolag,Privat,2026-04-07,,,Normalläge,Har aldrig varit verksam,Okänd,00000,Växjö,Kronoberg,Växjö,BOX 427,351 06,VÄXJÖ,startaforetag@fortnox.se,,Har aldrig varit registrerad för F-skatt,Har aldrig varit registrerad för moms,Har aldrig varit registrerad som arbetsgivare,0 anställda,Postadress är OK,"Tar emot reklam, ej telefonnummerspärrat"
5595793869,165595793869,Grundbulten 160630 AB,,Övriga aktiebolag,Privat,2026-04-07,,,Normalläge,Har aldrig varit verksam,Okänd,00000,Växjö,Kronoberg,Växjö,BOX 427,351 06,VÄXJÖ,startaforetag@fortnox.se,,Har aldrig varit registrerad för F-skatt,Har aldrig varit registrerad för moms,Har aldrig varit registrerad som arbetsgivare,0 anställda,Postadress är OK,"Tar emot reklam, ej telefonnummerspärrat"
5595793877,165595793877,Grundbulten 160631 AB,,Övriga aktiebolag,Privat,2026-04-07,,,Normalläge,Har aldrig varit verksam,Okänd,00000,Växjö,Kronoberg,Växjö,BOX 427,351 06,VÄXJÖ,startaforetag@fortnox.se,,Har aldrig varit registrerad för F-skatt,Har aldrig varit registrerad för moms,Har aldrig varit registrerad som arbetsgivare,0 anställda,Postadress är OK,"Tar emot reklam, ej telefonnummerspärrat"
5595793885,165595793885,Grundbulten 160628 AB,,Övriga aktiebolag,Privat,2026-04-07,,,Normalläge,Har aldrig varit verksam,Okänd,00000,Växjö,Kronoberg,Växjö,BOX 427,351 06,VÄXJÖ,startaforetag@fortnox.se,,Har aldrig varit registrerad för F-skatt,Har aldrig varit registrerad för moms,Har aldrig varit registrerad som arbetsgivare,0 anställda,Postadress är OK,"Tar emot reklam, ej telefonnummerspärrat"
5595793893,165595793893,Grundbulten 160629 AB,,Övriga aktiebolag,Privat,2026-04-07,,,Normalläge,Har aldrig varit verksam,Okänd,00000,Växjö,Kronoberg,Växjö,BOX 427,351 06,VÄXJÖ,startaforetag@fortnox.se,,Har aldrig varit registrerad för F-skatt,Har aldrig varit registrerad för moms,Har aldrig varit registrerad som arbetsgivare,0 anställda,Postadress är OK,"Tar emot reklam, ej telefonnummerspärrat"
5595793901,165595793901,Grundbulten 160634 AB,,Övriga aktiebolag,Privat,2026-04-07,,,Normalläge,Har aldrig varit verksam,Okänd,00000,Växjö,Kronoberg,Växjö,BOX 427,351 06,VÄXJÖ,startaforetag@fortnox.se,,Har aldrig varit registrerad för F-skatt,Har aldrig varit registrerad för moms,Har aldrig varit registrerad som arbetsgivare,0 anställda,Postadress är OK,"Tar emot reklam, ej telefonnummerspärrat"
5595793919,165595793919,Grundbulten 160635 AB,,Övriga aktiebolag,Privat,2026-04-07,,,Normalläge,Har aldrig varit verksam,Okänd,00000,Växjö,Kronoberg,Växjö,BOX 427,351 06,VÄXJÖ,startaforetag@fortnox.se,,Har aldrig varit registrerad för F-skatt,Har aldrig varit registrerad för moms,Har aldrig varit registrerad som arbetsgivare,0 anställda,Postadress är OK,"Tar emot reklam, ej telefonnummerspärrat"
5595793927,165595793927,Grundbulten 160632 AB,,Övriga aktiebolag,Privat,2026-04-07,,,Normalläge,Har aldrig varit verksam,Okänd,00000,Växjö,Kronoberg,Växjö,BOX 427,351 06,VÄXJÖ,startaforetag@fortnox.se,,Har aldrig varit registrerad för F-skatt,Har aldrig varit registrerad för moms,Har aldrig varit registrerad som arbetsgivare,0 anställda,Postadress är OK,"Tar emot reklam, ej telefonnummerspärrat"
5595793935,165595793935,Grundbulten 160633 AB,,Övriga aktiebolag,Privat,2026-04-07,,,Normalläge,Har aldrig varit verksam,Okänd,00000,Växjö,Kronoberg,Växjö,BOX 427,351 06,VÄXJÖ,startaforetag@fortnox.se,,Har aldrig varit registrerad för F-skatt,Har aldrig varit registrerad för moms,Har aldrig varit registrerad som arbetsgivare,0 anställda,Postadress är OK,"Tar emot reklam, ej telefonnummerspärrat"
5595793943,165595793943,Grundbulten 160638 AB,,Övriga aktiebolag,Privat,2026-04-07,,,Normalläge,Har aldrig varit verksam,Okänd,00000,Växjö,Kronoberg,Växjö,BOX 427,351 06,VÄXJÖ,startaforetag@fortnox.se,,Har aldrig varit registrerad för F-skatt,Har aldrig varit registrerad för moms,Har aldrig varit registrerad som arbetsgivare,0 anställda,Postadress är OK,"Tar emot reklam, ej telefonnummerspärrat"
5595793950,165595793950,Grundbulten 160639 AB,,Övriga aktiebolag,Privat,2026-04-07,,,Normalläge,Har aldrig varit verksam,Okänd,00000,Växjö,Kronoberg,Växjö,BOX 427,351 06,VÄXJÖ,startaforetag@fortnox.se,,Har aldrig varit registrerad för F-skatt,Har aldrig varit registrerad för moms,Har aldrig varit registrerad som arbetsgivare,0 anställda,Postadress är OK,"Tar emot reklam, ej telefonnummerspärrat"
5595793968,165595793968,Grundbulten 160636 AB,,Övriga aktiebolag,Privat,2026-04-07,,,Normalläge,Har aldrig varit verksam,Okänd,00000,Växjö,Kronoberg,Växjö,BOX 427,351 06,VÄXJÖ,startaforetag@fortnox.se,,Har aldrig varit registrerad för F-skatt,Har aldrig varit registrerad för moms,Har aldrig varit registrerad som arbetsgivare,0 anställda,Postadress är OK,"Tar emot reklam, ej telefonnummerspärrat"
5595793976,165595793976,Grundbulten 160637 AB,,Övriga aktiebolag,Privat,2026-04-07,,,Normalläge,Har aldrig varit verksam,Okänd,00000,Växjö,Kronoberg,Växjö,BOX 427,351 06,VÄXJÖ,startaforetag@fortnox.se,,Har aldrig varit registrerad för F-skatt,Har aldrig varit registrerad för moms,Har aldrig varit registrerad som arbetsgivare,0 anställda,Postadress är OK,"Tar emot reklam, ej telefonnummerspärrat"
5595793984,165595793984,Grundbulten 160602 AB,,Övriga aktiebolag,Privat,2026-04-07,,,Normalläge,Har aldrig varit verksam,Okänd,00000,Växjö,Kronoberg,Växjö,BOX 427,351 06,VÄXJÖ,startaforetag@fortnox.se,,Har aldrig varit registrerad för F-skatt,Har aldrig varit registrerad för moms,Har aldrig varit registrerad som arbetsgivare,0 anställda,Postadress är OK,"Tar emot reklam, ej telefonnummerspärrat"
5595793992,165595793992,Grundbulten 160603 AB,,Övriga aktiebolag,Privat,2026-04-07,,,Normalläge,Har aldrig varit verksam,Okänd,00000,Växjö,Kronoberg,Växjö,BOX 427,351 06,VÄXJÖ,startaforetag@fortnox.se,,Har aldrig varit registrerad för F-skatt,Har aldrig varit registrerad för moms,Har aldrig varit registrerad som arbetsgivare,0 anställda,Postadress är OK,"Tar emot reklam, ej telefonnummerspärrat"
5595794008,165595794008,Grundbulten 160600 AB,,Övriga aktiebolag,Privat,2026-04-07,,,Normalläge,Har aldrig varit verksam,Okänd,00000,Växjö,Kronoberg,Växjö,BOX 427,351 06,VÄXJÖ,startaforetag@fortnox.se,,Har aldrig varit registrerad för F-skatt,Har aldrig varit registrerad för moms,Har aldrig varit registrerad som arbetsgivare,0 anställda,Postadress är OK,"Tar emot reklam, ej telefonnummerspärrat"
5595794016,165595794016,Grundbulten 160601 AB,,Övriga aktiebolag,Privat,2026-04-07,,,Normalläge,Har aldrig varit verksam,Okänd,00000,Växjö,Kronoberg,Växjö,BOX 427,351 06,VÄXJÖ,startaforetag@fortnox.se,,Har aldrig varit registrerad för F-skatt,Har aldrig varit registrerad för moms,Har aldrig varit registrerad som arbetsgivare,0 anställda,Postadress är OK,"Tar emot reklam, ej telefonnummerspärrat"
5595794024,165595794024,Grundbulten 160606 AB,,Övriga aktiebolag,Privat,2026-04-07,,,Normalläge,Har aldrig varit verksam,Okänd,00000,Växjö,Kronoberg,Växjö,BOX 427,351 06,VÄXJÖ,startaforetag@fortnox.se,,Har aldrig varit registrerad för F-skatt,Har aldrig varit registrerad för moms,Har aldrig varit registrerad som arbetsgivare,0 anställda,Postadress är OK,"Tar emot reklam, ej telefonnummerspärrat"
5595794032,165595794032,Grundbulten 160607 AB,,Övriga aktiebolag,Privat,2026-04-07,,,Normalläge,Har aldrig varit verksam,Okänd,00000,Växjö,Kronoberg,Växjö,BOX 427,351 06,VÄXJÖ,startaforetag@fortnox.se,,Har aldrig varit registrerad för F-skatt,Har aldrig varit registrerad för moms,Har aldrig varit registrerad som arbetsgivare,0 anställda,Postadress är OK,"Tar emot reklam, ej telefonnummerspärrat"
5595794040,165595794040,Grundbulten 160604 AB,,Övriga aktiebolag,Privat,2026-04-07,,,Normalläge,Har aldrig varit verksam,Okänd,00000,Växjö,Kronoberg,Växjö,BOX 427,351 06,VÄXJÖ,startaforetag@fortnox.se,,Har aldrig varit registrerad för F-skatt,Har aldrig varit registrerad för moms,Har aldrig varit registrerad som arbetsgivare,0 anställda,Postadress är OK,"Tar emot reklam, ej telefonnummerspärrat"
5595794057,165595794057,Grundbulten 160605 AB,,Övriga aktiebolag,Privat,2026-04-07,,,Normalläge,Har aldrig varit verksam,Okänd,00000,Växjö,Kronoberg,Växjö,BOX 427,351 06,VÄXJÖ,startaforetag@fortnox.se,,Har aldrig varit registrerad för F-skatt,Har aldrig varit registrerad för moms,Har aldrig varit registrerad som arbetsgivare,0 anställda,Postadress är OK,"Tar emot reklam, ej telefonnummerspärrat"
5595794065,165595794065,Grundbulten 160610 AB,,Övriga aktiebolag,Privat,2026-04-07,,,Normalläge,Har aldrig varit verksam,Okänd,00000,Växjö,Kronoberg,Växjö,BOX 427,351 06,VÄXJÖ,startaforetag@fortnox.se,,Har aldrig varit registrerad för F-skatt,Har aldrig varit registrerad för moms,Har aldrig varit registrerad som arbetsgivare,0 anställda,Postadress är OK,"Tar emot reklam, ej telefonnummerspärrat"
5595794073,165595794073,Grundbulten 160611 AB,,Övriga aktiebolag,Privat,2026-04-07,,,Normalläge,Har aldrig varit verksam,Okänd,00000,Växjö,Kronoberg,Växjö,BOX 427,351 06,VÄXJÖ,startaforetag@fortnox.se,,Har aldrig varit registrerad för F-skatt,Har aldrig varit registrerad för moms,Har aldrig varit registrerad som arbetsgivare,0 anställda,Postadress är OK,"Tar emot reklam, ej telefonnummerspärrat"
5595794081,165595794081,Grundbulten 160608 AB,,Övriga aktiebolag,Privat,2026-04-07,,,Normalläge,Har aldrig varit verksam,Okänd,00000,Växjö,Kronoberg,Växjö,BOX 427,351 06,VÄXJÖ,startaforetag@fortnox.se,,Har aldrig varit registrerad för F-skatt,Har aldrig varit registrerad för moms,Har aldrig varit registrerad som arbetsgivare,0 anställda,Postadress är OK,"Tar emot reklam, ej telefonnummerspärrat"
5595794099,165595794099,Grundbulten 160609 AB,,Övriga aktiebolag,Privat,2026-04-07,,,Normalläge,Har aldrig varit verksam,Okänd,00000,Växjö,Kronoberg,Växjö,BOX 427,351 06,VÄXJÖ,startaforetag@fortnox.se,,Har aldrig varit registrerad för F-skatt,Har aldrig varit registrerad för moms,Har aldrig varit registrerad som arbetsgivare,0 anställda,Postadress är OK,"Tar emot reklam, ej telefonnummerspärrat"
5595794107,165595794107,Grundbulten 160614 AB,,Övriga aktiebolag,Privat,2026-04-07,,,Normalläge,Har aldrig varit verksam,Okänd,00000,Växjö,Kronoberg,Växjö,BOX 427,351 06,VÄXJÖ,startaforetag@fortnox.se,,Har aldrig varit registrerad för F-skatt,Har aldrig varit registrerad för moms,Har aldrig varit registrerad som arbetsgivare,0 anställda,Postadress är OK,"Tar emot reklam, ej telefonnummerspärrat"
5595794115,165595794115,Grundbulten 160615 AB,,Övriga aktiebolag,Privat,2026-04-07,,,Normalläge,Har aldrig varit verksam,Okänd,00000,Växjö,Kronoberg,Växjö,BOX 427,351 06,VÄXJÖ,startaforetag@fortnox.se,,Har aldrig varit registrerad för F-skatt,Har aldrig varit registrerad för moms,Har aldrig varit registrerad som arbetsgivare,0 anställda,Postadress är OK,"Tar emot reklam, ej telefonnummerspärrat"
5595794123,165595794123,Grundbulten 160612 AB,,Övriga aktiebolag,Privat,2026-04-07,,,Normalläge,Har aldrig varit verksam,Okänd,00000,Växjö,Kronoberg,Växjö,BOX 427,351 06,VÄXJÖ,startaforetag@fortnox.se,,Har aldrig varit registrerad för F-skatt,Har aldrig varit registrerad för moms,Har aldrig varit registrerad som arbetsgivare,0 anställda,Postadress är OK,"Tar emot reklam, ej telefonnummerspärrat"
5595794131,165595794131,Grundbulten 160613 AB,,Övriga aktiebolag,Privat,2026-04-07,,,Normalläge,Har aldrig varit verksam,Okänd,00000,Växjö,Kronoberg,Växjö,BOX 427,351 06,VÄXJÖ,startaforetag@fortnox.se,,Har aldrig varit registrerad för F-skatt,Har aldrig varit registrerad för moms,Har aldrig varit registrerad som arbetsgivare,0 anställda,Postadress är OK,"Tar emot reklam, ej telefonnummerspärrat"
5595794149,165595794149,Grundbulten 160618 AB,,Övriga aktiebolag,Privat,2026-04-07,,,Normalläge,Har aldrig varit verksam,Okänd,00000,Växjö,Kronoberg,Växjö,BOX 427,351 06,VÄXJÖ,startaforetag@fortnox.se,,Har aldrig varit registrerad för F-skatt,Har aldrig varit registrerad för moms,Har aldrig varit registrerad som arbetsgivare,0 anställda,Postadress är OK,"Tar emot reklam, ej telefonnummerspärrat"
5595794156,165595794156,Grundbulten 160619 AB,,Övriga aktiebolag,Privat,2026-04-07,,,Normalläge,Har aldrig varit verksam,Okänd,00000,Växjö,Kronoberg,Växjö,BOX 427,351 06,VÄXJÖ,startaforetag@fortnox.se,,Har aldrig varit registrerad för F-skatt,Har aldrig varit registrerad för moms,Har aldrig varit registrerad som arbetsgivare,0 anställda,Postadress är OK,"Tar emot reklam, ej telefonnummerspärrat"
5595794164,165595794164,Grundbulten 160616 AB,,Övriga aktiebolag,Privat,2026-04-07,,,Normalläge,Har aldrig varit verksam,Okänd,00000,Växjö,Kronoberg,Växjö,BOX 427,351 06,VÄXJÖ,startaforetag@fortnox.se,,Har aldrig varit registrerad för F-skatt,Har aldrig varit registrerad för moms,Har aldrig varit registrerad som arbetsgivare,0 anställda,Postadress är OK,"Tar emot reklam, ej telefonnummerspärrat"
5595794172,165595794172,Grundbulten 160617 AB,,Övriga aktiebolag,Privat,2026-04-07,,,Normalläge,Har aldrig varit verksam,Okänd,00000,Växjö,Kronoberg,Växjö,BOX 427,351 06,VÄXJÖ,startaforetag@fortnox.se,,Har aldrig varit registrerad för F-skatt,Har aldrig varit registrerad för moms,Har aldrig varit registrerad som arbetsgivare,0 anställda,Postadress är OK,"Tar emot reklam, ej telefonnummerspärrat"
5595794180,165595794180,Grundbulten 160622 AB,,Övriga aktiebolag,Privat,2026-04-07,,,Normalläge,Har aldrig varit verksam,Okänd,00000,Växjö,Kronoberg,Växjö,BOX 427,351 06,VÄXJÖ,startaforetag@fortnox.se,,Har aldrig varit registrerad för F-skatt,Har aldrig varit registrerad för moms,Har aldrig varit registrerad som arbetsgivare,0 anställda,Postadress är OK,"Tar emot reklam, ej telefonnummerspärrat"
5595794198,165595794198,Grundbulten 160623 AB,,Övriga aktiebolag,Privat,2026-04-07,,,Normalläge,Har aldrig varit verksam,Okänd,00000,Växjö,Kronoberg,Växjö,BOX 427,351 06,VÄXJÖ,startaforetag@fortnox.se,,Har aldrig varit registrerad för F-skatt,Har aldrig varit registrerad för moms,Har aldrig varit registrerad som arbetsgivare,0 anställda,Postadress är OK,"Tar emot reklam, ej telefonnummerspärrat"
5595794206,165595794206,Grundbulten 160620 AB,,Övriga aktiebolag,Privat,2026-04-07,,,Normalläge,Har aldrig varit verksam,Okänd,00000,Växjö,Kronoberg,Växjö,BOX 427,351 06,VÄXJÖ,startaforetag@fortnox.se,,Har aldrig varit registrerad för F-skatt,Har aldrig varit registrerad för moms,Har aldrig varit registrerad som arbetsgivare,0 anställda,Postadress är OK,"Tar emot reklam, ej telefonnummerspärrat"
5595794214,165595794214,Grundbulten 160621 AB,,Övriga aktiebolag,Privat,2026-04-07,,,Normalläge,Har aldrig varit verksam,Okänd,00000,Växjö,Kronoberg,Växjö,BOX 427,351 06,VÄXJÖ,startaforetag@fortnox.se,,Har aldrig varit registrerad för F-skatt,Har aldrig varit registrerad för moms,Har aldrig varit registrerad som arbetsgivare,0 anställda,Postadress är OK,"Tar emot reklam, ej telefonnummerspärrat"
5595794222,165595794222,Grundbulten 160624 AB,,Övriga aktiebolag,Privat,2026-04-07,,,Normalläge,Har aldrig varit verksam,Okänd,00000,Växjö,Kronoberg,Växjö,BOX 427,351 06,VÄXJÖ,startaforetag@fortnox.se,,Har aldrig varit registrerad för F-skatt,Har aldrig varit registrerad för moms,Har aldrig varit registrerad som arbetsgivare,0 anställda,Postadress är OK,"Tar emot reklam, ej telefonnummerspärrat"
5595794230,165595794230,Grundbulten 160578 AB,,Övriga aktiebolag,Privat,2026-04-07,,,Normalläge,Har aldrig varit verksam,Okänd,00000,Växjö,Kronoberg,Växjö,BOX 427,351 06,VÄXJÖ,startaforetag@fortnox.se,,Har aldrig varit registrerad för F-skatt,Har aldrig varit registrerad för moms,Har aldrig varit registrerad som arbetsgivare,0 anställda,Postadress är OK,"Tar emot reklam, ej telefonnummerspärrat"
5595794248,165595794248,Grundbulten 160579 AB,,Övriga aktiebolag,Privat,2026-04-07,,,Normalläge,Har aldrig varit verksam,Okänd,00000,Växjö,Kronoberg,Växjö,BOX 427,351 06,VÄXJÖ,startaforetag@fortnox.se,,Har aldrig varit registrerad för F-skatt,Har aldrig varit registrerad för moms,Har aldrig varit registrerad som arbetsgivare,0 anställda,Postadress är OK,"Tar emot reklam, ej telefonnummerspärrat"
5595794255,165595794255,Grundbulten 160576 AB,,Övriga aktiebolag,Privat,2026-04-07,,,Normalläge,Har aldrig varit verksam,Okänd,00000,Växjö,Kronoberg,Växjö,BOX 427,351 06,VÄXJÖ,startaforetag@fortnox.se,,Har aldrig varit registrerad för F-skatt,Har aldrig varit registrerad för moms,Har aldrig varit registrerad som arbetsgivare,0 anställda,Postadress är OK,"Tar emot reklam, ej telefonnummerspärrat"
5595794263,165595794263,Grundbulten 160577 AB,,Övriga aktiebolag,Privat,2026-04-07,,,Normalläge,Har aldrig varit verksam,Okänd,00000,Växjö,Kronoberg,Växjö,BOX 427,351 06,VÄXJÖ,startaforetag@fortnox.se,,Har aldrig varit registrerad för F-skatt,Har aldrig varit registrerad för moms,Har aldrig varit registrerad som arbetsgivare,0 anställda,Postadress är OK,"Tar emot reklam, ej telefonnummerspärrat"
5595794271,165595794271,Grundbulten 160582 AB,,Övriga aktiebolag,Privat,2026-04-07,,,Normalläge,Har aldrig varit verksam,Okänd,00000,Växjö,Kronoberg,Växjö,BOX 427,351 06,VÄXJÖ,startaforetag@fortnox.se,,Har aldrig varit registrerad för F-skatt,Har aldrig varit registrerad för moms,Har aldrig varit registrerad som arbetsgivare,0 anställda,Postadress är OK,"Tar emot reklam, ej telefonnummerspärrat"
5595794289,165595794289,Grundbulten 160583 AB,,Övriga aktiebolag,Privat,2026-04-07,,,Normalläge,Har aldrig varit verksam,Okänd,00000,Växjö,Kronoberg,Växjö,BOX 427,351 06,VÄXJÖ,startaforetag@fortnox.se,,Har aldrig varit registrerad för F-skatt,Har aldrig varit registrerad för moms,Har aldrig varit registrerad som arbetsgivare,0 anställda,Postadress är OK,"Tar emot reklam, ej telefonnummerspärrat"
5595794297,165595794297,Grundbulten 160580 AB,,Övriga aktiebolag,Privat,2026-04-07,,,Normalläge,Har aldrig varit verksam,Okänd,00000,Växjö,Kronoberg,Växjö,BOX 427,351 06,VÄXJÖ,startaforetag@fortnox.se,,Har aldrig varit registrerad för F-skatt,Har aldrig varit registrerad för moms,Har aldrig varit registrerad som arbetsgivare,0 anställda,Postadress är OK,"Tar emot reklam, ej telefonnummerspärrat"
5595794305,165595794305,Grundbulten 160581 AB,,Övriga aktiebolag,Privat,2026-04-07,,,Normalläge,Har aldrig varit verksam,Okänd,00000,Växjö,Kronoberg,Växjö,BOX 427,351 06,VÄXJÖ,startaforetag@fortnox.se,,Har aldrig varit registrerad för F-skatt,Har aldrig varit registrerad för moms,Har aldrig varit registrerad som arbetsgivare,0 anställda,Postadress är OK,"Tar emot reklam, ej telefonnummerspärrat"
5595794313,165595794313,Grundbulten 160586 AB,,Övriga aktiebolag,Privat,2026-04-07,,,Normalläge,Har aldrig varit verksam,Okänd,00000,Växjö,Kronoberg,Växjö,BOX 427,351 06,VÄXJÖ,startaforetag@fortnox.se,,Har aldrig varit registrerad för F-skatt,Har aldrig varit registrerad för moms,Har aldrig varit registrerad som arbetsgivare,0 anställda,Postadress är OK,"Tar emot reklam, ej telefonnummerspärrat"
5595794321,165595794321,Grundbulten 160587 AB,,Övriga aktiebolag,Privat,2026-04-07,,,Normalläge,Har aldrig varit verksam,Okänd,00000,Växjö,Kronoberg,Växjö,BOX 427,351 06,VÄXJÖ,startaforetag@fortnox.se,,Har aldrig varit registrerad för F-skatt,Har aldrig varit registrerad för moms,Har aldrig varit registrerad som arbetsgivare,0 anställda,Postadress är OK,"Tar emot reklam, ej telefonnummerspärrat"
5595794339,165595794339,Grundbulten 160584 AB,,Övriga aktiebolag,Privat,2026-04-07,,,Normalläge,Har aldrig varit verksam,Okänd,00000,Växjö,Kronoberg,Växjö,BOX 427,351 06,VÄXJÖ,startaforetag@fortnox.se,,Har aldrig varit registrerad för F-skatt,Har aldrig varit registrerad för moms,Har aldrig varit registrerad som arbetsgivare,0 anställda,Postadress är OK,"Tar emot reklam, ej telefonnummerspärrat"
5595794347,165595794347,Grundbulten 160585 AB,,Övriga aktiebolag,Privat,2026-04-07,,,Normalläge,Har aldrig varit verksam,Okänd,00000,Växjö,Kronoberg,Växjö,BOX 427,351 06,VÄXJÖ,startaforetag@fortnox.se,,Har aldrig varit registrerad för F-skatt,Har aldrig varit registrerad för moms,Har aldrig varit registrerad som arbetsgivare,0 anställda,Postadress är OK,"Tar emot reklam, ej telefonnummerspärrat"
5595794354,165595794354,Grundbulten 160590 AB,,Övriga aktiebolag,Privat,2026-04-07,,,Normalläge,Har aldrig varit verksam,Okänd,00000,Växjö,Kronoberg,Växjö,BOX 427,351 06,VÄXJÖ,startaforetag@fortnox.se,,Har aldrig varit registrerad för F-skatt,Har aldrig varit registrerad för moms,Har aldrig varit registrerad som arbetsgivare,0 anställda,Postadress är OK,"Tar emot reklam, ej telefonnummerspärrat"
5595794362,165595794362,Grundbulten 160591 AB,,Övriga aktiebolag,Privat,2026-04-07,,,Normalläge,Har aldrig varit verksam,Okänd,00000,Växjö,Kronoberg,Växjö,BOX 427,351 06,VÄXJÖ,startaforetag@fortnox.se,,Har aldrig varit registrerad för F-skatt,Har aldrig varit registrerad för moms,Har aldrig varit registrerad som arbetsgivare,0 anställda,Postadress är OK,"Tar emot reklam, ej telefonnummerspärrat"
5595794370,165595794370,Grundbulten 160588 AB,,Övriga aktiebolag,Privat,2026-04-07,,,Normalläge,Har aldrig varit verksam,Okänd,00000,Växjö,Kronoberg,Växjö,BOX 427,351 06,VÄXJÖ,startaforetag@fortnox.se,,Har aldrig varit registrerad för F-skatt,Har aldrig varit registrerad för moms,Har aldrig varit registrerad som arbetsgivare,0 anställda,Postadress är OK,"Tar emot reklam, ej telefonnummerspärrat"
5595794388,165595794388,Grundbulten 160589 AB,,Övriga aktiebolag,Privat,2026-04-07,,,Normalläge,Har aldrig varit verksam,Okänd,00000,Växjö,Kronoberg,Växjö,BOX 427,351 06,VÄXJÖ,startaforetag@fortnox.se,,Har aldrig varit registrerad för F-skatt,Har aldrig varit registrerad för moms,Har aldrig varit registrerad som arbetsgivare,0 anställda,Postadress är OK,"Tar emot reklam, ej telefonnummerspärrat"
5595794396,165595794396,Grundbulten 160594 AB,,Övriga aktiebolag,Privat,2026-04-07,,,Normalläge,Har aldrig varit verksam,Okänd,00000,Växjö,Kronoberg,Växjö,BOX 427,351 06,VÄXJÖ,startaforetag@fortnox.se,,Har aldrig varit registrerad för F-skatt,Har aldrig varit registrerad för moms,Har aldrig varit registrerad som arbetsgivare,0 anställda,Postadress är OK,"Tar emot reklam, ej telefonnummerspärrat"
5595794404,165595794404,Grundbulten 160595 AB,,Övriga aktiebolag,Privat,2026-04-07,,,Normalläge,Har aldrig varit verksam,Okänd,00000,Växjö,Kronoberg,Växjö,BOX 427,351 06,VÄXJÖ,startaforetag@fortnox.se,,Har aldrig varit registrerad för F-skatt,Har aldrig varit registrerad för moms,Har aldrig varit registrerad som arbetsgivare,0 anställda,Postadress är OK,"Tar emot reklam, ej telefonnummerspärrat"
5595794412,165595794412,Grundbulten 160592 AB,,Övriga aktiebolag,Privat,2026-04-07,,,Normalläge,Har aldrig varit verksam,Okänd,00000,Växjö,Kronoberg,Växjö,BOX 427,351 06,VÄXJÖ,startaforetag@fortnox.se,,Har aldrig varit registrerad för F-skatt,Har aldrig varit registrerad för moms,Har aldrig varit registrerad som arbetsgivare,0 anställda,Postadress är OK,"Tar emot reklam, ej telefonnummerspärrat"
5595794420,165595794420,Grundbulten 160593 AB,,Övriga aktiebolag,Privat,2026-04-07,,,Normalläge,Har aldrig varit verksam,Okänd,00000,Växjö,Kronoberg,Växjö,BOX 427,351 06,VÄXJÖ,startaforetag@fortnox.se,,Har aldrig varit registrerad för F-skatt,Har aldrig varit registrerad för moms,Har aldrig varit registrerad som arbetsgivare,0 anställda,Postadress är OK,"Tar emot reklam, ej telefonnummerspärrat"
5595794438,165595794438,Grundbulten 160598 AB,,Övriga aktiebolag,Privat,2026-04-07,,,Normalläge,Har aldrig varit verksam,Okänd,00000,Växjö,Kronoberg,Växjö,BOX 427,351 06,VÄXJÖ,startaforetag@fortnox.se,,Har aldrig varit registrerad för F-skatt,Har aldrig varit registrerad för moms,Har aldrig varit registrerad som arbetsgivare,0 anställda,Postadress är OK,"Tar emot reklam, ej telefonnummerspärrat"
5595794446,165595794446,Grundbulten 160599 AB,,Övriga aktiebolag,Privat,2026-04-07,,,Normalläge,Har aldrig varit verksam,Okänd,00000,Växjö,Kronoberg,Växjö,BOX 427,351 06,VÄXJÖ,startaforetag@fortnox.se,,Har aldrig varit registrerad för F-skatt,Har aldrig varit registrerad för moms,Har aldrig varit registrerad som arbetsgivare,0 anställda,Postadress är OK,"Tar emot reklam, ej telefonnummerspärrat"
5595794453,165595794453,Grundbulten 160596 AB,,Övriga aktiebolag,Privat,2026-04-07,,,Normalläge,Har aldrig varit verksam,Okänd,00000,Växjö,Kronoberg,Växjö,BOX 427,351 06,VÄXJÖ,startaforetag@fortnox.se,,Har aldrig varit registrerad för F-skatt,Har aldrig varit registrerad för moms,Har aldrig varit registrerad som arbetsgivare,0 anställda,Postadress är OK,"Tar emot reklam, ej telefonnummerspärrat"
5595794461,165595794461,Grundbulten 160597 AB,,Övriga aktiebolag,Privat,2026-04-07,,,Normalläge,Har aldrig varit verksam,Okänd,00000,Växjö,Kronoberg,Växjö,BOX 427,351 06,VÄXJÖ,startaforetag@fortnox.se,,Har aldrig varit registrerad för F-skatt,Har aldrig varit registrerad för moms,Har aldrig varit registrerad som arbetsgivare,0 anställda,Postadress är OK,"Tar emot reklam, ej telefonnummerspärrat"
5595794479,165595794479,Grundbulten 160575 AB,,Övriga aktiebolag,Privat,2026-04-07,,,Normalläge,Har aldrig varit verksam,Okänd,00000,Växjö,Kronoberg,Växjö,BOX 427,351 06,VÄXJÖ,startaforetag@fortnox.se,,Har aldrig varit registrerad för F-skatt,Har aldrig varit registrerad för moms,Har aldrig varit registrerad som arbetsgivare,0 anställda,Postadress är OK,"Tar emot reklam, ej telefonnummerspärrat"
5595794487,165595794487,Grundbulten 160550 AB,,Övriga aktiebolag,Privat,2026-04-07,,,Normalläge,Har aldrig varit verksam,Okänd,00000,Växjö,Kronoberg,Växjö,BOX 427,351 06,VÄXJÖ,startaforetag@fortnox.se,,Har aldrig varit registrerad för F-skatt,Har aldrig varit registrerad för moms,Har aldrig varit registrerad som arbetsgivare,0 anställda,Postadress är OK,"Tar emot reklam, ej telefonnummerspärrat"
5595794495,165595794495,Grundbulten 160551 AB,,Övriga aktiebolag,Privat,2026-04-07,,,Normalläge,Har aldrig varit verksam,Okänd,00000,Växjö,Kronoberg,Växjö,BOX 427,351 06,VÄXJÖ,startaforetag@fortnox.se,,Har aldrig varit registrerad för F-skatt,Har aldrig varit registrerad för moms,Har aldrig varit registrerad som arbetsgivare,0 anställda,Postadress är OK,"Tar emot reklam, ej telefonnummerspärrat"
5595794503,165595794503,Grundbulten 160554 AB,,Övriga aktiebolag,Privat,2026-04-07,,,Normalläge,Har aldrig varit verksam,Okänd,00000,Växjö,Kronoberg,Växjö,BOX 427,351 06,VÄXJÖ,startaforetag@fortnox.se,,Har aldrig varit registrerad för F-skatt,Har aldrig varit registrerad för moms,Har aldrig varit registrerad som arbetsgivare,0 anställda,Postadress är OK,"Tar emot reklam, ej telefonnummerspärrat"
5595794511,165595794511,Grundbulten 160555 AB,,Övriga aktiebolag,Privat,2026-04-07,,,Normalläge,Har aldrig varit verksam,Okänd,00000,Växjö,Kronoberg,Växjö,BOX 427,351 06,VÄXJÖ,startaforetag@fortnox.se,,Har aldrig varit registrerad för F-skatt,Har aldrig varit registrerad för moms,Har aldrig varit registrerad som arbetsgivare,0 anställda,Postadress är OK,"Tar emot reklam, ej telefonnummerspärrat"
5595794529,165595794529,Grundbulten 160552 AB,,Övriga aktiebolag,Privat,2026-04-07,,,Normalläge,Har aldrig varit verksam,Okänd,00000,Växjö,Kronoberg,Växjö,BOX 427,351 06,VÄXJÖ,startaforetag@fortnox.se,,Har aldrig varit registrerad för F-skatt,Har aldrig varit registrerad för moms,Har aldrig varit registrerad som arbetsgivare,0 anställda,Postadress är OK,"Tar emot reklam, ej telefonnummerspärrat"
5595794537,165595794537,Grundbulten 160553 AB,,Övriga aktiebolag,Privat,2026-04-07,,,Normalläge,Har aldrig varit verksam,Okänd,00000,Växjö,Kronoberg,Växjö,BOX 427,351 06,VÄXJÖ,startaforetag@fortnox.se,,Har aldrig varit registrerad för F-skatt,Har aldrig varit registrerad för moms,Har aldrig varit registrerad som arbetsgivare,0 anställda,Postadress är OK,"Tar emot reklam, ej telefonnummerspärrat"
5595794545,165595794545,Grundbulten 160558 AB,,Övriga aktiebolag,Privat,2026-04-07,,,Normalläge,Har aldrig varit verksam,Okänd,00000,Växjö,Kronoberg,Växjö,BOX 427,351 06,VÄXJÖ,startaforetag@fortnox.se,,Har aldrig varit registrerad för F-skatt,Har aldrig varit registrerad för moms,Har aldrig varit registrerad som arbetsgivare,0 anställda,Postadress är OK,"Tar emot reklam, ej telefonnummerspärrat"
5595794552,165595794552,Grundbulten 160559 AB,,Övriga aktiebolag,Privat,2026-04-07,,,Normalläge,Har aldrig varit verksam,Okänd,00000,Växjö,Kronoberg,Växjö,BOX 427,351 06,VÄXJÖ,startaforetag@fortnox.se,,Har aldrig varit registrerad för F-skatt,Har aldrig varit registrerad för moms,Har aldrig varit registrerad som arbetsgivare,0 anställda,Postadress är OK,"Tar emot reklam, ej telefonnummerspärrat"
5595794560,165595794560,Grundbulten 160556 AB,,Övriga aktiebolag,Privat,2026-04-07,,,Normalläge,Har aldrig varit verksam,Okänd,00000,Växjö,Kronoberg,Växjö,BOX 427,351 06,VÄXJÖ,startaforetag@fortnox.se,,Har aldrig varit registrerad för F-skatt,Har aldrig varit registrerad för moms,Har aldrig varit registrerad som arbetsgivare,0 anställda,Postadress är OK,"Tar emot reklam, ej telefonnummerspärrat"
5595794578,165595794578,Grundbulten 160557 AB,,Övriga aktiebolag,Privat,2026-04-07,,,Normalläge,Har aldrig varit verksam,Okänd,00000,Växjö,Kronoberg,Växjö,BOX 427,351 06,VÄXJÖ,startaforetag@fortnox.se,,Har aldrig varit registrerad för F-skatt,Har aldrig varit registrerad för moms,Har aldrig varit registrerad som arbetsgivare,0 anställda,Postadress är OK,"Tar emot reklam, ej telefonnummerspärrat"
5595794586,165595794586,Grundbulten 160562 AB,,Övriga aktiebolag,Privat,2026-04-07,,,Normalläge,Har aldrig varit verksam,Okänd,00000,Växjö,Kronoberg,Växjö,BOX 427,351 06,VÄXJÖ,startaforetag@fortnox.se,,Har aldrig varit registrerad för F-skatt,Har aldrig varit registrerad för moms,Har aldrig varit registrerad som arbetsgivare,0 anställda,Postadress är OK,"Tar emot reklam, ej telefonnummerspärrat"
5595794594,165595794594,Grundbulten 160563 AB,,Övriga aktiebolag,Privat,2026-04-07,,,Normalläge,Har aldrig varit verksam,Okänd,00000,Växjö,Kronoberg,Växjö,BOX 427,351 06,VÄXJÖ,startaforetag@fortnox.se,,Har aldrig varit registrerad för F-skatt,Har aldrig varit registrerad för moms,Har aldrig varit registrerad som arbetsgivare,0 anställda,Postadress är OK,"Tar emot reklam, ej telefonnummerspärrat"
5595794602,165595794602,Grundbulten 160560 AB,,Övriga aktiebolag,Privat,2026-04-07,,,Normalläge,Har aldrig varit verksam,Okänd,00000,Växjö,Kronoberg,Växjö,BOX 427,351 06,VÄXJÖ,startaforetag@fortnox.se,,Har aldrig varit registrerad för F-skatt,Har aldrig varit registrerad för moms,Har aldrig varit registrerad som arbetsgivare,0 anställda,Postadress är OK,"Tar emot reklam, ej telefonnummerspärrat"
5595794610,165595794610,Grundbulten 160561 AB,,Övriga aktiebolag,Privat,2026-04-07,,,Normalläge,Har aldrig varit verksam,Okänd,00000,Växjö,Kronoberg,Växjö,BOX 427,351 06,VÄXJÖ,startaforetag@fortnox.se,,Har aldrig varit registrerad för F-skatt,Har aldrig varit registrerad för moms,Har aldrig varit registrerad som arbetsgivare,0 anställda,Postadress är OK,"Tar emot reklam, ej telefonnummerspärrat"
5595794628,165595794628,Grundbulten 160566 AB,,Övriga aktiebolag,Privat,2026-04-07,,,Normalläge,Har aldrig varit verksam,Okänd,00000,Växjö,Kronoberg,Växjö,BOX 427,351 06,VÄXJÖ,startaforetag@fortnox.se,,Har aldrig varit registrerad för F-skatt,Har aldrig varit registrerad för moms,Har aldrig varit registrerad som arbetsgivare,0 anställda,Postadress är OK,"Tar emot reklam, ej telefonnummerspärrat"
5595794636,165595794636,Grundbulten 160567 AB,,Övriga aktiebolag,Privat,2026-04-07,,,Normalläge,Har aldrig varit verksam,Okänd,00000,Växjö,Kronoberg,Växjö,BOX 427,351 06,VÄXJÖ,startaforetag@fortnox.se,,Har aldrig varit registrerad för F-skatt,Har aldrig varit registrerad för moms,Har aldrig varit registrerad som arbetsgivare,0 anställda,Postadress är OK,"Tar emot reklam, ej telefonnummerspärrat"
5595794644,165595794644,Grundbulten 160564 AB,,Övriga aktiebolag,Privat,2026-04-07,,,Normalläge,Har aldrig varit verksam,Okänd,00000,Växjö,Kronoberg,Växjö,BOX 427,351 06,VÄXJÖ,startaforetag@fortnox.se,,Har aldrig varit registrerad för F-skatt,Har aldrig varit registrerad för moms,Har aldrig varit registrerad som arbetsgivare,0 anställda,Postadress är OK,"Tar emot reklam, ej telefonnummerspärrat"
5595794651,165595794651,Grundbulten 160565 AB,,Övriga aktiebolag,Privat,2026-04-07,,,Normalläge,Har aldrig varit verksam,Okänd,00000,Växjö,Kronoberg,Växjö,BOX 427,351 06,VÄXJÖ,startaforetag@fortnox.se,,Har aldrig varit registrerad för F-skatt,Har aldrig varit registrerad för moms,Har aldrig varit registrerad som arbetsgivare,0 anställda,Postadress är OK,"Tar emot reklam, ej telefonnummerspärrat"
5595794669,165595794669,Grundbulten 160570 AB,,Övriga aktiebolag,Privat,2026-04-07,,,Normalläge,Har aldrig varit verksam,Okänd,00000,Växjö,Kronoberg,Växjö,BOX 427,351 06,VÄXJÖ,startaforetag@fortnox.se,,Har aldrig varit registrerad för F-skatt,Har aldrig varit registrerad för moms,Har aldrig varit registrerad som arbetsgivare,0 anställda,Postadress är OK,"Tar emot reklam, ej telefonnummerspärrat"
5595794677,165595794677,Grundbulten 160571 AB,,Övriga aktiebolag,Privat,2026-04-07,,,Normalläge,Har aldrig varit verksam,Okänd,00000,Växjö,Kronoberg,Växjö,BOX 427,351 06,VÄXJÖ,startaforetag@fortnox.se,,Har aldrig varit registrerad för F-skatt,Har aldrig varit registrerad för moms,Har aldrig varit registrerad som arbetsgivare,0 anställda,Postadress är OK,"Tar emot reklam, ej telefonnummerspärrat"
5595794685,165595794685,Grundbulten 160568 AB,,Övriga aktiebolag,Privat,2026-04-07,,,Normalläge,Har aldrig varit verksam,Okänd,00000,Växjö,Kronoberg,Växjö,BOX 427,351 06,VÄXJÖ,startaforetag@fortnox.se,,Har aldrig varit registrerad för F-skatt,Har aldrig varit registrerad för moms,Har aldrig varit registrerad som arbetsgivare,0 anställda,Postadress är OK,"Tar emot reklam, ej telefonnummerspärrat"
5595794693,165595794693,Grundbulten 160569 AB,,Övriga aktiebolag,Privat,2026-04-07,,,Normalläge,Har aldrig varit verksam,Okänd,00000,Växjö,Kronoberg,Växjö,BOX 427,351 06,VÄXJÖ,startaforetag@fortnox.se,,Har aldrig varit registrerad för F-skatt,Har aldrig varit registrerad för moms,Har aldrig varit registrerad som arbetsgivare,0 anställda,Postadress är OK,"Tar emot reklam, ej telefonnummerspärrat"
5595794701,165595794701,Grundbulten 160574 AB,,Övriga aktiebolag,Privat,2026-04-07,,,Normalläge,Har aldrig varit verksam,Okänd,00000,Växjö,Kronoberg,Växjö,BOX 427,351 06,VÄXJÖ,startaforetag@fortnox.se,,Har aldrig varit registrerad för F-skatt,Har aldrig varit registrerad för moms,Har aldrig varit registrerad som arbetsgivare,0 anställda,Postadress är OK,"Tar emot reklam, ej telefonnummerspärrat"
5595794719,165595794719,Grundbulten 160572 AB,,Övriga aktiebolag,Privat,2026-04-07,,,Normalläge,Har aldrig varit verksam,Okänd,00000,Växjö,Kronoberg,Växjö,BOX 427,351 06,VÄXJÖ,startaforetag@fortnox.se,,Har aldrig varit registrerad för F-skatt,Har aldrig varit registrerad för moms,Har aldrig varit registrerad som arbetsgivare,0 anställda,Postadress är OK,"Tar emot reklam, ej telefonnummerspärrat"
5595794727,165595794727,Grundbulten 160573 AB,,Övriga aktiebolag,Privat,2026-04-07,,,Normalläge,Har aldrig varit verksam,Okänd,00000,Växjö,Kronoberg,Växjö,BOX 427,351 06,VÄXJÖ,startaforetag@fortnox.se,,Har aldrig varit registrerad för F-skatt,Har aldrig varit registrerad för moms,Har aldrig varit registrerad som arbetsgivare,0 anställda,Postadress är OK,"Tar emot reklam, ej telefonnummerspärrat"
5595794735,165595794735,Grundbulten 160526 AB,,Övriga aktiebolag,Privat,2026-04-07,,,Normalläge,Har aldrig varit verksam,Okänd,00000,Växjö,Kronoberg,Växjö,BOX 427,351 06,VÄXJÖ,startaforetag@fortnox.se,,Har aldrig varit registrerad för F-skatt,Har aldrig varit registrerad för moms,Har aldrig varit registrerad som arbetsgivare,0 anställda,Postadress är OK,"Tar emot reklam, ej telefonnummerspärrat"
5595794743,165595794743,Grundbulten 160527 AB,,Övriga aktiebolag,Privat,2026-04-07,,,Normalläge,Har aldrig varit verksam,Okänd,00000,Växjö,Kronoberg,Växjö,BOX 427,351 06,VÄXJÖ,startaforetag@fortnox.se,,Har aldrig varit registrerad för F-skatt,Har aldrig varit registrerad för moms,Har aldrig varit registrerad som arbetsgivare,0 anställda,Postadress är OK,"Tar emot reklam, ej telefonnummerspärrat"
5595794750,165595794750,Grundbulten 160525 AB,,Övriga aktiebolag,Privat,2026-04-07,,,Normalläge,Har aldrig varit verksam,Okänd,00000,Växjö,Kronoberg,Växjö,BOX 427,351 06,VÄXJÖ,startaforetag@fortnox.se,,Har aldrig varit registrerad för F-skatt,Har aldrig varit registrerad för moms,Har aldrig varit registrerad som arbetsgivare,0 anställda,Postadress är OK,"Tar emot reklam, ej telefonnummerspärrat"
5595794768,165595794768,Grundbulten 160530 AB,,Övriga aktiebolag,Privat,2026-04-07,,,Normalläge,Har aldrig varit verksam,Okänd,00000,Växjö,Kronoberg,Växjö,BOX 427,351 06,VÄXJÖ,startaforetag@fortnox.se,,Har aldrig varit registrerad för F-skatt,Har aldrig varit registrerad för moms,Har aldrig varit registrerad som arbetsgivare,0 anställda,Postadress är OK,"Tar emot reklam, ej telefonnummerspärrat"
5595794776,165595794776,Grundbulten 160531 AB,,Övriga aktiebolag,Privat,2026-04-07,,,Normalläge,Har aldrig varit verksam,Okänd,00000,Växjö,Kronoberg,Växjö,BOX 427,351 06,VÄXJÖ,startaforetag@fortnox.se,,Har aldrig varit registrerad för F-skatt,Har aldrig varit registrerad för moms,Har aldrig varit registrerad som arbetsgivare,0 anställda,Postadress är OK,"Tar emot reklam, ej telefonnummerspärrat"
5595794784,165595794784,Grundbulten 160528 AB,,Övriga aktiebolag,Privat,2026-04-07,,,Normalläge,Har aldrig varit verksam,Okänd,00000,Växjö,Kronoberg,Växjö,BOX 427,351 06,VÄXJÖ,startaforetag@fortnox.se,,Har aldrig varit registrerad för F-skatt,Har aldrig varit registrerad för moms,Har aldrig varit registrerad som arbetsgivare,0 anställda,Postadress är OK,"Tar emot reklam, ej telefonnummerspärrat"
5595794792,165595794792,Grundbulten 160529 AB,,Övriga aktiebolag,Privat,2026-04-07,,,Normalläge,Har aldrig varit verksam,Okänd,00000,Växjö,Kronoberg,Växjö,BOX 427,351 06,VÄXJÖ,startaforetag@fortnox.se,,Har aldrig varit registrerad för F-skatt,Har aldrig varit registrerad för moms,Har aldrig varit registrerad som arbetsgivare,0 anställda,Postadress är OK,"Tar emot reklam, ej telefonnummerspärrat"
5595794800,165595794800,Grundbulten 160534 AB,,Övriga aktiebolag,Privat,2026-04-07,,,Normalläge,Har aldrig varit verksam,Okänd,00000,Växjö,Kronoberg,Växjö,BOX 427,351 06,VÄXJÖ,startaforetag@fortnox.se,,Har aldrig varit registrerad för F-skatt,Har aldrig varit registrerad för moms,Har aldrig varit registrerad som arbetsgivare,0 anställda,Postadress är OK,"Tar emot reklam, ej telefonnummerspärrat"
5595794818,165595794818,Grundbulten 160535 AB,,Övriga aktiebolag,Privat,2026-04-07,,,Normalläge,Har aldrig varit verksam,Okänd,00000,Växjö,Kronoberg,Växjö,BOX 427,351 06,VÄXJÖ,,,Har aldrig varit registrerad för F-skatt,Har aldrig varit registrerad för moms,Har aldrig varit registrerad som arbetsgivare,0 anställda,Postadress är OK,"Tar emot reklam, ej telefonnummerspärrat"
5595794826,165595794826,Grundbulten 160532 AB,,Övriga aktiebolag,Privat,2026-04-07,,,Normalläge,Har aldrig varit verksam,Okänd,00000,Växjö,Kronoberg,Växjö,BOX 427,351 06,VÄXJÖ,startaforetag@fortnox.se,,Har aldrig varit registrerad för F-skatt,Har aldrig varit registrerad för moms,Har aldrig varit registrerad som arbetsgivare,0 anställda,Postadress är OK,"Tar emot reklam, ej telefonnummerspärrat"
5595794834,165595794834,Grundbulten 160533 AB,,Övriga aktiebolag,Privat,2026-04-07,,,Normalläge,Har aldrig varit verksam,Okänd,00000,Växjö,Kronoberg,Växjö,BOX 427,351 06,VÄXJÖ,startaforetag@fortnox.se,,Har aldrig varit registrerad för F-skatt,Har aldrig varit registrerad för moms,Har aldrig varit registrerad som arbetsgivare,0 anställda,Postadress är OK,"Tar emot reklam, ej telefonnummerspärrat"
5595794842,165595794842,Grundbulten 160538 AB,,Övriga aktiebolag,Privat,2026-04-07,,,Normalläge,Har aldrig varit verksam,Okänd,00000,Växjö,Kronoberg,Växjö,BOX 427,351 06,VÄXJÖ,startaforetag@fortnox.se,,Har aldrig varit registrerad för F-skatt,Har aldrig varit registrerad för moms,Har aldrig varit registrerad som arbetsgivare,0 anställda,Postadress är OK,"Tar emot reklam, ej telefonnummerspärrat"
5595794859,165595794859,Grundbulten 160539 AB,,Övriga aktiebolag,Privat,2026-04-07,,,Normalläge,Har aldrig varit verksam,Okänd,00000,Växjö,Kronoberg,Växjö,BOX 427,351 06,VÄXJÖ,startaforetag@fortnox.se,,Har aldrig varit registrerad för F-skatt,Har aldrig varit registrerad för moms,Har aldrig varit registrerad som arbetsgivare,0 anställda,Postadress är OK,"Tar emot reklam, ej telefonnummerspärrat"
5595794867,165595794867,Grundbulten 160536 AB,,Övriga aktiebolag,Privat,2026-04-07,,,Normalläge,Har aldrig varit verksam,Okänd,00000,Växjö,Kronoberg,Växjö,BOX 427,351 06,VÄXJÖ,startaforetag@fortnox.se,,Har aldrig varit registrerad för F-skatt,Har aldrig varit registrerad för moms,Har aldrig varit registrerad som arbetsgivare,0 anställda,Postadress är OK,"Tar emot reklam, ej telefonnummerspärrat"
5595794875,165595794875,Grundbulten 160537 AB,,Övriga aktiebolag,Privat,2026-04-07,,,Normalläge,Har aldrig varit verksam,Okänd,00000,Växjö,Kronoberg,Växjö,BOX 427,351 06,VÄXJÖ,startaforetag@fortnox.se,,Har aldrig varit registrerad för F-skatt,Har aldrig varit registrerad för moms,Har aldrig varit registrerad som arbetsgivare,0 anställda,Postadress är OK,"Tar emot reklam, ej telefonnummerspärrat"
5595794883,165595794883,Grundbulten 160542 AB,,Övriga aktiebolag,Privat,2026-04-07,,,Normalläge,Har aldrig varit verksam,Okänd,00000,Växjö,Kronoberg,Växjö,BOX 427,351 06,VÄXJÖ,startaforetag@fortnox.se,,Har aldrig varit registrerad för F-skatt,Har aldrig varit registrerad för moms,Har aldrig varit registrerad som arbetsgivare,0 anställda,Postadress är OK,"Tar emot reklam, ej telefonnummerspärrat"
5595794891,165595794891,Grundbulten 160543 AB,,Övriga aktiebolag,Privat,2026-04-07,,,Normalläge,Har aldrig varit verksam,Okänd,00000,Växjö,Kronoberg,Växjö,BOX 427,351 06,VÄXJÖ,startaforetag@fortnox.se,,Har aldrig varit registrerad för F-skatt,Har aldrig varit registrerad för moms,Har aldrig varit registrerad som arbetsgivare,0 anställda,Postadress är OK,"Tar emot reklam, ej telefonnummerspärrat"
5595794909,165595794909,Grundbulten 160540 AB,,Övriga aktiebolag,Privat,2026-04-07,,,Normalläge,Har aldrig varit verksam,Okänd,00000,Växjö,Kronoberg,Växjö,BOX 427,351 06,VÄXJÖ,startaforetag@fortnox.se,,Har aldrig varit registrerad för F-skatt,Har aldrig varit registrerad för moms,Har aldrig varit registrerad som arbetsgivare,0 anställda,Postadress är OK,"Tar emot reklam, ej telefonnummerspärrat"
5595794917,165595794917,Grundbulten 160541 AB,,Övriga aktiebolag,Privat,2026-04-07,,,Normalläge,Har aldrig varit verksam,Okänd,00000,Växjö,Kronoberg,Växjö,BOX 427,351 06,VÄXJÖ,startaforetag@fortnox.se,,Har aldrig varit registrerad för F-skatt,Har aldrig varit registrerad för moms,Har aldrig varit registrerad som arbetsgivare,0 anställda,Postadress är OK,"Tar emot reklam, ej telefonnummerspärrat"
5595794925,165595794925,Grundbulten 160546 AB,,Övriga aktiebolag,Privat,2026-04-07,,,Normalläge,Har aldrig varit verksam,Okänd,00000,Växjö,Kronoberg,Växjö,BOX 427,351 06,VÄXJÖ,startaforetag@fortnox.se,,Har aldrig varit registrerad för F-skatt,Har aldrig varit registrerad för moms,Har aldrig varit registrerad som arbetsgivare,0 anställda,Postadress är OK,"Tar emot reklam, ej telefonnummerspärrat"
5595794933,165595794933,Grundbulten 160547 AB,,Övriga aktiebolag,Privat,2026-04-07,,,Normalläge,Har aldrig varit verksam,Okänd,00000,Växjö,Kronoberg,Växjö,BOX 427,351 06,VÄXJÖ,startaforetag@fortnox.se,,Har aldrig varit registrerad för F-skatt,Har aldrig varit registrerad för moms,Har aldrig varit registrerad som arbetsgivare,0 anställda,Postadress är OK,"Tar emot reklam, ej telefonnummerspärrat"
5595794941,165595794941,Grundbulten 160544 AB,,Övriga aktiebolag,Privat,2026-04-07,,,Normalläge,Har aldrig varit verksam,Okänd,00000,Växjö,Kronoberg,Växjö,BOX 427,351 06,VÄXJÖ,startaforetag@fortnox.se,,Har aldrig varit registrerad för F-skatt,Har aldrig varit registrerad för moms,Har aldrig varit registrerad som arbetsgivare,0 anställda,Postadress är OK,"Tar emot reklam, ej telefonnummerspärrat"
5595794958,165595794958,Grundbulten 160545 AB,,Övriga aktiebolag,Privat,2026-04-07,,,Normalläge,Har aldrig varit verksam,Okänd,00000,Växjö,Kronoberg,Växjö,BOX 427,351 06,VÄXJÖ,startaforetag@fortnox.se,,Har aldrig varit registrerad för F-skatt,Har aldrig varit registrerad för moms,Har aldrig varit registrerad som arbetsgivare,0 anställda,Postadress är OK,"Tar emot reklam, ej telefonnummerspärrat"
5595794966,165595794966,Grundbulten 160548 AB,,Övriga aktiebolag,Privat,2026-04-07,,,Normalläge,Har aldrig varit verksam,Okänd,00000,Växjö,Kronoberg,Växjö,BOX 427,351 06,VÄXJÖ,startaforetag@fortnox.se,,Har aldrig varit registrerad för F-skatt,Har aldrig varit registrerad för moms,Har aldrig varit registrerad som arbetsgivare,0 anställda,Postadress är OK,"Tar emot reklam, ej telefonnummerspärrat"
5595794974,165595794974,Grundbulten 160549 AB,,Övriga aktiebolag,Privat,2026-04-07,,,Normalläge,Har aldrig varit verksam,Okänd,00000,Växjö,Kronoberg,Växjö,BOX 427,351 06,VÄXJÖ,startaforetag@fortnox.se,,Har aldrig varit registrerad för F-skatt,Har aldrig varit registrerad för moms,Har aldrig varit registrerad som arbetsgivare,0 anställda,Postadress är OK,"Tar emot reklam, ej telefonnummerspärrat"
5595794982,165595794982,Grundbulten 160514 AB,,Övriga aktiebolag,Privat,2026-04-07,,,Normalläge,Har aldrig varit verksam,Okänd,00000,Växjö,Kronoberg,Växjö,BOX 427,351 06,VÄXJÖ,startaforetag@fortnox.se,,Har aldrig varit registrerad för F-skatt,Har aldrig varit registrerad för moms,Har aldrig varit registrerad som arbetsgivare,0 anställda,Postadress är OK,"Tar emot reklam, ej telefonnummerspärrat"
5595794990,165595794990,Grundbulten 160515 AB,,Övriga aktiebolag,Privat,2026-04-07,,,Normalläge,Har aldrig varit verksam,Okänd,00000,Växjö,Kronoberg,Växjö,BOX 427,351 06,VÄXJÖ,startaforetag@fortnox.se,,Har aldrig varit registrerad för F-skatt,Har aldrig varit registrerad för moms,Har aldrig varit registrerad som arbetsgivare,0 anställda,Postadress är OK,"Tar emot reklam, ej telefonnummerspärrat"
5595795005,165595795005,Grundbulten 160512 AB,,Övriga aktiebolag,Privat,2026-04-07,,,Normalläge,Har aldrig varit verksam,Okänd,00000,Växjö,Kronoberg,Växjö,BOX 427,351 06,VÄXJÖ,startaforetag@fortnox.se,,Har aldrig varit registrerad för F-skatt,Har aldrig varit registrerad för moms,Har aldrig varit registrerad som arbetsgivare,0 anställda,Postadress är OK,"Tar emot reklam, ej telefonnummerspärrat"
5595795013,165595795013,Grundbulten 160513 AB,,Övriga aktiebolag,Privat,2026-04-07,,,Normalläge,Har aldrig varit verksam,Okänd,00000,Växjö,Kronoberg,Växjö,BOX 427,351 06,VÄXJÖ,startaforetag@fortnox.se,,Har aldrig varit registrerad för F-skatt,Har aldrig varit registrerad för moms,Har aldrig varit registrerad som arbetsgivare,0 anställda,Postadress är OK,"Tar emot reklam, ej telefonnummerspärrat"
5595795021,165595795021,Grundbulten 160518 AB,,Övriga aktiebolag,Privat,2026-04-07,,,Normalläge,Har aldrig varit verksam,Okänd,00000,Växjö,Kronoberg,Växjö,BOX 427,351 06,VÄXJÖ,startaforetag@fortnox.se,,Har aldrig varit registrerad för F-skatt,Har aldrig varit registrerad för moms,Har aldrig varit registrerad som arbetsgivare,0 anställda,Postadress är OK,"Tar emot reklam, ej telefonnummerspärrat"
5595795039,165595795039,Grundbulten 160519 AB,,Övriga aktiebolag,Privat,2026-04-07,,,Normalläge,Har aldrig varit verksam,Okänd,00000,Växjö,Kronoberg,Växjö,BOX 427,351 06,VÄXJÖ,startaforetag@fortnox.se,,Har aldrig varit registrerad för F-skatt,Har aldrig varit registrerad för moms,Har aldrig varit registrerad som arbetsgivare,0 anställda,Postadress är OK,"Tar emot reklam, ej telefonnummerspärrat"
5595795047,165595795047,Grundbulten 160516 AB,,Övriga aktiebolag,Privat,2026-04-07,,,Normalläge,Har aldrig varit verksam,Okänd,00000,Växjö,Kronoberg,Växjö,BOX 427,351 06,VÄXJÖ,startaforetag@fortnox.se,,Har aldrig varit registrerad för F-skatt,Har aldrig varit registrerad för moms,Har aldrig varit registrerad som arbetsgivare,0 anställda,Postadress är OK,"Tar emot reklam, ej telefonnummerspärrat"
5595795054,165595795054,Grundbulten 160517 AB,,Övriga aktiebolag,Privat,2026-04-07,,,Normalläge,Har aldrig varit verksam,Okänd,00000,Växjö,Kronoberg,Växjö,BOX 427,351 06,VÄXJÖ,startaforetag@fortnox.se,,Har aldrig varit registrerad för F-skatt,Har aldrig varit registrerad för moms,Har aldrig varit registrerad som arbetsgivare,0 anställda,Postadress är OK,"Tar emot reklam, ej telefonnummerspärrat"
5595795062,165595795062,Grundbulten 160522 AB,,Övriga aktiebolag,Privat,2026-04-07,,,Normalläge,Har aldrig varit verksam,Okänd,00000,Växjö,Kronoberg,Växjö,BOX 427,351 06,VÄXJÖ,startaforetag@fortnox.se,,Har aldrig varit registrerad för F-skatt,Har aldrig varit registrerad för moms,Har aldrig varit registrerad som arbetsgivare,0 anställda,Postadress är OK,"Tar emot reklam, ej telefonnummerspärrat"
5595795070,165595795070,Grundbulten 160523 AB,,Övriga aktiebolag,Privat,2026-04-07,,,Normalläge,Har aldrig varit verksam,Okänd,00000,Växjö,Kronoberg,Växjö,BOX 427,351 06,VÄXJÖ,startaforetag@fortnox.se,,Har aldrig varit registrerad för F-skatt,Har aldrig varit registrerad för moms,Har aldrig varit registrerad som arbetsgivare,0 anställda,Postadress är OK,"Tar emot reklam, ej telefonnummerspärrat"
5595795088,165595795088,Grundbulten 160520 AB,,Övriga aktiebolag,Privat,2026-04-07,,,Normalläge,Har aldrig varit verksam,Okänd,00000,Växjö,Kronoberg,Växjö,BOX 427,351 06,VÄXJÖ,startaforetag@fortnox.se,,Har aldrig varit registrerad för F-skatt,Har aldrig varit registrerad för moms,Har aldrig varit registrerad som arbetsgivare,0 anställda,Postadress är OK,"Tar emot reklam, ej telefonnummerspärrat"
5595795096,165595795096,Grundbulten 160521 AB,,Övriga aktiebolag,Privat,2026-04-07,,,Normalläge,Har aldrig varit verksam,Okänd,00000,Växjö,Kronoberg,Växjö,BOX 427,351 06,VÄXJÖ,startaforetag@fortnox.se,,Har aldrig varit registrerad för F-skatt,Har aldrig varit registrerad för moms,Har aldrig varit registrerad som arbetsgivare,0 anställda,Postadress är OK,"Tar emot reklam, ej telefonnummerspärrat"
5595795104,165595795104,Grundbulten 160524 AB,,Övriga aktiebolag,Privat,2026-04-07,,,Normalläge,Har aldrig varit verksam,Okänd,00000,Växjö,Kronoberg,Växjö,BOX 427,351 06,VÄXJÖ,startaforetag@fortnox.se,,Har aldrig varit registrerad för F-skatt,Har aldrig varit registrerad för moms,Har aldrig varit registrerad som arbetsgivare,0 anställda,Postadress är OK,"Tar emot reklam, ej telefonnummerspärrat"
5595795112,165595795112,Grundbulten 160502 AB,,Övriga aktiebolag,Privat,2026-04-07,,,Normalläge,Har aldrig varit verksam,Okänd,00000,Växjö,Kronoberg,Växjö,BOX 427,351 06,VÄXJÖ,startaforetag@fortnox.se,,Har aldrig varit registrerad för F-skatt,Har aldrig varit registrerad för moms,Har aldrig varit registrerad som arbetsgivare,0 anställda,Postadress är OK,"Tar emot reklam, ej telefonnummerspärrat"
5595795120,165595795120,Grundbulten 160503 AB,,Övriga aktiebolag,Privat,2026-04-07,,,Normalläge,Har aldrig varit verksam,Okänd,00000,Växjö,Kronoberg,Växjö,BOX 427,351 06,VÄXJÖ,startaforetag@fortnox.se,,Har aldrig varit registrerad för F-skatt,Har aldrig varit registrerad för moms,Har aldrig varit registrerad som arbetsgivare,0 anställda,Postadress är OK,"Tar emot reklam, ej telefonnummerspärrat"
5595795138,165595795138,Grundbulten 160501 AB,,Övriga aktiebolag,Privat,2026-04-07,,,Normalläge,Har aldrig varit verksam,Okänd,00000,Växjö,Kronoberg,Växjö,BOX 427,351 06,VÄXJÖ,startaforetag@fortnox.se,,Har aldrig varit registrerad för F-skatt,Har aldrig varit registrerad för moms,Har aldrig varit registrerad som arbetsgivare,0 anställda,Postadress är OK,"Tar emot reklam, ej telefonnummerspärrat"
5595795146,165595795146,Grundbulten 160506 AB,,Övriga aktiebolag,Privat,2026-04-07,,,Normalläge,Har aldrig varit verksam,Okänd,00000,Växjö,Kronoberg,Växjö,BOX 427,351 06,VÄXJÖ,startaforetag@fortnox.se,,Har aldrig varit registrerad för F-skatt,Har aldrig varit registrerad för moms,Har aldrig varit registrerad som arbetsgivare,0 anställda,Postadress är OK,"Tar emot reklam, ej telefonnummerspärrat"
5595795153,165595795153,Grundbulten 160507 AB,,Övriga aktiebolag,Privat,2026-04-07,,,Normalläge,Har aldrig varit verksam,Okänd,00000,Växjö,Kronoberg,Växjö,BOX 427,351 06,VÄXJÖ,startaforetag@fortnox.se,,Har aldrig varit registrerad för F-skatt,Har aldrig varit registrerad för moms,Har aldrig varit registrerad som arbetsgivare,0 anställda,Postadress är OK,"Tar emot reklam, ej telefonnummerspärrat"
5595795161,165595795161,Grundbulten 160504 AB,,Övriga aktiebolag,Privat,2026-04-07,,,Normalläge,Har aldrig varit verksam,Okänd,00000,Växjö,Kronoberg,Växjö,BOX 427,351 06,VÄXJÖ,startaforetag@fortnox.se,,Har aldrig varit registrerad för F-skatt,Har aldrig varit registrerad för moms,Har aldrig varit registrerad som arbetsgivare,0 anställda,Postadress är OK,"Tar emot reklam, ej telefonnummerspärrat"
5595795179,165595795179,Grundbulten 160505 AB,,Övriga aktiebolag,Privat,2026-04-07,,,Normalläge,Har aldrig varit verksam,Okänd,00000,Växjö,Kronoberg,Växjö,BOX 427,351 06,VÄXJÖ,startaforetag@fortnox.se,,Har aldrig varit registrerad för F-skatt,Har aldrig varit registrerad för moms,Har aldrig varit registrerad som arbetsgivare,0 anställda,Postadress är OK,"Tar emot reklam, ej telefonnummerspärrat"
5595795187,165595795187,Grundbulten 160510 AB,,Övriga aktiebolag,Privat,2026-04-07,,,Normalläge,Har aldrig varit verksam,Okänd,00000,Växjö,Kronoberg,Växjö,BOX 427,351 06,VÄXJÖ,startaforetag@fortnox.se,,Har aldrig varit registrerad för F-skatt,Har aldrig varit registrerad för moms,Har aldrig varit registrerad som arbetsgivare,0 anställda,Postadress är OK,"Tar emot reklam, ej telefonnummerspärrat"
5595795195,165595795195,Grundbulten 160511 AB,,Övriga aktiebolag,Privat,2026-04-07,,,Normalläge,Har aldrig varit verksam,Okänd,00000,Växjö,Kronoberg,Växjö,BOX 427,351 06,VÄXJÖ,startaforetag@fortnox.se,,Har aldrig varit registrerad för F-skatt,Har aldrig varit registrerad för moms,Har aldrig varit registrerad som arbetsgivare,0 anställda,Postadress är OK,"Tar emot reklam, ej telefonnummerspärrat"
5595795203,165595795203,Grundbulten 160508 AB,,Övriga aktiebolag,Privat,2026-04-07,,,Normalläge,Har aldrig varit verksam,Okänd,00000,Växjö,Kronoberg,Växjö,BOX 427,351 06,VÄXJÖ,startaforetag@fortnox.se,,Har aldrig varit registrerad för F-skatt,Har aldrig varit registrerad för moms,Har aldrig varit registrerad som arbetsgivare,0 anställda,Postadress är OK,"Tar emot reklam, ej telefonnummerspärrat"
5595795211,165595795211,Grundbulten 160509 AB,,Övriga aktiebolag,Privat,2026-04-07,,,Normalläge,Har aldrig varit verksam,Okänd,00000,Växjö,Kronoberg,Växjö,BOX 427,351 06,VÄXJÖ,startaforetag@fortnox.se,,Har aldrig varit registrerad för F-skatt,Har aldrig varit registrerad för moms,Har aldrig varit registrerad som arbetsgivare,0 anställda,Postadress är OK,"Tar emot reklam, ej telefonnummerspärrat"
5595795229,165595795229,Grundbulten 160500 AB,,Övriga aktiebolag,Privat,2026-04-07,,,Normalläge,Har aldrig varit verksam,Okänd,00000,Växjö,Kronoberg,Växjö,BOX 427,351 06,VÄXJÖ,startaforetag@fortnox.se,,Har aldrig varit registrerad för F-skatt,Har aldrig varit registrerad för moms,Har aldrig varit registrerad som arbetsgivare,0 anställda,Postadress är OK,"Tar emot reklam, ej telefonnummerspärrat"
5595795237,165595795237,Svenska Hälsoverket AB,,Övriga aktiebolag,Privat,2026-04-07,,,Normalläge,Har aldrig varit verksam,Okänd,00000,Karlskoga,Örebro,Karlskoga,SKRANTABACKEN 15,691 42,KARLSKOGA,stankovicfilip@outlook.com,,Har aldrig varit registrerad för F-skatt,Har aldrig varit registrerad för moms,Har aldrig varit registrerad som arbetsgivare,0 anställda,Postadress är OK,"Tar emot reklam, ej telefonnummerspärrat"
5595795245,165595795245,Österlen Kloak teknik AB,,Övriga aktiebolag,Privat,2026-04-07,2026-04-13,,Normalläge,Är verksam,"Allmännyttiga anläggningsarbeten för värme, vatten och avlopp",42210,Tomelilla,Skåne,Ystad/Simrishamn,INGENJÖRSGATAN 12,273 33,TOMELILLA,daniel@tomelilla.nu,,Är registrerad för F-skatt,Är registrerad för moms,Är registrerad som vanlig arbetsgivare,1-9 anställda,Postadress är OK,"Tar emot reklam, ej telefonnummerspärrat"
5595795252,165595795252,Sand Consulting AB,,Övriga aktiebolag,Privat,2026-04-07,,,Normalläge,Har aldrig varit verksam,Okänd,00000,Malmö,Skåne,Malmö/Lund/Trelleborg,KILGATAN 13,211 75,MALMÖ,peters@fruktservice.se,,Har aldrig varit registrerad för F-skatt,Har aldrig varit registrerad för moms,Har aldrig varit registrerad som arbetsgivare,0 anställda,Postadress är OK,"Tar emot reklam, ej telefonnummerspärrat"
5595795260,165595795260,TG Consulting AB,,Övriga aktiebolag,Privat,2026-04-07,2026-04-13,,Normalläge,Är verksam,Övrig säkerhetsverksamhet,80090,Helsingborg,Skåne,Helsingborg/Landskrona,VILDROSGATAN 44,254 59,HELSINGBORG,Teddygunnarsson@hotmail.com,,Är registrerad för F-skatt,Är registrerad för moms,Har aldrig varit registrerad som arbetsgivare,0 anställda,Postadress är OK,"Tar emot reklam, ej telefonnummerspärrat"
5595795278,165595795278,Psykolog Petra Linnsand AB,,Övriga aktiebolag,Privat,2026-04-07,,,Normalläge,Har aldrig varit verksam,Okänd,00000,Mölndal,Västra Götaland,Göteborg,ÖSTRA EKLANDA HÖJD 31,431 59,MÖLNDAL,petralinnsand@gmail.com,,Har aldrig varit registrerad för F-skatt,Har aldrig varit registrerad för moms,Har aldrig varit registrerad som arbetsgivare,0 anställda,Postadress är OK,"Tar emot reklam, ej telefonnummerspärrat"
5595795286,165595795286,Kobjers Bageri AB,,Övriga aktiebolag,Privat,2026-04-07,2026-04-13,,Normalläge,Är verksam,Tillverkning av mjukt matbröd och färska bakverk,10710,Lund,Skåne,Malmö/Lund/Trelleborg,ROSENSTIGEN 13,261 93,SAXTORP,,,Är registrerad för F-skatt,Är registrerad för moms,Har aldrig varit registrerad som arbetsgivare,0 anställda,Postadress är OK,"Tar emot reklam, ej telefonnummerspärrat"
5595795294,165595795294,Foreverus Production AB,,Övriga aktiebolag,Privat,2026-04-07,,,Normalläge,Har aldrig varit verksam,Okänd,00000,Nacka,Stockholm,Stockholm/Södertälje,LÖNNLÖVSVÄGEN 7 B,132 51,SALTSJÖ-BOO,sagaspjuthsall@gmail.com,,Har aldrig varit registrerad för F-skatt,Har aldrig varit registrerad för moms,Har aldrig varit registrerad som arbetsgivare,0 anställda,Postadress är OK,"Tar emot reklam, ej telefonnummerspärrat"
5595795302,165595795302,Laurell Fastighet & Kulturmiljö AB,,Övriga aktiebolag,Privat,2026-04-07,,,Normalläge,Har aldrig varit verksam,Okänd,00000,Lund,Skåne,Malmö/Lund/Trelleborg,STORA ALGATAN 10,223 50,LUND,clark@laurell.se,,Har aldrig varit registrerad för F-skatt,Har aldrig varit registrerad för moms,Har aldrig varit registrerad som arbetsgivare,0 anställda,Postadress är OK,"Tar emot reklam, ej telefonnummerspärrat"
5595795310,165595795310,Tailwave AB,,Övriga aktiebolag,Privat,2026-04-07,,,Normalläge,Har aldrig varit verksam,Okänd,00000,Habo,Jönköping,Jönköping,HOLMEN 27,566 91,HABO,,,Har aldrig varit registrerad för F-skatt,Har aldrig varit registrerad för moms,Har aldrig varit registrerad som arbetsgivare,0 anställda,Postadress är OK,"Tar emot reklam, ej telefonnummerspärrat"
5595795328,165595795328,Lauri Engineering AB,,Övriga aktiebolag,Privat,2026-04-07,,,Normalläge,Har aldrig varit verksam,Okänd,00000,Linköping,Östergötland,Linköping,KUNGSBERGET 6,582 53,LINKÖPING,andre.lauri@outlook.com,,Har aldrig varit registrerad för F-skatt,Har aldrig varit registrerad för moms,Har aldrig varit registrerad som arbetsgivare,0 anställda,Postadress är OK,"Tar emot reklam, ej telefonnummerspärrat"
5595795336,165595795336,SportsQ AB,,Övriga aktiebolag,Privat,2026-04-07,,,Normalläge,Har aldrig varit verksam,Okänd,00000,Malmö,Skåne,Malmö/Lund/Trelleborg,VÄSTRA STALLMÄSTAREGATAN 34 A,217 52,MALMÖ,hejonsson82@gmail.com,,Har aldrig varit registrerad för F-skatt,Har aldrig varit registrerad för moms,Har aldrig varit registrerad som arbetsgivare,0 anställda,Postadress är OK,"Tar emot reklam, ej telefonnummerspärrat"
5595795344,165595795344,Sydkustens Markservice AB,,Övriga aktiebolag,Privat,2026-04-07,,,Normalläge,Har aldrig varit verksam,Okänd,00000,Skurup,Skåne,Ystad/Simrishamn,KUSTVÄGEN 12,274 56,ABBEKÅS,k.williamsson@telia.com,,Har aldrig varit registrerad för F-skatt,Har aldrig varit registrerad för moms,Har aldrig varit registrerad som arbetsgivare,0 anställda,Postadress är OK,"Tar emot reklam, ej telefonnummerspärrat"
5595795351,165595795351,Karlstrand Relations AB,,Övriga aktiebolag,Privat,2026-04-07,,,Normalläge,Har aldrig varit verksam,Okänd,00000,Vänersborg,Västra Götaland,Trollhättan/Vänersborg,SOMMARHEMSVÄGEN 10 A,462 60,VÄNERSBORG,,,Har aldrig varit registrerad för F-skatt,Har aldrig varit registrerad för moms,Har aldrig varit registrerad som arbetsgivare,0 anställda,Postadress är OK,"Tar emot reklam, ej telefonnummerspärrat"
5595795369,165595795369,Mariestad Handelsfastigheter AB,,Övriga aktiebolag,Privat,2026-04-07,,,Normalläge,Har aldrig varit verksam,Okänd,00000,Kumla,Örebro,Örebro,NORRA MOSVÄGEN 2,692 22,KUMLA,klas@kmiab.se,,Har aldrig varit registrerad för F-skatt,Har aldrig varit registrerad för moms,Har aldrig varit registrerad som arbetsgivare,0 anställda,Postadress är OK,"Tar emot reklam, ej telefonnummerspärrat"
5595795377,165595795377,Kitt Happens Fönsterhantverk AB,,Övriga aktiebolag,Privat,2026-04-07,2026-04-13,,Normalläge,Är verksam,Byggnadssnickeriarbeten,43320,Nynäshamn,Stockholm,Stockholm/Södertälje,NEDER SÖDERBY 36,148 96,SORUNDA,emma.hagner@gmail.com,,Är registrerad för F-skatt,Är registrerad för moms,Är registrerad som vanlig arbetsgivare,1-9 anställda,Postadress är OK,"Tar emot reklam, ej telefonnummerspärrat"
5595795385,165595795385,JW Defence Business Strategy AB,,Övriga aktiebolag,Privat,2026-04-07,2026-04-13,,Normalläge,Är verksam,Konsultverksamhet avseende företags organisation,70200,Sollentuna,Stockholm,Stockholm/Södertälje,FORTUNAVÄGEN 1 D,191 35,SOLLENTUNA,,,Är registrerad för F-skatt,Är registrerad för moms,Har aldrig varit registrerad som arbetsgivare,0 anställda,Postadress är OK,"Tar emot reklam, ej telefonnummerspärrat"
5595795393,165595795393,Levene Industrifastigheter AB,,Övriga aktiebolag,Privat,2026-04-07,,,Normalläge,Har aldrig varit verksam,Okänd,00000,Vara,Västra Götaland,Lidköping/Skara,GRÖNA VÄGEN 5,534 73,STORA LEVENE,kontoret@bergeke.se,,Har aldrig varit registrerad för F-skatt,Har aldrig varit registrerad för moms,Har aldrig varit registrerad som arbetsgivare,0 anställda,Postadress är OK,"Tar emot reklam, ej telefonnummerspärrat"
5595795401,165595795401,Ölstugan Malmö AB,,Övriga aktiebolag,Privat,2026-04-07,,,Normalläge,Har aldrig varit verksam,Okänd,00000,Göteborg,Västra Götaland,Göteborg,LORENSBERGSGATAN 18,411 37,GÖTEBORG,mattias@olstugan.se,,Har aldrig varit registrerad för F-skatt,Har aldrig varit registrerad för moms,Har aldrig varit registrerad som arbetsgivare,0 anställda,Postadress är OK,"Tar emot reklam, ej telefonnummerspärrat"
5595795419,165595795419,MM Techworks AB,,Övriga aktiebolag,Privat,2026-04-07,,,Normalläge,Har aldrig varit verksam,Okänd,00000,Växjö,Kronoberg,Växjö,AFTONVÄGEN 14,352 66,VÄXJÖ,,,Har aldrig varit registrerad för F-skatt,Har aldrig varit registrerad för moms,Har aldrig varit registrerad som arbetsgivare,0 anställda,Postadress är OK,"Tar emot reklam, ej telefonnummerspärrat"
5595795427,165595795427,SpringProject AB,,Övriga aktiebolag,Privat,2026-04-07,,,Normalläge,Har aldrig varit verksam,Okänd,00000,Sölvesborg,Blekinge,Karlshamn,MÖLLEBJÖRKEVÄGEN 72,294 93,SÖLVESBORG,carlalexanderolsson@outlook.com,,Har aldrig varit registrerad för F-skatt,Har aldrig varit registrerad för moms,Har aldrig varit registrerad som arbetsgivare,0 anställda,Postadress är OK,"Tar emot reklam, ej telefonnummerspärrat"
5595795435,165595795435,Skandineer AB,,Övriga aktiebolag,Privat,2026-04-07,2026-04-13,,Normalläge,Är verksam,Dataprogrammering,62100,Stockholm,Stockholm,Stockholm/Södertälje,NIDÄLVSGRÄND 9,128 44,BAGARMOSSEN,eddy.wass@gmail.com,,Är registrerad för F-skatt,Är registrerad för moms,Har aldrig varit registrerad som arbetsgivare,0 anställda,Postadress är OK,"Tar emot reklam, ej telefonnummerspärrat"
5595795443,165595795443,Narratore Kommunikation AB,,Övriga aktiebolag,Privat,2026-04-07,,,Normalläge,Har aldrig varit verksam,Okänd,00000,Falun,Dalarna,Borlänge/Falun,STÅNGTJÄRNSVÄGEN 240,791 74,FALUN,robert@narratore.se,,Har aldrig varit registrerad för F-skatt,Har aldrig varit registrerad för moms,Har aldrig varit registrerad som arbetsgivare,0 anställda,Postadress är OK,"Tar emot reklam, ej telefonnummerspärrat"
5595795450,165595795450,GFS Transport AB,,Övriga aktiebolag,Privat,2026-04-07,2026-04-13,,Normalläge,Är verksam,"Vägtransport, godstrafik",49410,Malmö,Skåne,Malmö/Lund/Trelleborg,DUVHÖKSGATAN 6 B LGH 1602,215 58,MALMÖ,info@gestlogistik.se,,Är registrerad för F-skatt,Är registrerad för moms,Har aldrig varit registrerad som arbetsgivare,0 anställda,Postadress är OK,"Tar emot reklam, ej telefonnummerspärrat"
5595795468,165595795468,Nordic Move AB,,Övriga aktiebolag,Privat,2026-04-07,,,Normalläge,Har aldrig varit verksam,Okänd,00000,Stockholm,Stockholm,Stockholm/Södertälje,HÄLSINGEGATAN 51,113 66,STOCKHOLM,,,Har aldrig varit registrerad för F-skatt,Har aldrig varit registrerad för moms,Har aldrig varit registrerad som arbetsgivare,0 anställda,Postadress är OK,"Tar emot reklam, ej telefonnummerspärrat"
5595795476,165595795476,Sweden Precision Health Science Institute AB,,Övriga aktiebolag,Privat,2026-04-07,,,Normalläge,Har aldrig varit verksam,Okänd,00000,Sigtuna,Stockholm,Stockholm/Södertälje,STORA GATAN 64,193 30,SIGTUNA,shahab.farnamfar@sigtunavardcentral.se,,Har aldrig varit registrerad för F-skatt,Har aldrig varit registrerad för moms,Har aldrig varit registrerad som arbetsgivare,0 anställda,Postadress är OK,"Tar emot reklam, ej telefonnummerspärrat"
5595795484,165595795484,LIB Bygg AB,,Övriga aktiebolag,Privat,2026-04-07,2026-04-13,,Normalläge,Är verksam,Måleriarbeten,43341,Södertälje,Stockholm,Stockholm/Södertälje,EKENSBERGSGATAN 15 B,152 43,SÖDERTÄLJE,mrad_chadi@hotmail.com,,Är registrerad för F-skatt,Är registrerad för moms,Har aldrig varit registrerad som arbetsgivare,0 anställda,Postadress är OK,"Tar emot reklam, ej telefonnummerspärrat"
5595795492,165595795492,Derome Stubben AB,,Övriga aktiebolag,Privat,2026-04-07,,,Normalläge,Har aldrig varit verksam,Okänd,00000,Varberg,Halland,Falkenberg/Varberg,BJURUMSVÄGEN 14,432 68,VEDDIGE,,,Har aldrig varit registrerad för F-skatt,Har aldrig varit registrerad för moms,Har aldrig varit registrerad som arbetsgivare,0 anställda,Postadress är OK,"Tar emot reklam, ej telefonnummerspärrat"
5595795500,165595795500,Bergströms Restauranger & Event AB,,Övriga aktiebolag,Privat,2026-04-07,2026-04-13,,Normalläge,Är verksam,Restaurangverksamhet,56110,Härnösand,Västernorrland,Härnösand/Kramfors,ÖSTANBÄCKSGATAN 22,871 31,HÄRNÖSAND,kbharnosand@gmail.com,,Är registrerad för F-skatt,Är registrerad för moms,Har aldrig varit registrerad som arbetsgivare,0 anställda,Postadress är OK,"Tar emot reklam, ej telefonnummerspärrat"
5595795518,165595795518,Ayesha Nordic AB,,Övriga aktiebolag,Privat,2026-04-07,,,Normalläge,Har aldrig varit verksam,Okänd,00000,Stockholm,Stockholm,Stockholm/Södertälje,RINGVÄGEN 36,137 34,VÄSTERHANINGE,moshiurc132@gmail.com,,Har aldrig varit registrerad för F-skatt,Har aldrig varit registrerad för moms,Har aldrig varit registrerad som arbetsgivare,0 anställda,Postadress är OK,"Tar emot reklam, ej telefonnummerspärrat"
5595795526,165595795526,Tinge Studios AB,,Övriga aktiebolag,Privat,2026-04-07,,,Normalläge,Har aldrig varit verksam,Okänd,00000,Solna,Stockholm,Stockholm/Södertälje,SIGNE TILLISCHGATAN 7,169 73,SOLNA,abbas@tingedetroit.com,,Har aldrig varit registrerad för F-skatt,Har aldrig varit registrerad för moms,Har aldrig varit registrerad som arbetsgivare,0 anställda,Postadress är OK,"Tar emot reklam, ej telefonnummerspärrat"
5595795534,165595795534,WM BYGG i Skivarp AB,,Övriga aktiebolag,Privat,2026-04-07,,,Normalläge,Har aldrig varit verksam,Okänd,00000,Skurup,Skåne,Ystad/Simrishamn,SOCKERBRUKSVÄGEN 5,274 50,SKIVARP,,,Har aldrig varit registrerad för F-skatt,Har aldrig varit registrerad för moms,Har aldrig varit registrerad som arbetsgivare,0 anställda,Postadress är OK,"Tar emot reklam, ej telefonnummerspärrat"
5595795542,165595795542,Blom Wine AB,,Övriga aktiebolag,Privat,2026-04-07,,,Normalläge,Har aldrig varit verksam,Okänd,00000,Solna,Stockholm,Stockholm/Södertälje,MYGGDALSVÄGEN 116,135 43,TYRESÖ,blomwilliam@hotmail.com,,Har aldrig varit registrerad för F-skatt,Har aldrig varit registrerad för moms,Har aldrig varit registrerad som arbetsgivare,0 anställda,Postadress är OK,"Tar emot reklam, ej telefonnummerspärrat"
5595795567,165595795567,Holmens EntreprenadService AB,,Övriga aktiebolag,Privat,2026-04-07,,,Normalläge,Har aldrig varit verksam,Okänd,00000,Alingsås,Västra Götaland,Göteborg,VÄSTGÖTAGATAN 2,441 43,ALINGSÅS,emilmholm@outlook.com,,Har aldrig varit registrerad för F-skatt,Har aldrig varit registrerad för moms,Har aldrig varit registrerad som arbetsgivare,0 anställda,Postadress är OK,"Tar emot reklam, ej telefonnummerspärrat"
5595795575,165595795575,FOX bevakning AB,,Övriga aktiebolag,Privat,2026-04-07,,,Normalläge,Har aldrig varit verksam,Okänd,00000,Tranemo,Västra Götaland,Borås,NORRA STRANDVÄGEN 2,514 93,AMBJÖRNARP,lian.nyman@gmx.com,,Har aldrig varit registrerad för F-skatt,Har aldrig varit registrerad för moms,Har aldrig varit registrerad som arbetsgivare,0 anställda,Postadress är OK,"Tar emot reklam, ej telefonnummerspärrat"
5595795583,165595795583,Aktiebolaget Grundstenen 178722,,Övriga aktiebolag,Privat,2026-04-07,,,Normalläge,Har aldrig varit verksam,Okänd,00000,Falun,Dalarna,Borlänge/Falun,BOX 292,791 27,FALUN,,,Har aldrig varit registrerad för F-skatt,Har aldrig varit registrerad för moms,Har aldrig varit registrerad som arbetsgivare,0 anställda,Postadress är OK,"Tar emot reklam, ej telefonnummerspärrat"
5595795591,165595795591,Aktiebolaget Grundstenen 178723,,Övriga aktiebolag,Privat,2026-04-07,,,Normalläge,Har aldrig varit verksam,Okänd,00000,Falun,Dalarna,Borlänge/Falun,BOX 292,791 27,FALUN,,,Har aldrig varit registrerad för F-skatt,Har aldrig varit registrerad för moms,Har aldrig varit registrerad som arbetsgivare,0 anställda,Postadress är OK,"Tar emot reklam, ej telefonnummerspärrat"
5595795609,165595795609,Aktiebolaget Grundstenen 178720,,Övriga aktiebolag,Privat,2026-04-07,,,Normalläge,Har aldrig varit verksam,Okänd,00000,Falun,Dalarna,Borlänge/Falun,BOX 292,791 27,FALUN,,,Har aldrig varit registrerad för F-skatt,Har aldrig varit registrerad för moms,Har aldrig varit registrerad som arbetsgivare,0 anställda,Postadress är OK,"Tar emot reklam, ej telefonnummerspärrat"
5595795617,165595795617,Aktiebolaget Grundstenen 178721,,Övriga aktiebolag,Privat,2026-04-07,,,Normalläge,Har aldrig varit verksam,Okänd,00000,Falun,Dalarna,Borlänge/Falun,BOX 292,791 27,FALUN,,,Har aldrig varit registrerad för F-skatt,Har aldrig varit registrerad för moms,Har aldrig varit registrerad som arbetsgivare,0 anställda,Postadress är OK,"Tar emot reklam, ej telefonnummerspärrat"
5595795625,165595795625,Aktiebolaget Grundstenen 178724,,Övriga aktiebolag,Privat,2026-04-07,,,Normalläge,Har aldrig varit verksam,Okänd,00000,Falun,Dalarna,Borlänge/Falun,BOX 292,791 27,FALUN,,,Har aldrig varit registrerad för F-skatt,Har aldrig varit registrerad för moms,Har aldrig varit registrerad som arbetsgivare,0 anställda,Postadress är OK,"Tar emot reklam, ej telefonnummerspärrat"
5595795633,165595795633,Aktiebolaget Grundstenen 178725,,Övriga aktiebolag,Privat,2026-04-07,,,Normalläge,Har aldrig varit verksam,Okänd,00000,Falun,Dalarna,Borlänge/Falun,BOX 292,791 27,FALUN,,,Har aldrig varit registrerad för F-skatt,Har aldrig varit registrerad för moms,Har aldrig varit registrerad som arbetsgivare,0 anställda,Postadress är OK,"Tar emot reklam, ej telefonnummerspärrat"
5595795641,165595795641,Aktiebolaget Grundstenen 178718,,Övriga aktiebolag,Privat,2026-04-07,,,Normalläge,Har aldrig varit verksam,Okänd,00000,Falun,Dalarna,Borlänge/Falun,BOX 292,791 27,FALUN,,,Har aldrig varit registrerad för F-skatt,Har aldrig varit registrerad för moms,Har aldrig varit registrerad som arbetsgivare,0 anställda,Postadress är OK,"Tar emot reklam, ej telefonnummerspärrat"
5595795658,165595795658,Aktiebolaget Grundstenen 178719,,Övriga aktiebolag,Privat,2026-04-07,,,Normalläge,Har aldrig varit verksam,Okänd,00000,Falun,Dalarna,Borlänge/Falun,BOX 292,791 27,FALUN,,,Har aldrig varit registrerad för F-skatt,Har aldrig varit registrerad för moms,Har aldrig varit registrerad som arbetsgivare,0 anställda,Postadress är OK,"Tar emot reklam, ej telefonnummerspärrat"
5595795666,165595795666,Aktiebolaget Grundstenen 178716,,Övriga aktiebolag,Privat,2026-04-07,,,Normalläge,Har aldrig varit verksam,Okänd,00000,Falun,Dalarna,Borlänge/Falun,BOX 292,791 27,FALUN,,,Har aldrig varit registrerad för F-skatt,Har aldrig varit registrerad för moms,Har aldrig varit registrerad som arbetsgivare,0 anställda,Postadress är OK,"Tar emot reklam, ej telefonnummerspärrat"
5595795674,165595795674,Aktiebolaget Grundstenen 178717,,Övriga aktiebolag,Privat,2026-04-07,,,Normalläge,Har aldrig varit verksam,Okänd,00000,Falun,Dalarna,Borlänge/Falun,BOX 292,791 27,FALUN,,,Har aldrig varit registrerad för F-skatt,Har aldrig varit registrerad för moms,Har aldrig varit registrerad som arbetsgivare,0 anställda,Postadress är OK,"Tar emot reklam, ej telefonnummerspärrat"
5595795682,165595795682,Aktiebolaget Grundstenen 178726,,Övriga aktiebolag,Privat,2026-04-07,,,Normalläge,Har aldrig varit verksam,Okänd,00000,Falun,Dalarna,Borlänge/Falun,BOX 292,791 27,FALUN,tommy@savjoplastic.se,,Har aldrig varit registrerad för F-skatt,Har aldrig varit registrerad för moms,Har aldrig varit registrerad som arbetsgivare,0 anställda,Postadress är OK,"Tar emot reklam, ej telefonnummerspärrat"
5595795690,165595795690,Aktiebolaget Grundstenen 178727,,Övriga aktiebolag,Privat,2026-04-07,,,Normalläge,Har aldrig varit verksam,Okänd,00000,Falun,Dalarna,Borlänge/Falun,BOX 292,791 27,FALUN,jorgen.tylenius@savjoplastic.se,,Har aldrig varit registrerad för F-skatt,Har aldrig varit registrerad för moms,Har aldrig varit registrerad som arbetsgivare,0 anställda,Postadress är OK,"Tar emot reklam, ej telefonnummerspärrat"
5595795708,165595795708,Båstad Glassen AB,,Övriga aktiebolag,Privat,2026-04-07,,,Normalläge,Har aldrig varit verksam,Okänd,00000,Båstad,Skåne,Ängelholm,DALVÄGEN 22,269 38,BÅSTAD,dominique1@bjarenet.com,,Har aldrig varit registrerad för F-skatt,Har aldrig varit registrerad för moms,Har aldrig varit registrerad som arbetsgivare,0 anställda,Postadress är OK,"Tar emot reklam, ej telefonnummerspärrat"
5595795716,165595795716,Aktiebolaget Grundstenen 178731,,Övriga aktiebolag,Privat,2026-04-07,,,Normalläge,Har aldrig varit verksam,Okänd,00000,Falun,Dalarna,Borlänge/Falun,BOX 292,791 27,FALUN,jasperbyggservice@gmail.com,,Har aldrig varit registrerad för F-skatt,Har aldrig varit registrerad för moms,Har aldrig varit registrerad som arbetsgivare,0 anställda,Postadress är OK,"Tar emot reklam, ej telefonnummerspärrat"
5595795724,165595795724,InfraDeployment AB,,Övriga aktiebolag,Privat,2026-04-07,,,Normalläge,Har aldrig varit verksam,Okänd,00000,Malmö,Skåne,Malmö/Lund/Trelleborg,JOHAN KRULLS GATA 23,215 81,MALMÖ,c.sjostedt@hotmail.com,,Har aldrig varit registrerad för F-skatt,Har aldrig varit registrerad för moms,Har aldrig varit registrerad som arbetsgivare,0 anställda,Postadress är OK,"Tar emot reklam, ej telefonnummerspärrat"
5595795732,165595795732,Aktiebolaget Grundstenen 178729,,Övriga aktiebolag,Privat,2026-04-07,,,Normalläge,Har aldrig varit verksam,Okänd,00000,Falun,Dalarna,Borlänge/Falun,BOX 292,791 27,FALUN,johnmcchapman@gmail.com,,Har aldrig varit registrerad för F-skatt,Har aldrig varit registrerad för moms,Har aldrig varit registrerad som arbetsgivare,0 anställda,Postadress är OK,"Tar emot reklam, ej telefonnummerspärrat"
5595795740,165595795740,Aktiebolaget Grundstenen 178734,,Övriga aktiebolag,Privat,2026-04-07,,,Normalläge,Har aldrig varit verksam,Okänd,00000,Falun,Dalarna,Borlänge/Falun,BOX 292,791 27,FALUN,,,Har aldrig varit registrerad för F-skatt,Har aldrig varit registrerad för moms,Har aldrig varit registrerad som arbetsgivare,0 anställda,Postadress är OK,"Tar emot reklam, ej telefonnummerspärrat"
5595795757,165595795757,Aktiebolaget Grundstenen 178735,,Övriga aktiebolag,Privat,2026-04-07,,,Normalläge,Har aldrig varit verksam,Okänd,00000,Falun,Dalarna,Borlänge/Falun,BOX 292,791 27,FALUN,,,Har aldrig varit registrerad för F-skatt,Har aldrig varit registrerad för moms,Har aldrig varit registrerad som arbetsgivare,0 anställda,Postadress är OK,"Tar emot reklam, ej telefonnummerspärrat"
5595795765,165595795765,Aktiebolaget Grundstenen 178732,,Övriga aktiebolag,Privat,2026-04-07,,,Normalläge,Har aldrig varit verksam,Okänd,00000,Falun,Dalarna,Borlänge/Falun,BOX 292,791 27,FALUN,,,Har aldrig varit registrerad för F-skatt,Har aldrig varit registrerad för moms,Har aldrig varit registrerad som arbetsgivare,0 anställda,Postadress är OK,"Tar emot reklam, ej telefonnummerspärrat"
5595795773,165595795773,Aktiebolaget Grundstenen 178733,,Övriga aktiebolag,Privat,2026-04-07,,,Normalläge,Har aldrig varit verksam,Okänd,00000,Falun,Dalarna,Borlänge/Falun,BOX 292,791 27,FALUN,,,Har aldrig varit registrerad för F-skatt,Har aldrig varit registrerad för moms,Har aldrig varit registrerad som arbetsgivare,0 anställda,Postadress är OK,"Tar emot reklam, ej telefonnummerspärrat"
5595795781,165595795781,Aktiebolaget Grundstenen 178738,,Övriga aktiebolag,Privat,2026-04-07,,,Normalläge,Har aldrig varit verksam,Okänd,00000,Falun,Dalarna,Borlänge/Falun,BOX 292,791 27,FALUN,,,Har aldrig varit registrerad för F-skatt,Har aldrig varit registrerad för moms,Har aldrig varit registrerad som arbetsgivare,0 anställda,Postadress är OK,"Tar emot reklam, ej telefonnummerspärrat"
5595795799,165595795799,Aktiebolaget Grundstenen 178739,,Övriga aktiebolag,Privat,2026-04-07,,,Normalläge,Har aldrig varit verksam,Okänd,00000,Falun,Dalarna,Borlänge/Falun,BOX 292,791 27,FALUN,,,Har aldrig varit registrerad för F-skatt,Har aldrig varit registrerad för moms,Har aldrig varit registrerad som arbetsgivare,0 anställda,Postadress är OK,"Tar emot reklam, ej telefonnummerspärrat"
5595795807,165595795807,Aktiebolaget Grundstenen 178736,,Övriga aktiebolag,Privat,2026-04-07,,,Normalläge,Har aldrig varit verksam,Okänd,00000,Falun,Dalarna,Borlänge/Falun,BOX 292,791 27,FALUN,,,Har aldrig varit registrerad för F-skatt,Har aldrig varit registrerad för moms,Har aldrig varit registrerad som arbetsgivare,0 anställda,Postadress är OK,"Tar emot reklam, ej telefonnummerspärrat"
5595795815,165595795815,Aktiebolaget Grundstenen 178737,,Övriga aktiebolag,Privat,2026-04-07,,,Normalläge,Har aldrig varit verksam,Okänd,00000,Falun,Dalarna,Borlänge/Falun,BOX 292,791 27,FALUN,,,Har aldrig varit registrerad för F-skatt,Har aldrig varit registrerad för moms,Har aldrig varit registrerad som arbetsgivare,0 anställda,Postadress är OK,"Tar emot reklam, ej telefonnummerspärrat"
5595795823,165595795823,Aktiebolaget Grundstenen 178742,,Övriga aktiebolag,Privat,2026-04-07,,,Normalläge,Har aldrig varit verksam,Okänd,00000,Falun,Dalarna,Borlänge/Falun,BOX 292,791 27,FALUN,,,Har aldrig varit registrerad för F-skatt,Har aldrig varit registrerad för moms,Har aldrig varit registrerad som arbetsgivare,0 anställda,Postadress är OK,"Tar emot reklam, ej telefonnummerspärrat"
5595795831,165595795831,Aktiebolaget Grundstenen 178743,,Övriga aktiebolag,Privat,2026-04-07,,,Normalläge,Har aldrig varit verksam,Okänd,00000,Falun,Dalarna,Borlänge/Falun,BOX 292,791 27,FALUN,,,Har aldrig varit registrerad för F-skatt,Har aldrig varit registrerad för moms,Har aldrig varit registrerad som arbetsgivare,0 anställda,Postadress är OK,"Tar emot reklam, ej telefonnummerspärrat"
5595795849,165595795849,Djolt AB,,Övriga aktiebolag,Privat,2026-04-07,,,Normalläge,Har aldrig varit verksam,Okänd,00000,Stockholm,Stockholm,Stockholm/Södertälje,FOLKUNGAGATAN 59 A LGH 1501,116 22,STOCKHOLM,paschall@davidpaschall.com,,Har aldrig varit registrerad för F-skatt,Har aldrig varit registrerad för moms,Har aldrig varit registrerad som arbetsgivare,0 anställda,Postadress är OK,"Tar emot reklam, ej telefonnummerspärrat"
5595795856,165595795856,Bagerimaskiner i Norrland AB,,Övriga aktiebolag,Privat,2026-04-07,,,Normalläge,Har aldrig varit verksam,Okänd,00000,Trelleborg,Skåne,Malmö/Lund/Trelleborg,VERKSTADSGATAN 12,231 66,TRELLEBORG,ml@bagerigruppen.se,,Har aldrig varit registrerad för F-skatt,Har aldrig varit registrerad för moms,Har aldrig varit registrerad som arbetsgivare,0 anställda,Postadress är OK,"Tar emot reklam, ej telefonnummerspärrat"
5595795864,165595795864,Aktiebolaget Grundstenen 178746,,Övriga aktiebolag,Privat,2026-04-07,,,Normalläge,Har aldrig varit verksam,Okänd,00000,Falun,Dalarna,Borlänge/Falun,BOX 292,791 27,FALUN,ltsnickerier@gmail.com,,Har aldrig varit registrerad för F-skatt,Har aldrig varit registrerad för moms,Har aldrig varit registrerad som arbetsgivare,0 anställda,Postadress är OK,"Tar emot reklam, ej telefonnummerspärrat"
5595795872,165595795872,Aktiebolaget Grundstenen 178747,,Övriga aktiebolag,Privat,2026-04-07,,,Normalläge,Har aldrig varit verksam,Okänd,00000,Falun,Dalarna,Borlänge/Falun,BOX 292,791 27,FALUN,,,Har aldrig varit registrerad för F-skatt,Har aldrig varit registrerad för moms,Har aldrig varit registrerad som arbetsgivare,0 anställda,Postadress är OK,"Tar emot reklam, ej telefonnummerspärrat"
5595795880,165595795880,HSBM AB,,Övriga aktiebolag,Privat,2026-04-07,2026-04-13,,Normalläge,Är verksam,"Passagerartrafik på beställning, fordon med förare",49330,Härnösand,Västernorrland,Härnösand/Kramfors,MURBERGSVÄGEN 26,871 50,HÄRNÖSAND,mustafa.mohammad@proton.me,,Är registrerad för F-skatt,Är registrerad för moms,Har aldrig varit registrerad som arbetsgivare,0 anställda,Postadress är OK,"Tar emot reklam, ej telefonnummerspärrat"
5595795898,165595795898,Aktiebolaget Grundstenen 178744,,Övriga aktiebolag,Privat,2026-04-07,,,Normalläge,Har aldrig varit verksam,Okänd,00000,Falun,Dalarna,Borlänge/Falun,BOX 292,791 27,FALUN,bjorkvagen32@gmail.com,,Har aldrig varit registrerad för F-skatt,Har aldrig varit registrerad för moms,Har aldrig varit registrerad som arbetsgivare,0 anställda,Postadress är OK,"Tar emot reklam, ej telefonnummerspärrat"
5595795906,165595795906,Aktiebolaget Grundstenen 178745,,Övriga aktiebolag,Privat,2026-04-07,,,Normalläge,Har aldrig varit verksam,Okänd,00000,Falun,Dalarna,Borlänge/Falun,BOX 292,791 27,FALUN,joseph@jsstools.se,,Har aldrig varit registrerad för F-skatt,Har aldrig varit registrerad för moms,Har aldrig varit registrerad som arbetsgivare,0 anställda,Postadress är OK,"Tar emot reklam, ej telefonnummerspärrat"
5595795914,165595795914,Aktiebolaget Grundstenen 178750,,Övriga aktiebolag,Privat,2026-04-07,,,Normalläge,Har aldrig varit verksam,Okänd,00000,Falun,Dalarna,Borlänge/Falun,BOX 292,791 27,FALUN,Strandberg.soffan@gmail.com,,Har aldrig varit registrerad för F-skatt,Har aldrig varit registrerad för moms,Har aldrig varit registrerad som arbetsgivare,0 anställda,Postadress är OK,"Tar emot reklam, ej telefonnummerspärrat"
5595795922,165595795922,Aktiebolaget Grundstenen 178748,,Övriga aktiebolag,Privat,2026-04-07,,,Normalläge,Har aldrig varit verksam,Okänd,00000,Falun,Dalarna,Borlänge/Falun,BOX 292,791 27,FALUN,,,Har aldrig varit registrerad för F-skatt,Har aldrig varit registrerad för moms,Har aldrig varit registrerad som arbetsgivare,0 anställda,Postadress är OK,"Tar emot reklam, ej telefonnummerspärrat"
5595795930,165595795930,Aktiebolaget Grundstenen 178749,,Övriga aktiebolag,Privat,2026-04-07,,,Normalläge,Har aldrig varit verksam,Okänd,00000,Falun,Dalarna,Borlänge/Falun,BOX 292,791 27,FALUN,petra_dahlberg@live.se,,Har aldrig varit registrerad för F-skatt,Har aldrig varit registrerad för moms,Har aldrig varit registrerad som arbetsgivare,0 anställda,Postadress är OK,"Tar emot reklam, ej telefonnummerspärrat"
5595795948,165595795948,Aktiebolaget Grundstenen 178754,,Övriga aktiebolag,Privat,2026-04-07,,,Normalläge,Har aldrig varit verksam,Okänd,00000,Falun,Dalarna,Borlänge/Falun,BOX 292,791 27,FALUN,hh@SafetyBy.se,,Har aldrig varit registrerad för F-skatt,Har aldrig varit registrerad för moms,Har aldrig varit registrerad som arbetsgivare,0 anställda,Postadress är OK,"Tar emot reklam, ej telefonnummerspärrat"
5595795955,165595795955,Aktiebolaget Grundstenen 178755,,Övriga aktiebolag,Privat,2026-04-07,,,Normalläge,Har aldrig varit verksam,Okänd,00000,Falun,Dalarna,Borlänge/Falun,BOX 292,791 27,FALUN,faktura@titania.se,,Har aldrig varit registrerad för F-skatt,Har aldrig varit registrerad för moms,Har aldrig varit registrerad som arbetsgivare,0 anställda,Postadress är OK,"Tar emot reklam, ej telefonnummerspärrat"
5595795963,165595795963,Aktiebolaget Grundstenen 178752,,Övriga aktiebolag,Privat,2026-04-07,,,Normalläge,Har aldrig varit verksam,Okänd,00000,Falun,Dalarna,Borlänge/Falun,BOX 292,791 27,FALUN,info@byraneffecta.se,,Har aldrig varit registrerad för F-skatt,Har aldrig varit registrerad för moms,Har aldrig varit registrerad som arbetsgivare,0 anställda,Postadress är OK,"Tar emot reklam, ej telefonnummerspärrat"
5595795989,165595795989,Aktiebolaget Grundstenen 178758,,Övriga aktiebolag,Privat,2026-04-07,,,Normalläge,Har aldrig varit verksam,Okänd,00000,Falun,Dalarna,Borlänge/Falun,BOX 292,791 27,FALUN,,,Har aldrig varit registrerad för F-skatt,Har aldrig varit registrerad för moms,Har aldrig varit registrerad som arbetsgivare,0 anställda,Postadress är OK,"Tar emot reklam, ej telefonnummerspärrat"
5595795997,165595795997,Aktiebolaget Grundstenen 178759,,Övriga aktiebolag,Privat,2026-04-07,,,Normalläge,Har aldrig varit verksam,Okänd,00000,Falun,Dalarna,Borlänge/Falun,BOX 292,791 27,FALUN,fredrik@m-f-b.se,,Har aldrig varit registrerad för F-skatt,Har aldrig varit registrerad för moms,Har aldrig varit registrerad som arbetsgivare,0 anställda,Postadress är OK,"Tar emot reklam, ej telefonnummerspärrat"
5595796003,165595796003,Aktiebolaget Grundstenen 178756,,Övriga aktiebolag,Privat,2026-04-07,,,Normalläge,Har aldrig varit verksam,Okänd,00000,Falun,Dalarna,Borlänge/Falun,BOX 292,791 27,FALUN,,,Har aldrig varit registrerad för F-skatt,Har aldrig varit registrerad för moms,Har aldrig varit registrerad som arbetsgivare,0 anställda,Postadress är OK,"Tar emot reklam, ej telefonnummerspärrat"
5595796011,165595796011,Aktiebolaget Grundstenen 178757,,Övriga aktiebolag,Privat,2026-04-07,,,Normalläge,Har aldrig varit verksam,Okänd,00000,Falun,Dalarna,Borlänge/Falun,BOX 292,791 27,FALUN,jonassonella07@gmail.com,,Har aldrig varit registrerad för F-skatt,Har aldrig varit registrerad för moms,Har aldrig varit registrerad som arbetsgivare,0 anställda,Postadress är OK,"Tar emot reklam, ej telefonnummerspärrat"
5595796029,165595796029,Aktiebolaget Grundstenen 178762,,Övriga aktiebolag,Privat,2026-04-07,,,Normalläge,Har aldrig varit verksam,Okänd,00000,Falun,Dalarna,Borlänge/Falun,BOX 292,791 27,FALUN,Lukaslundell06@gmail.com,,Har aldrig varit registrerad för F-skatt,Har aldrig varit registrerad för moms,Har aldrig varit registrerad som arbetsgivare,0 anställda,Postadress är OK,"Tar emot reklam, ej telefonnummerspärrat"
5595796037,165595796037,Aktiebolaget Grundstenen 178763,,Övriga aktiebolag,Privat,2026-04-07,,,Normalläge,Har aldrig varit verksam,Okänd,00000,Falun,Dalarna,Borlänge/Falun,BOX 292,791 27,FALUN,,,Har aldrig varit registrerad för F-skatt,Har aldrig varit registrerad för moms,Har aldrig varit registrerad som arbetsgivare,0 anställda,Postadress är OK,"Tar emot reklam, ej telefonnummerspärrat"
5595796045,165595796045,Aktiebolaget Grundstenen 178760,,Övriga aktiebolag,Privat,2026-04-07,,,Normalläge,Har aldrig varit verksam,Okänd,00000,Falun,Dalarna,Borlänge/Falun,BOX 292,791 27,FALUN,,,Har aldrig varit registrerad för F-skatt,Har aldrig varit registrerad för moms,Har aldrig varit registrerad som arbetsgivare,0 anställda,Postadress är OK,"Tar emot reklam, ej telefonnummerspärrat"
5595796052,165595796052,Aktiebolaget Grundstenen 178761,,Övriga aktiebolag,Privat,2026-04-07,,,Normalläge,Har aldrig varit verksam,Okänd,00000,Falun,Dalarna,Borlänge/Falun,BOX 292,791 27,FALUN,k.jurlestam@telia.com,,Har aldrig varit registrerad för F-skatt,Har aldrig varit registrerad för moms,Har aldrig varit registrerad som arbetsgivare,0 anställda,Postadress är OK,"Tar emot reklam, ej telefonnummerspärrat"
5595796060,165595796060,Aktiebolaget Grundstenen 178766,,Övriga aktiebolag,Privat,2026-04-07,,,Normalläge,Har aldrig varit verksam,Okänd,00000,Falun,Dalarna,Borlänge/Falun,BOX 292,791 27,FALUN,,,Har aldrig varit registrerad för F-skatt,Har aldrig varit registrerad för moms,Har aldrig varit registrerad som arbetsgivare,0 anställda,Postadress är OK,"Tar emot reklam, ej telefonnummerspärrat"
5595796078,165595796078,Aktiebolaget Grundstenen 178767,,Övriga aktiebolag,Privat,2026-04-07,,,Normalläge,Har aldrig varit verksam,Okänd,00000,Falun,Dalarna,Borlänge/Falun,BOX 292,791 27,FALUN,,,Har aldrig varit registrerad för F-skatt,Har aldrig varit registrerad för moms,Har aldrig varit registrerad som arbetsgivare,0 anställda,Postadress är OK,"Tar emot reklam, ej telefonnummerspärrat"
5595796086,165595796086,Aktiebolaget Grundstenen 178764,,Övriga aktiebolag,Privat,2026-04-07,,,Normalläge,Har aldrig varit verksam,Okänd,00000,Falun,Dalarna,Borlänge/Falun,BOX 292,791 27,FALUN,,,Har aldrig varit registrerad för F-skatt,Har aldrig varit registrerad för moms,Har aldrig varit registrerad som arbetsgivare,0 anställda,Postadress är OK,"Tar emot reklam, ej telefonnummerspärrat"
5595796094,165595796094,Aktiebolaget Grundstenen 178765,,Övriga aktiebolag,Privat,2026-04-07,,,Normalläge,Har aldrig varit verksam,Okänd,00000,Falun,Dalarna,Borlänge/Falun,BOX 292,791 27,FALUN,,,Har aldrig varit registrerad för F-skatt,Har aldrig varit registrerad för moms,Har aldrig varit registrerad som arbetsgivare,0 anställda,Postadress är OK,"Tar emot reklam, ej telefonnummerspärrat"
5595796102,165595796102,Aktiebolaget Grundstenen 178770,,Övriga aktiebolag,Privat,2026-04-07,,,Normalläge,Har aldrig varit verksam,Okänd,00000,Falun,Dalarna,Borlänge/Falun,BOX 292,791 27,FALUN,,,Har aldrig varit registrerad för F-skatt,Har aldrig varit registrerad för moms,Har aldrig varit registrerad som arbetsgivare,0 anställda,Postadress är OK,"Tar emot reklam, ej telefonnummerspärrat"
5595796110,165595796110,Aktiebolaget Grundstenen 178771,,Övriga aktiebolag,Privat,2026-04-07,,,Normalläge,Har aldrig varit verksam,Okänd,00000,Falun,Dalarna,Borlänge/Falun,BOX 292,791 27,FALUN,ubergbompsykolog@gmail.com,,Har aldrig varit registrerad för F-skatt,Har aldrig varit registrerad för moms,Har aldrig varit registrerad som arbetsgivare,0 anställda,Postadress är OK,"Tar emot reklam, ej telefonnummerspärrat"
5595796128,165595796128,Aktiebolaget Grundstenen 178768,,Övriga aktiebolag,Privat,2026-04-07,,,Normalläge,Har aldrig varit verksam,Okänd,00000,Falun,Dalarna,Borlänge/Falun,BOX 292,791 27,FALUN,,,Har aldrig varit registrerad för F-skatt,Har aldrig varit registrerad för moms,Har aldrig varit registrerad som arbetsgivare,0 anställda,Postadress är OK,"Tar emot reklam, ej telefonnummerspärrat"
5595796136,165595796136,Aktiebolaget Grundstenen 178769,,Övriga aktiebolag,Privat,2026-04-07,,,Normalläge,Har aldrig varit verksam,Okänd,00000,Falun,Dalarna,Borlänge/Falun,BOX 292,791 27,FALUN,,,Har aldrig varit registrerad för F-skatt,Har aldrig varit registrerad för moms,Har aldrig varit registrerad som arbetsgivare,0 anställda,Postadress är OK,"Tar emot reklam, ej telefonnummerspärrat"
5595796144,165595796144,Aktiebolaget Grundstenen 178774,,Övriga aktiebolag,Privat,2026-04-07,,,Normalläge,Har aldrig varit verksam,Okänd,00000,Falun,Dalarna,Borlänge/Falun,BOX 292,791 27,FALUN,,,Har aldrig varit registrerad för F-skatt,Har aldrig varit registrerad för moms,Har aldrig varit registrerad som arbetsgivare,0 anställda,Postadress är OK,"Tar emot reklam, ej telefonnummerspärrat"
5595796151,165595796151,Aktiebolaget Grundstenen 178775,,Övriga aktiebolag,Privat,2026-04-07,,,Normalläge,Har aldrig varit verksam,Okänd,00000,Falun,Dalarna,Borlänge/Falun,BOX 292,791 27,FALUN,,,Har aldrig varit registrerad för F-skatt,Har aldrig varit registrerad för moms,Har aldrig varit registrerad som arbetsgivare,0 anställda,Postadress är OK,"Tar emot reklam, ej telefonnummerspärrat"
5595796169,165595796169,Aktiebolaget Grundstenen 178772,,Övriga aktiebolag,Privat,2026-04-07,,,Normalläge,Har aldrig varit verksam,Okänd,00000,Falun,Dalarna,Borlänge/Falun,BOX 292,791 27,FALUN,,,Har aldrig varit registrerad för F-skatt,Har aldrig varit registrerad för moms,Har aldrig varit registrerad som arbetsgivare,0 anställda,Postadress är OK,"Tar emot reklam, ej telefonnummerspärrat"
5595796177,165595796177,Aktiebolaget Grundstenen 178773,,Övriga aktiebolag,Privat,2026-04-07,,,Normalläge,Har aldrig varit verksam,Okänd,00000,Falun,Dalarna,Borlänge/Falun,BOX 292,791 27,FALUN,,,Har aldrig varit registrerad för F-skatt,Har aldrig varit registrerad för moms,Har aldrig varit registrerad som arbetsgivare,0 anställda,Postadress är OK,"Tar emot reklam, ej telefonnummerspärrat"
5595796185,165595796185,Aktiebolaget Grundstenen 178751,,Övriga aktiebolag,Privat,2026-04-07,,,Normalläge,Har aldrig varit verksam,Okänd,00000,Falun,Dalarna,Borlänge/Falun,BOX 292,791 27,FALUN,ida.hjorth@telia.com,,Har aldrig varit registrerad för F-skatt,Har aldrig varit registrerad för moms,Har aldrig varit registrerad som arbetsgivare,0 anställda,Postadress är OK,"Tar emot reklam, ej telefonnummerspärrat"
5595796193,165595796193,Aktiebolaget Grundstenen 178784,,Övriga aktiebolag,Privat,2026-04-07,,,Normalläge,Har aldrig varit verksam,Okänd,00000,Falun,Dalarna,Borlänge/Falun,BOX 292,791 27,FALUN,,,Har aldrig varit registrerad för F-skatt,Har aldrig varit registrerad för moms,Har aldrig varit registrerad som arbetsgivare,0 anställda,Postadress är OK,"Tar emot reklam, ej telefonnummerspärrat"
5595796201,165595796201,Aktiebolaget Grundstenen 178785,,Övriga aktiebolag,Privat,2026-04-07,,,Normalläge,Har aldrig varit verksam,Okänd,00000,Falun,Dalarna,Borlänge/Falun,BOX 292,791 27,FALUN,,,Har aldrig varit registrerad för F-skatt,Har aldrig varit registrerad för moms,Har aldrig varit registrerad som arbetsgivare,0 anställda,Postadress är OK,"Tar emot reklam, ej telefonnummerspärrat"
5595796219,165595796219,Aktiebolaget Grundstenen 178778,,Övriga aktiebolag,Privat,2026-04-07,,,Normalläge,Har aldrig varit verksam,Okänd,00000,Falun,Dalarna,Borlänge/Falun,BOX 292,791 27,FALUN,,,Har aldrig varit registrerad för F-skatt,Har aldrig varit registrerad för moms,Har aldrig varit registrerad som arbetsgivare,0 anställda,Postadress är OK,"Tar emot reklam, ej telefonnummerspärrat"
5595796227,165595796227,Aktiebolaget Grundstenen 178779,,Övriga aktiebolag,Privat,2026-04-07,,,Normalläge,Har aldrig varit verksam,Okänd,00000,Falun,Dalarna,Borlänge/Falun,BOX 292,791 27,FALUN,,,Har aldrig varit registrerad för F-skatt,Har aldrig varit registrerad för moms,Har aldrig varit registrerad som arbetsgivare,0 anställda,Postadress är OK,"Tar emot reklam, ej telefonnummerspärrat"
5595796235,165595796235,Aktiebolaget Grundstenen 178776,,Övriga aktiebolag,Privat,2026-04-07,,,Normalläge,Har aldrig varit verksam,Okänd,00000,Falun,Dalarna,Borlänge/Falun,BOX 292,791 27,FALUN,,,Har aldrig varit registrerad för F-skatt,Har aldrig varit registrerad för moms,Har aldrig varit registrerad som arbetsgivare,0 anställda,Postadress är OK,"Tar emot reklam, ej telefonnummerspärrat"
5595796243,165595796243,Aktiebolaget Grundstenen 178777,,Övriga aktiebolag,Privat,2026-04-07,,,Normalläge,Har aldrig varit verksam,Okänd,00000,Falun,Dalarna,Borlänge/Falun,BOX 292,791 27,FALUN,,,Har aldrig varit registrerad för F-skatt,Har aldrig varit registrerad för moms,Har aldrig varit registrerad som arbetsgivare,0 anställda,Postadress är OK,"Tar emot reklam, ej telefonnummerspärrat"
5595796250,165595796250,Aktiebolaget Grundstenen 178782,,Övriga aktiebolag,Privat,2026-04-07,,,Normalläge,Har aldrig varit verksam,Okänd,00000,Falun,Dalarna,Borlänge/Falun,BOX 292,791 27,FALUN,,,Har aldrig varit registrerad för F-skatt,Har aldrig varit registrerad för moms,Har aldrig varit registrerad som arbetsgivare,0 anställda,Postadress är OK,"Tar emot reklam, ej telefonnummerspärrat"
5595796268,165595796268,Aktiebolaget Grundstenen 178783,,Övriga aktiebolag,Privat,2026-04-07,,,Normalläge,Har aldrig varit verksam,Okänd,00000,Falun,Dalarna,Borlänge/Falun,BOX 292,791 27,FALUN,,,Har aldrig varit registrerad för F-skatt,Har aldrig varit registrerad för moms,Har aldrig varit registrerad som arbetsgivare,0 anställda,Postadress är OK,"Tar emot reklam, ej telefonnummerspärrat"
5595796276,165595796276,Aktiebolaget Grundstenen 178780,,Övriga aktiebolag,Privat,2026-04-07,,,Normalläge,Har aldrig varit verksam,Okänd,00000,Falun,Dalarna,Borlänge/Falun,BOX 292,791 27,FALUN,,,Har aldrig varit registrerad för F-skatt,Har aldrig varit registrerad för moms,Har aldrig varit registrerad som arbetsgivare,0 anställda,Postadress är OK,"Tar emot reklam, ej telefonnummerspärrat"
5595796284,165595796284,Aktiebolaget Grundstenen 178781,,Övriga aktiebolag,Privat,2026-04-07,,,Normalläge,Har aldrig varit verksam,Okänd,00000,Falun,Dalarna,Borlänge/Falun,BOX 292,791 27,FALUN,,,Har aldrig varit registrerad för F-skatt,Har aldrig varit registrerad för moms,Har aldrig varit registrerad som arbetsgivare,0 anställda,Postadress är OK,"Tar emot reklam, ej telefonnummerspärrat"
5595796292,165595796292,Norrmjöd AB,,Övriga aktiebolag,Privat,2026-04-07,,,Normalläge,Har aldrig varit verksam,Okänd,00000,Östersund,Jämtland,Östersund,STORBRÄNNA 235,835 68,MUNKFLOHÖGEN,kagbb79@gmail.com,,Har aldrig varit registrerad för F-skatt,Har aldrig varit registrerad för moms,Har aldrig varit registrerad som arbetsgivare,0 anställda,Postadress är OK,"Tar emot reklam, ej telefonnummerspärrat"
5595796300,165595796300,Vievo Mobility AB,,Övriga aktiebolag,Privat,2026-04-07,,,Normalläge,Har aldrig varit verksam,Okänd,00000,Uppsala,Uppsala,Uppsala,SVARTMANGATAN 16,753 12,UPPSALA,adam@vievo.co,,Har aldrig varit registrerad för F-skatt,Har aldrig varit registrerad för moms,Har aldrig varit registrerad som arbetsgivare,0 anställda,Postadress är OK,"Tar emot reklam, ej telefonnummerspärrat"
5595796318,165595796318,Aldebrix AB,,Övriga aktiebolag,Privat,2026-04-07,2026-04-07,,Normalläge,Är verksam,Fastighetsrelaterad stödverksamhet,81100,Värmdö,Stockholm,Stockholm/Södertälje,KULLSVEDSVÄGEN 10  LGH 1003,139 32,VÄRMDÖ,prokopiuk0105@gmail.com,,Är registrerad för F-skatt,Är registrerad för moms,Har aldrig varit registrerad som arbetsgivare,0 anställda,Postadress är OK,"Tar emot reklam, ej telefonnummerspärrat"
5595796326,165595796326,Rightly AB,,Övriga aktiebolag,Privat,2026-04-07,2026-04-13,,Normalläge,Är verksam,Konsultverksamhet avseende företags organisation,70200,Stockholm,Stockholm,Stockholm/Södertälje,TORGNYVÄGEN 40,187 76,TÄBY,stefan.palmquist@rightly.se,,Är registrerad för F-skatt,Är registrerad för moms,Har aldrig varit registrerad som arbetsgivare,0 anställda,Postadress är OK,"Tar emot reklam, ej telefonnummerspärrat"
5595796334,165595796334,Willan Måleri AB,,Övriga aktiebolag,Privat,2026-04-07,2026-04-13,,Normalläge,Är verksam,Måleriarbeten,43341,Hudiksvall,Gävleborg,Hudiksvall/Ljusdal,GAMMELBANSVÄGEN 3,824 40,HUDIKSVALL,eh@m-r.se,,Är registrerad för F-skatt,Är registrerad för moms,Har aldrig varit registrerad som arbetsgivare,0 anställda,Postadress är OK,"Tar emot reklam, ej telefonnummerspärrat"
5595796359,165595796359,PolarWave Consulting AB,,Övriga aktiebolag,Privat,2026-04-07,,,Normalläge,Har aldrig varit verksam,Okänd,00000,Uppsala,Uppsala,Uppsala,VITMOSSVÄGEN 217,754 72,UPPSALA,Pwinqvist@hotmail.com,,Har aldrig varit registrerad för F-skatt,Har aldrig varit registrerad för moms,Har aldrig varit registrerad som arbetsgivare,0 anställda,Postadress är OK,"Tar emot reklam, ej telefonnummerspärrat"
5595796375,165595796375,WMR AB,,Övriga aktiebolag,Privat,2026-04-07,2026-04-13,,Normalläge,Är verksam,Rengöring av byggnader,81221,Klippan,Skåne,Helsingborg/Landskrona,RINGGATAN 12,264 31,KLIPPAN,reinebagge@gmail.com,,Är registrerad för F-skatt,Har aldrig varit registrerad för moms,Är registrerad som vanlig arbetsgivare,1-9 anställda,Postadress är OK,"Tar emot reklam, ej telefonnummerspärrat"
5595796383,165595796383,TeamUp Media Aktiebolag,,Övriga aktiebolag,Privat,2026-04-07,,,Normalläge,Har aldrig varit verksam,Okänd,00000,Göteborg,Västra Götaland,Göteborg,LINGONVÄGEN 20 C,426 55,VÄSTRA FRÖLUNDA,elias.ercin@avictor.se,,Har aldrig varit registrerad för F-skatt,Har aldrig varit registrerad för moms,Har aldrig varit registrerad som arbetsgivare,0 anställda,Postadress är OK,"Tar emot reklam, ej telefonnummerspärrat"
5595796391,165595796391,Knotless AB,,Övriga aktiebolag,Privat,2026-04-07,2026-04-13,,Normalläge,Är verksam,Konsultverksamhet avseende företags organisation,70200,Sölvesborg,Blekinge,Karlshamn,KUSTVÄGEN 3,294 74,SÖLVESBORG,dennis@seastone.se,,Är registrerad för F-skatt,Är registrerad för moms,Har aldrig varit registrerad som arbetsgivare,0 anställda,Postadress är OK,"Tar emot reklam, ej telefonnummerspärrat"
5595796409,165595796409,Movacus AB,,Övriga aktiebolag,Privat,2026-04-07,,,Normalläge,Har aldrig varit verksam,Okänd,00000,Landskrona,Skåne,Helsingborg/Landskrona,NANNAGÅRDEN 35,261 62,GLUMSLÖV,Andreas.moller@movacus.se,,Har aldrig varit registrerad för F-skatt,Har aldrig varit registrerad för moms,Har aldrig varit registrerad som arbetsgivare,0 anställda,Postadress är OK,"Tar emot reklam, ej telefonnummerspärrat"
5595796417,165595796417,Hyll System AB,,Övriga aktiebolag,Privat,2026-04-07,,,Normalläge,Har aldrig varit verksam,Okänd,00000,Linköping,Östergötland,Linköping,BOCKHORNSVÄGEN 4,587 32,LINKÖPING,simon@hyll.nu,,Har aldrig varit registrerad för F-skatt,Har aldrig varit registrerad för moms,Har aldrig varit registrerad som arbetsgivare,0 anställda,Postadress är OK,"Tar emot reklam, ej telefonnummerspärrat"
5595796425,165595796425,Två-L Städ & Hemservice AB,,Övriga aktiebolag,Privat,2026-04-07,2026-04-13,,Normalläge,Är verksam,Lokalvård,81210,Stockholm,Stockholm,Stockholm/Södertälje,GLANSHAMMARSGATAN 50  L.1302,124 71,BANDHAGEN,ekonomi@tvalab.se,,Är registrerad för F-skatt,Är registrerad för moms,Är registrerad som vanlig arbetsgivare,1-9 anställda,Postadress är OK,"Tar emot reklam, ej telefonnummerspärrat"
5595796433,165595796433,Grönlunds Teknikservice AB,,Övriga aktiebolag,Privat,2026-04-07,,,Normalläge,Har aldrig varit verksam,Okänd,00000,Västerås,Västmanland,Västerås,MUSSERONVÄGEN 8,725 91,VÄSTERÅS,,,Har aldrig varit registrerad för F-skatt,Har aldrig varit registrerad för moms,Har aldrig varit registrerad som arbetsgivare,0 anställda,Postadress är OK,"Tar emot reklam, ej telefonnummerspärrat"
5595796441,165595796441,LK Studio AB,,Övriga aktiebolag,Privat,2026-04-07,,,Normalläge,Har aldrig varit verksam,Okänd,00000,Helsingborg,Skåne,Helsingborg/Landskrona,UTGÅRDSGATAN 11,253 62,HELSINGBORG,mehadhbi@hotmail.com,,Har aldrig varit registrerad för F-skatt,Har aldrig varit registrerad för moms,Har aldrig varit registrerad som arbetsgivare,0 anställda,Postadress är OK,"Tar emot reklam, ej telefonnummerspärrat"
5595796458,165595796458,Neuropsykiatri i Norr AB,,Övriga aktiebolag,Privat,2026-04-07,2026-04-13,,Normalläge,Är verksam,"Psykologi- och psykoterapiverksamhet, utom läkare",86930,Luleå,Norrbotten,Luleå/Boden,LUMMERGATAN 12,976 36,LULEÅ,e.maria.blomqvist@gmail.com,,Är registrerad för F-skatt,Är registrerad för moms,Har aldrig varit registrerad som arbetsgivare,0 anställda,Postadress är OK,"Tar emot reklam, ej telefonnummerspärrat"
5595796466,165595796466,Kabloie AB,,Övriga aktiebolag,Privat,2026-04-07,,,Normalläge,Har aldrig varit verksam,Okänd,00000,Lund,Skåne,Malmö/Lund/Trelleborg,KOMMUNIKATIONSVÄGEN 5,223 63,LUND,,,Har aldrig varit registrerad för F-skatt,Har aldrig varit registrerad för moms,Har aldrig varit registrerad som arbetsgivare,0 anställda,Postadress är OK,"Tar emot reklam, ej telefonnummerspärrat"
5595796474,165595796474,MAHALAXMI AB,,Övriga aktiebolag,Privat,2026-04-07,2026-04-13,,Normalläge,Är verksam,Restaurangverksamhet,56110,Nyköping,Södermanland,Nyköping,ÖSTRA STORGATAN 27,611 34,NYKÖPING,TADKANYKOPINGSE@GMAIL.COM,,Är registrerad för F-skatt,Är registrerad för moms,Är registrerad som vanlig arbetsgivare,1-9 anställda,Postadress är OK,"Tar emot reklam, ej telefonnummerspärrat"
5595796482,165595796482,Berglunds Bygg & Design AB,,Övriga aktiebolag,Privat,2026-04-07,2026-04-13,,Normalläge,Är verksam,Byggande av bostadshus och andra byggnader,41000,Kristinehamn,Värmland,Kristinehamn,SKOGSGATAN 10,681 35,KRISTINEHAMN,berglundsbyggdesign@outlook.com,,Är registrerad för F-skatt,Är registrerad för moms,Har aldrig varit registrerad som arbetsgivare,0 anställda,Postadress är OK,"Tar emot reklam, ej telefonnummerspärrat"
5595796490,165595796490,Solkillarna Group K&G AB,,Övriga aktiebolag,Privat,2026-04-07,,,Normalläge,Har aldrig varit verksam,Okänd,00000,Göteborg,Västra Götaland,Göteborg,BACKA BERGÖGATA 12 H,422 46,HISINGS BACKA,info@solkillarnakg.net,,Har aldrig varit registrerad för F-skatt,Har aldrig varit registrerad för moms,Har aldrig varit registrerad som arbetsgivare,0 anställda,Postadress är OK,"Tar emot reklam, ej telefonnummerspärrat"
5595796508,165595796508,TJOG AB,,Övriga aktiebolag,Privat,2026-04-07,,,Normalläge,Har aldrig varit verksam,Okänd,00000,Helsingborg,Skåne,Helsingborg/Landskrona,DROTTNINGGATAN 7,252 21,HELSINGBORG,,,Har aldrig varit registrerad för F-skatt,Har aldrig varit registrerad för moms,Har aldrig varit registrerad som arbetsgivare,0 anställda,Postadress är OK,"Tar emot reklam, ej telefonnummerspärrat"
5595796516,165595796516,Mino 25056 Aktiebolag,,Övriga aktiebolag,Privat,2026-04-07,,,Normalläge,Har aldrig varit verksam,Okänd,00000,Strängnäs,Södermanland,Eskilstuna,KOPPARGRÄND 3  STRÄNGNÄS AB,645 30,STRÄNGNÄS,frank.lange@talenom.se,,Har aldrig varit registrerad för F-skatt,Har aldrig varit registrerad för moms,Har aldrig varit registrerad som arbetsgivare,0 anställda,Postadress är OK,"Tar emot reklam, ej telefonnummerspärrat"
5595796524,165595796524,Mino 25055 Aktiebolag,,Övriga aktiebolag,Privat,2026-04-07,,,Normalläge,Har aldrig varit verksam,Okänd,00000,Strängnäs,Södermanland,Eskilstuna,KOPPARGRÄND 3  STRÄNGNÄS AB,645 30,STRÄNGNÄS,frank.lange@talenom.se,,Har aldrig varit registrerad för F-skatt,Har aldrig varit registrerad för moms,Har aldrig varit registrerad som arbetsgivare,0 anställda,Postadress är OK,"Tar emot reklam, ej telefonnummerspärrat"
5595796532,165595796532,Bjarcon AB,,Övriga aktiebolag,Privat,2026-04-07,2026-04-13,,Normalläge,Är verksam,Teknisk konsultverksamhet inom bygg- och anläggningsteknik,71121,Laholm,Halland,Halmstad,LYCKOVÄGEN 6 C,312 71,SKUMMESLÖVSSTRAND,,,Är registrerad för F-skatt,Har aldrig varit registrerad för moms,Har aldrig varit registrerad som arbetsgivare,0 anställda,Postadress är OK,"Tar emot reklam, ej telefonnummerspärrat"
5595796540,165595796540,Bytecrest AB,,Övriga aktiebolag,Privat,2026-04-07,,,Normalläge,Har aldrig varit verksam,Okänd,00000,Vellinge,Skåne,Malmö/Lund/Trelleborg,MJÖLNERSGATAN 7,235 35,VELLINGE,mattiasswenson1@gmail.com,,Har aldrig varit registrerad för F-skatt,Har aldrig varit registrerad för moms,Har aldrig varit registrerad som arbetsgivare,0 anställda,Postadress är OK,"Tar emot reklam, ej telefonnummerspärrat"
5595796557,165595796557,Jedo Group AB,,Övriga aktiebolag,Privat,2026-04-07,,,Normalläge,Har aldrig varit verksam,Okänd,00000,Mora,Dalarna,Mora,VASAGATAN 37,792 31,MORA,Dofs3@hotmail.com,,Har aldrig varit registrerad för F-skatt,Har aldrig varit registrerad för moms,Har aldrig varit registrerad som arbetsgivare,0 anställda,Postadress är OK,"Tar emot reklam, ej telefonnummerspärrat"
5595796565,165595796565,MAMMADOVS TRANSPORT AB,,Övriga aktiebolag,Privat,2026-04-07,2026-04-13,,Normalläge,Är verksam,"Passagerartrafik på beställning, fordon med förare",49330,Haninge,Stockholm,Stockholm/Södertälje,VEGA ALLÉ 142  LGH 1207 HANDEN,136 48,HANDEN,rustem.mamedov027@gmail.com,,Är registrerad för F-skatt,Har aldrig varit registrerad för moms,Har aldrig varit registrerad som arbetsgivare,0 anställda,Postadress är OK,"Tar emot reklam, ej telefonnummerspärrat"
5595796581,165595796581,Falconet AB,,Övriga aktiebolag,Privat,2026-04-07,2026-04-13,,Normalläge,Är verksam,"Vägtransport, godstrafik",49410,Upplands-Bro,Stockholm,Stockholm/Södertälje,KÖPMANVÄGEN 22,197 30,BRO,falconl.bud@gmail.com,,Är registrerad för F-skatt,Är registrerad för moms,Har aldrig varit registrerad som arbetsgivare,0 anställda,Postadress är OK,"Tar emot reklam, ej telefonnummerspärrat"
5595796599,165595796599,Liveyourbest AB,,Övriga aktiebolag,Privat,2026-04-07,2026-04-13,,Normalläge,Är verksam,Detaljhandel med hälsokost,47271,Alingsås,Västra Götaland,Göteborg,STRANDVÄGEN 103,441 44,ALINGSÅS,ksh.lind@gmail.com,,Är registrerad för F-skatt,Har aldrig varit registrerad för moms,Har aldrig varit registrerad som arbetsgivare,0 anställda,Postadress är OK,"Tar emot reklam, ej telefonnummerspärrat"
5595796607,165595796607,Vår Assistans i Sverige AB,,Övriga aktiebolag,Privat,2026-04-07,,,Normalläge,Har aldrig varit verksam,Okänd,00000,Sigtuna,Stockholm,Stockholm/Södertälje,ROSERSBERGSVÄGEN 24,195 71,ROSERSBERG,selma.hosseinbor@gmail.com,,Har aldrig varit registrerad för F-skatt,Har aldrig varit registrerad för moms,Har aldrig varit registrerad som arbetsgivare,0 anställda,Postadress är OK,"Tar emot reklam, ej telefonnummerspärrat"
5595796615,165595796615,DO Restaurang AB,,Övriga aktiebolag,Privat,2026-04-07,2026-04-13,,Normalläge,Är verksam,Mobil restaurangverksamhet,56120,Malmö,Skåne,Malmö/Lund/Trelleborg,BLÅSEBERGAVÄGEN 33 A,216 34,LIMHAMN,danne-85@hotmail.com,,Är registrerad för F-skatt,Är registrerad för moms,Har aldrig varit registrerad som arbetsgivare,0 anställda,Postadress är OK,"Tar emot reklam, ej telefonnummerspärrat"
5595796623,165595796623,Stora Sten Företagsutveckling AB,,Övriga aktiebolag,Privat,2026-04-07,,,Normalläge,Har aldrig varit verksam,Okänd,00000,Ludvika,Dalarna,Ludvika,STORA STEN 505,772 90,GRÄNGESBERG,Henrik.hammargren@abkarlhedin.se,,Har aldrig varit registrerad för F-skatt,Har aldrig varit registrerad för moms,Har aldrig varit registrerad som arbetsgivare,0 anställda,Postadress är OK,"Tar emot reklam, ej telefonnummerspärrat"
5595796631,165595796631,Nordic Venture Partners AB,,Övriga aktiebolag,Privat,2026-04-07,2026-04-13,,Normalläge,Är verksam,Dataprogrammering,62100,Kungsbacka,Halland,Göteborg,SAXOFONVÄGEN 5,434 47,KUNGSBACKA,elin@revhakeninvest.se,,Är registrerad för F-skatt,Är registrerad för moms,Har aldrig varit registrerad som arbetsgivare,0 anställda,Postadress är OK,"Tar emot reklam, ej telefonnummerspärrat"
5595796649,165595796649,Döner Kingdom AB,,Övriga aktiebolag,Privat,2026-04-07,2026-04-07,,Normalläge,Är verksam,Mobil restaurangverksamhet,56120,Luleå,Norrbotten,Luleå/Boden,ASSISTENTVÄGEN 290,977 52,LULEÅ,behnamafzali12@gmail.com,,Är registrerad för F-skatt,Är registrerad för moms,Är registrerad som vanlig arbetsgivare,1-9 anställda,Postadress är OK,"Tar emot reklam, ej telefonnummerspärrat"
5595796656,165595796656,Chriskross AB,,Övriga aktiebolag,Privat,2026-04-07,2026-04-13,,Normalläge,Är verksam,"Utvinning av sand, grus och berg samt utvinning av lera och kaolin",08120,Örnsköldsvik,Västernorrland,Örnsköldsvik,GÄRDEN 110,893 91,BJÄSTA,chris.sellgren@icloud.com,,Är registrerad för F-skatt,Har aldrig varit registrerad för moms,Har aldrig varit registrerad som arbetsgivare,0 anställda,Postadress är OK,"Tar emot reklam, ej telefonnummerspärrat"
5595796680,165595796680,Platinum Digital Lab AB,,Övriga aktiebolag,Privat,2026-04-07,2026-04-13,,Normalläge,Är verksam,Tillverkning av tandproteser,32502,Järfälla,Stockholm,Stockholm/Södertälje,MINUTGRÄND 19,177 63,JÄRFÄLLA,ivan1genuk2@gmail.com,,Är registrerad för F-skatt,Är registrerad för moms,Är registrerad som vanlig arbetsgivare,1-9 anställda,Postadress är OK,"Tar emot reklam, ej telefonnummerspärrat"
5595796698,165595796698,Nacka kaffe och konfektyr AB,,Övriga aktiebolag,Privat,2026-04-07,2026-04-13,,Normalläge,Är verksam,"Partihandel med kaffe, te, kakao och kryddor",46370,Nacka,Stockholm,Stockholm/Södertälje,STRANDPROMENADEN 65,131 50,SALTSJÖ-DUVNÄS,kontakt@campuskassan.se,,Är registrerad för F-skatt,Är registrerad för moms,Har aldrig varit registrerad som arbetsgivare,0 anställda,Postadress är OK,"Tar emot reklam, ej telefonnummerspärrat"
5595796706,165595796706,Hutter Group AB,,Övriga aktiebolag,Privat,2026-04-07,,,Normalläge,Har aldrig varit verksam,Okänd,00000,Stockholm,Stockholm,Stockholm/Södertälje,BECKOMBERGA ALLÉ 3,168 60,BROMMA,andreas.hutter@speakeasy.nu,,Har aldrig varit registrerad för F-skatt,Har aldrig varit registrerad för moms,Har aldrig varit registrerad som arbetsgivare,0 anställda,Postadress är OK,"Tar emot reklam, ej telefonnummerspärrat"
5595796714,165595796714,Up to Something AB,,Övriga aktiebolag,Privat,2026-04-07,,,Normalläge,Har aldrig varit verksam,Okänd,00000,Stockholm,Stockholm,Stockholm/Södertälje,VÄSTMANNAGATAN 24,113 60,STOCKHOLM,rasmus.sundkvist@gmail.com,,Har aldrig varit registrerad för F-skatt,Har aldrig varit registrerad för moms,Har aldrig varit registrerad som arbetsgivare,0 anställda,Postadress är OK,"Tar emot reklam, ej telefonnummerspärrat"
5595796722,165595796722,MAED Advisory AB,,Övriga aktiebolag,Privat,2026-04-07,2026-04-13,,Normalläge,Är verksam,Konsultverksamhet avseende företags organisation,70200,Kungsbacka,Halland,Göteborg,KULLAVIKS SKOLVÄG 12,429 32,KULLAVIK,Martina.edberg18@gmail.com,,Är registrerad för F-skatt,Är registrerad för moms,Har aldrig varit registrerad som arbetsgivare,0 anställda,Postadress är OK,"Tar emot reklam, ej telefonnummerspärrat"
5595796730,165595796730,Framstaden Projekt 2601 AB,,Övriga aktiebolag,Privat,2026-04-07,,,Normalläge,Har aldrig varit verksam,Okänd,00000,Danderyd,Stockholm,Stockholm/Södertälje,DROTTVÄGEN 7,182 64,DJURSHOLM,joakim.hemgren@technius.se,,Har aldrig varit registrerad för F-skatt,Har aldrig varit registrerad för moms,Har aldrig varit registrerad som arbetsgivare,0 anställda,Postadress är OK,"Tar emot reklam, ej telefonnummerspärrat"
5595796748,165595796748,Stålviken AB,,Övriga aktiebolag,Privat,2026-04-07,,,Normalläge,Har aldrig varit verksam,Okänd,00000,Österåker,Stockholm,Stockholm/Södertälje,LÖNNVÄGEN 2,184 43,ÅKERSBERGA,,,Har aldrig varit registrerad för F-skatt,Har aldrig varit registrerad för moms,Har aldrig varit registrerad som arbetsgivare,0 anställda,Postadress är OK,"Tar emot reklam, ej telefonnummerspärrat"
5595796755,165595796755,Zoobutiken i Ö-vik AB,,Övriga aktiebolag,Privat,2026-04-07,,,Normalläge,Har aldrig varit verksam,Okänd,00000,Örnsköldsvik,Västernorrland,Örnsköldsvik,NYGATAN 6,891 33,ÖRNSKÖLDSVIK,zoobutikeniovik@gmail.com,,Har aldrig varit registrerad för F-skatt,Har aldrig varit registrerad för moms,Har aldrig varit registrerad som arbetsgivare,0 anställda,Postadress är OK,"Tar emot reklam, ej telefonnummerspärrat"
5595796763,165595796763,Petter Jonsson Fastighet i Valdemarsvik AB,,Övriga aktiebolag,Privat,2026-04-07,,,Normalläge,Har aldrig varit verksam,Okänd,00000,Valdemarsvik,Östergötland,Norrköping,DISKUSVÄGEN 8,615 33,VALDEMARSVIK,family.jonsson@telia.com,,Har aldrig varit registrerad för F-skatt,Har aldrig varit registrerad för moms,Har aldrig varit registrerad som arbetsgivare,0 anställda,Postadress är OK,"Tar emot reklam, ej telefonnummerspärrat"
5595796771,165595796771,Clarity Online AB,,Övriga aktiebolag,Privat,2026-04-07,2026-04-13,,Normalläge,Är verksam,Konsultverksamhet avseende företags organisation,70200,Göteborg,Västra Götaland,Göteborg,VÄRMLANDSGATAN 16 A,413 28,GÖTEBORG,mir@nda.nu,,Är registrerad för F-skatt,Är registrerad för moms,Har aldrig varit registrerad som arbetsgivare,0 anställda,Postadress är OK,"Tar emot reklam, ej telefonnummerspärrat"
5595796789,165595796789,SalesLyft AB,,Övriga aktiebolag,Privat,2026-04-07,,,Normalläge,Har aldrig varit verksam,Okänd,00000,Rättvik,Dalarna,Borlänge/Falun,FURUDAL YXSMEDSVÄGEN 14,795 71,FURUDAL,alexanderolzen@hotmail.com,,Har aldrig varit registrerad för F-skatt,Har aldrig varit registrerad för moms,Har aldrig varit registrerad som arbetsgivare,0 anställda,Postadress är OK,"Tar emot reklam, ej telefonnummerspärrat"
5595796797,165595796797,Therese Stalén AB,,Övriga aktiebolag,Privat,2026-04-07,2026-04-13,,Normalläge,Är verksam,Konsultverksamhet avseende företags organisation,70200,Stockholm,Stockholm,Stockholm/Södertälje,STORA KVINNS VÄG 58,125 59,ÄLVSJÖ,therese.stahlen@gmail.com,,Är registrerad för F-skatt,Är registrerad för moms,Har aldrig varit registrerad som arbetsgivare,0 anställda,Postadress är OK,"Tar emot reklam, ej telefonnummerspärrat"
5595796821,165595796821,Tingebro Fastigheter AB,,Övriga aktiebolag,Privat,2026-04-07,,,Normalläge,Har aldrig varit verksam,Okänd,00000,Högsby,Kalmar,Oskarshamn,MICKELSBERGSVÄGEN 30,129 50,HÄGERSTEN,,,Har aldrig varit registrerad för F-skatt,Har aldrig varit registrerad för moms,Har aldrig varit registrerad som arbetsgivare,0 anställda,Postadress är OK,"Tar emot reklam, ej telefonnummerspärrat"
5595796839,165595796839,Light and Night Taxi AB,,Övriga aktiebolag,Privat,2026-04-07,2026-04-13,,Normalläge,Är verksam,"Passagerartrafik på beställning, fordon med förare",49330,Borås,Västra Götaland,Borås,S:T MICHELSGATAN 2 C,504 32,BORÅS,qjazbeh@gmail.com,,Är registrerad för F-skatt,Har aldrig varit registrerad för moms,Har aldrig varit registrerad som arbetsgivare,0 anställda,Postadress är OK,"Tar emot reklam, ej telefonnummerspärrat"
5595796847,165595796847,Macks Laser AB,,Övriga aktiebolag,Privat,2026-04-07,,,Normalläge,Har aldrig varit verksam,Okänd,00000,Lidingö,Stockholm,Stockholm/Södertälje,GÅSHAGA BRYGGA 29,181 66,LIDINGÖ,calle@sollevi.se,,Har aldrig varit registrerad för F-skatt,Har aldrig varit registrerad för moms,Har aldrig varit registrerad som arbetsgivare,0 anställda,Postadress är OK,"Tar emot reklam, ej telefonnummerspärrat"
5595796854,165595796854,HF Tjänst AB,,Övriga aktiebolag,Privat,2026-04-07,,,Normalläge,Har aldrig varit verksam,Okänd,00000,Götene,Västra Götaland,Lidköping/Skara,SUNTRÄLJE STORA SKATTEGÅRDEN 1,533 92,LUNDSBRUNN,henrik.reijmar@gmail.com,,Har aldrig varit registrerad för F-skatt,Har aldrig varit registrerad för moms,Har aldrig varit registrerad som arbetsgivare,0 anställda,Postadress är OK,"Tar emot reklam, ej telefonnummerspärrat"
5595796870,165595796870,Derome Trälycka AB,,Övriga aktiebolag,Privat,2026-04-07,,,Normalläge,Har aldrig varit verksam,Okänd,00000,Varberg,Halland,Falkenberg/Varberg,BJURUMSVÄGEN 14,432 68,VEDDIGE,,,Har aldrig varit registrerad för F-skatt,Har aldrig varit registrerad för moms,Har aldrig varit registrerad som arbetsgivare,0 anställda,Postadress är OK,"Tar emot reklam, ej telefonnummerspärrat"
5595796888,165595796888,EnvoroX AB,,Övriga aktiebolag,Privat,2026-04-07,,,Normalläge,Har aldrig varit verksam,Okänd,00000,Gävle,Gävleborg,Gävle/Sandviken,HORSNÄSVÄGEN 2,806 48,GÄVLE,,,Har aldrig varit registrerad för F-skatt,Har aldrig varit registrerad för moms,Har aldrig varit registrerad som arbetsgivare,0 anställda,Postadress är OK,"Tar emot reklam, ej telefonnummerspärrat"
5595796896,165595796896,Crumbles AB,,Övriga aktiebolag,Privat,2026-04-07,,,Normalläge,Har aldrig varit verksam,Okänd,00000,Göteborg,Västra Götaland,Göteborg,BRILJANTGATAN 4,421 49,VÄSTRA FRÖLUNDA,saraalsimani@icloud.com,,Har aldrig varit registrerad för F-skatt,Har aldrig varit registrerad för moms,Har aldrig varit registrerad som arbetsgivare,0 anställda,Postadress är OK,"Tar emot reklam, ej telefonnummerspärrat"
5595796904,165595796904,Ordmyllan AB,,Övriga aktiebolag,Privat,2026-04-07,,,Normalläge,Har aldrig varit verksam,Okänd,00000,Uppsala,Uppsala,Uppsala,LUTHAGSESPLANADEN 24 B LGH 130,752 24,UPPSALA,marika@ordmyllan.se,,Har aldrig varit registrerad för F-skatt,Har aldrig varit registrerad för moms,Har aldrig varit registrerad som arbetsgivare,0 anställda,Postadress är OK,"Tar emot reklam, ej telefonnummerspärrat"
5595796912,165595796912,Cielo Cell AB,,Övriga aktiebolag,Privat,2026-04-07,,,Normalläge,Har aldrig varit verksam,Okänd,00000,Lund,Skåne,Malmö/Lund/Trelleborg,MÅLAREVÄGEN 24,227 30,LUND,bela.rathonyi@gmail.com,,Har aldrig varit registrerad för F-skatt,Har aldrig varit registrerad för moms,Har aldrig varit registrerad som arbetsgivare,0 anställda,Postadress är OK,"Tar emot reklam, ej telefonnummerspärrat"
5595796938,165595796938,Isak Jonsson AB,,Övriga aktiebolag,Privat,2026-04-07,,,Normalläge,Har aldrig varit verksam,Okänd,00000,Örebro,Örebro,Örebro,JÄRNTORGSGATAN 7 B,703 39,ÖREBRO,,,Har aldrig varit registrerad för F-skatt,Har aldrig varit registrerad för moms,Har aldrig varit registrerad som arbetsgivare,0 anställda,Postadress är OK,"Tar emot reklam, ej telefonnummerspärrat"
5595796946,165595796946,Sakar Käkkirurgi AB,,Övriga aktiebolag,Privat,2026-04-07,2026-04-13,,Normalläge,Är verksam,Tandläkarverksamhet,86230,Växjö,Kronoberg,Växjö,ORRVÄGEN 31,352 42,VÄXJÖ,sakararam@yahoo.com,,Är registrerad för F-skatt,Har aldrig varit registrerad för moms,Har aldrig varit registrerad som arbetsgivare,0 anställda,Postadress är OK,"Tar emot reklam, ej telefonnummerspärrat"
5595796953,165595796953,Pson Byggresurs AB,,Övriga aktiebolag,Privat,2026-04-07,2026-04-13,,Normalläge,Är verksam,Teknisk konsultverksamhet inom bygg- och anläggningsteknik,71121,Uddevalla,Västra Götaland,Uddevalla,VÄSTRA SUNDSKOGSVÄGEN 35 G,451 90,UDDEVALLA,micaelpson@gmail.com,,Är registrerad för F-skatt,Har aldrig varit registrerad för moms,Har aldrig varit registrerad som arbetsgivare,0 anställda,Postadress är OK,"Tar emot reklam, ej telefonnummerspärrat"
5595796961,165595796961,Songally AB,,Övriga aktiebolag,Privat,2026-04-07,,,Normalläge,Har aldrig varit verksam,Okänd,00000,Norrköping,Östergötland,Norrköping,LAXHOLMSTORGET 3,602 21,NORRKÖPING,johannes@proguitar.com,,Har aldrig varit registrerad för F-skatt,Har aldrig varit registrerad för moms,Har aldrig varit registrerad som arbetsgivare,0 anställda,Postadress är OK,"Tar emot reklam, ej telefonnummerspärrat"
5595796979,165595796979,J N J AB,,Övriga aktiebolag,Privat,2026-04-07,,,Normalläge,Har aldrig varit verksam,Okänd,00000,Malmö,Skåne,Malmö/Lund/Trelleborg,SKRÄDDAREBYN 12 C LGH 1202,218 42,BUNKEFLOSTRAND,az7862021@gmail.com,,Har aldrig varit registrerad för F-skatt,Har aldrig varit registrerad för moms,Har aldrig varit registrerad som arbetsgivare,0 anställda,Postadress är OK,"Tar emot reklam, ej telefonnummerspärrat"
5595796987,165595796987,Älgamo Software AB,,Övriga aktiebolag,Privat,2026-04-07,,,Normalläge,Har aldrig varit verksam,Okänd,00000,Linköping,Östergötland,Linköping,KAPTENSGATAN 8 A,582 12,LINKÖPING,,,Har aldrig varit registrerad för F-skatt,Har aldrig varit registrerad för moms,Har aldrig varit registrerad som arbetsgivare,0 anställda,Postadress är OK,"Tar emot reklam, ej telefonnummerspärrat"
5595796995,165595796995,S.HL Transport AB,,Övriga aktiebolag,Privat,2026-04-07,,,Normalläge,Har aldrig varit verksam,Okänd,00000,Kristianstad,Skåne,Kristianstad,HAVREVÄGEN 7,291 62,KRISTIANSTAD,,,Har aldrig varit registrerad för F-skatt,Har aldrig varit registrerad för moms,Har aldrig varit registrerad som arbetsgivare,0 anställda,Postadress är OK,"Tar emot reklam, ej telefonnummerspärrat"
5595797001,165595797001,Gustav Bergendahl AB,,Övriga aktiebolag,Privat,2026-04-07,,,Normalläge,Har aldrig varit verksam,Okänd,00000,Stockholm,Stockholm,Stockholm/Södertälje,BORGMÄSTARGATAN 12,116 29,STOCKHOLM,bergendahlgustav@gmail.com,,Har aldrig varit registrerad för F-skatt,Har aldrig varit registrerad för moms,Har aldrig varit registrerad som arbetsgivare,0 anställda,Postadress är OK,"Tar emot reklam, ej telefonnummerspärrat"
5595797019,165595797019,AJS Dalarna AB,,Övriga aktiebolag,Privat,2026-04-07,2026-04-13,,Normalläge,Är verksam,Konsultverksamhet avseende företags organisation,70200,Falun,Dalarna,Borlänge/Falun,GRUVGATAN 16,791 62,FALUN,albin.sahlin@icloud.com,,Är registrerad för F-skatt,Har aldrig varit registrerad för moms,Har aldrig varit registrerad som arbetsgivare,0 anställda,Postadress är OK,"Tar emot reklam, ej telefonnummerspärrat"
5595797027,165595797027,Bothin konsult AB,,Övriga aktiebolag,Privat,2026-04-07,,,Normalläge,Har aldrig varit verksam,Okänd,00000,Halmstad,Halland,Halmstad,SENAPSVÄGEN 22,305 96,ELDSBERGA,Tommy.bothin@gmail.com,,Har aldrig varit registrerad för F-skatt,Har aldrig varit registrerad för moms,Har aldrig varit registrerad som arbetsgivare,0 anställda,Postadress är OK,"Tar emot reklam, ej telefonnummerspärrat"
5595797035,165595797035,Mellanvind AB,,Övriga aktiebolag,Privat,2026-04-07,,,Normalläge,Har aldrig varit verksam,Okänd,00000,Uppsala,Uppsala,Uppsala,LUTHAGSESPLANADEN 12 A LGH 1102,752 25,UPPSALA,,,Har aldrig varit registrerad för F-skatt,Har aldrig varit registrerad för moms,Har aldrig varit registrerad som arbetsgivare,0 anställda,Postadress är OK,"Tar emot reklam, ej telefonnummerspärrat"
5595797043,165595797043,Nellie Rydback AB,,Övriga aktiebolag,Privat,2026-04-07,,,Normalläge,Har aldrig varit verksam,Okänd,00000,Håbo,Uppsala,Enköping,ÄLVKVARNSVÄGEN 14,746 34,BÅLSTA,nellie.rydback2002@gmail.com,,Har aldrig varit registrerad för F-skatt,Har aldrig varit registrerad för moms,Har aldrig varit registrerad som arbetsgivare,0 anställda,Postadress är OK,"Tar emot reklam, ej telefonnummerspärrat"
5595797050,165595797050,TierZero AB,,Övriga aktiebolag,Privat,2026-04-07,2026-04-13,,Normalläge,Är verksam,Konsultverksamhet avseende företags organisation,70200,Danderyd,Stockholm,Stockholm/Södertälje,BRAHEVÄGEN 2,182 73,STOCKSUND,morin.magnus@gmail.com,,Är registrerad för F-skatt,Är registrerad för moms,Har aldrig varit registrerad som arbetsgivare,0 anställda,Postadress är OK,"Tar emot reklam, ej telefonnummerspärrat"
5595797068,165595797068,ReAktiv Träning & Rehab 2026 AB,,Övriga aktiebolag,Privat,2026-04-07,,,Normalläge,Har aldrig varit verksam,Okänd,00000,Stockholm,Stockholm,Stockholm/Södertälje,VRÅKSTIGEN 18,125 56,ÄLVSJÖ,kerstin.dellrud.hellmans@gmail.com,,Har aldrig varit registrerad för F-skatt,Har aldrig varit registrerad för moms,Har aldrig varit registrerad som arbetsgivare,0 anställda,Postadress är OK,"Tar emot reklam, ej telefonnummerspärrat"
5595797076,165595797076,Yumain AB,,Övriga aktiebolag,Privat,2026-04-07,,,Normalläge,Har aldrig varit verksam,Okänd,00000,Stockholm,Stockholm,Stockholm/Södertälje,SANDALETTGATAN 18,125 47,ÄLVSJÖ,yumashimizu90@gmail.com,,Har aldrig varit registrerad för F-skatt,Har aldrig varit registrerad för moms,Har aldrig varit registrerad som arbetsgivare,0 anställda,Postadress är OK,"Tar emot reklam, ej telefonnummerspärrat"
5595797084,165595797084,DS Bemanning AB,,Övriga aktiebolag,Privat,2026-04-07,,,Normalläge,Har aldrig varit verksam,Okänd,00000,Norrköping,Östergötland,Norrköping,MATHILDA JUNGSTEDTS GATA 49,603 76,NORRKÖPING,ds.bemanning@hotmail.com,,Har aldrig varit registrerad för F-skatt,Har aldrig varit registrerad för moms,Har aldrig varit registrerad som arbetsgivare,0 anställda,Postadress är OK,"Tar emot reklam, ej telefonnummerspärrat"
5595797092,165595797092,Arora Group AB,,Övriga aktiebolag,Privat,2026-04-07,2026-04-13,,Normalläge,Är verksam,Datakonsultverksamhet,62201,Sigtuna,Stockholm,Stockholm/Södertälje,ORIONGATAN 68,195 55,MÄRSTA,1302aman@gmail.com,,Är registrerad för F-skatt,Är registrerad för moms,Är registrerad som vanlig arbetsgivare,1-9 anställda,Postadress är OK,"Tar emot reklam, ej telefonnummerspärrat"
5595797100,165595797100,DonadoBastias SoccerLab AB,,Övriga aktiebolag,Privat,2026-04-07,,,Normalläge,Har aldrig varit verksam,Okänd,00000,Stockholm,Stockholm,Stockholm/Södertälje,TRONDHEIMSGATAN 40,164 30,KISTA,Donadojavier93@gmail.com,,Har aldrig varit registrerad för F-skatt,Har aldrig varit registrerad för moms,Har aldrig varit registrerad som arbetsgivare,0 anställda,Postadress är OK,"Tar emot reklam, ej telefonnummerspärrat"
5595797118,165595797118,Mäster Byggarna Klippan AB,,Övriga aktiebolag,Privat,2026-04-07,2026-04-13,,Normalläge,Är verksam,Byggnadssnickeriarbeten,43320,Klippan,Skåne,Helsingborg/Landskrona,ÖVAD 7859,264 92,KLIPPAN,ubakpiech@gmail.com,,Är registrerad för F-skatt,Är registrerad för moms,Är registrerad som vanlig arbetsgivare,1-9 anställda,Postadress är OK,"Tar emot reklam, ej telefonnummerspärrat"
5595797134,165595797134,qp edition AB,,Övriga aktiebolag,Privat,2026-04-07,2026-04-13,,Normalläge,Är verksam,Reklambyråverksamhet,73111,Botkyrka,Stockholm,Stockholm/Södertälje,MORGONVÄGEN 27,146 32,TULLINGE,Pato@live.se,,Är registrerad för F-skatt,Är registrerad för moms,Har aldrig varit registrerad som arbetsgivare,0 anställda,Postadress är OK,"Tar emot reklam, ej telefonnummerspärrat"
5595797142,165595797142,Nova måleri AB,,Övriga aktiebolag,Privat,2026-04-07,,,Normalläge,Har aldrig varit verksam,Okänd,00000,Luleå,Norrbotten,Luleå/Boden,KYRKOGATAN 16 A,972 32,LULEÅ,Sannal_4@hotmail.com,,Har aldrig varit registrerad för F-skatt,Har aldrig varit registrerad för moms,Har aldrig varit registrerad som arbetsgivare,0 anställda,Postadress är OK,"Tar emot reklam, ej telefonnummerspärrat"
5595797159,165595797159,Josef Oskarsson AB,,Övriga aktiebolag,Privat,2026-04-07,2026-04-13,,Normalläge,Är verksam,Metallegoarbeten,25530,Nybro,Kalmar,Kalmar/Nybro,SANKT SIGFRID 304,382 92,NYBRO,josef.oskarsson@outlook.com,,Är registrerad för F-skatt,Är registrerad för moms,Är registrerad som vanlig arbetsgivare,1-9 anställda,Postadress är OK,"Tar emot reklam, ej telefonnummerspärrat"
5595797167,165595797167,EA Infra AB,,Övriga aktiebolag,Privat,2026-04-07,2026-04-13,,Normalläge,Är verksam,Teknisk konsultverksamhet inom bygg- och anläggningsteknik,71121,Falun,Dalarna,Borlänge/Falun,SNICKARVÄGEN 6,790 15,SUNDBORN,agneta@ameahcon.se,,Är registrerad för F-skatt,Är registrerad för moms,Är registrerad som vanlig arbetsgivare,1-9 anställda,Postadress är OK,"Tar emot reklam, ej telefonnummerspärrat"
5595797175,165595797175,Ven By Far AB,,Övriga aktiebolag,Privat,2026-04-07,,,Normalläge,Har aldrig varit verksam,Okänd,00000,Höganäs,Skåne,Helsingborg/Landskrona,FARHULTSVÄGEN 111,263 95,FARHULT,,,Har aldrig varit registrerad för F-skatt,Har aldrig varit registrerad för moms,Har aldrig varit registrerad som arbetsgivare,0 anställda,Postadress är OK,"Tar emot reklam, ej telefonnummerspärrat"
5595797183,165595797183,Mebrahtu Konsulting AB,,Övriga aktiebolag,Privat,2026-04-07,2026-04-13,,Normalläge,Är verksam,Dataprogrammering,62100,Järfälla,Stockholm,Stockholm/Södertälje,GRIPENGATAN 30,177 47,JÄRFÄLLA,Fanuel.mebrahtu@hotmail.com,,Är registrerad för F-skatt,Har aldrig varit registrerad för moms,Har aldrig varit registrerad som arbetsgivare,0 anställda,Postadress är OK,"Tar emot reklam, ej telefonnummerspärrat"
5595797191,165595797191,Rull Media AB,,Övriga aktiebolag,Privat,2026-04-07,,,Normalläge,Har aldrig varit verksam,Okänd,00000,Stockholm,Stockholm,Stockholm/Södertälje,HÄLSINGEGATAN 51,113 66,STOCKHOLM,fredrik.stolt@live.se,,Har aldrig varit registrerad för F-skatt,Har aldrig varit registrerad för moms,Har aldrig varit registrerad som arbetsgivare,0 anställda,Postadress är OK,"Tar emot reklam, ej telefonnummerspärrat"
5595797209,165595797209,Trollhättan Hälsokost AB,,Övriga aktiebolag,Privat,2026-04-07,,,Normalläge,Har aldrig varit verksam,Okänd,00000,Trollhättan,Västra Götaland,Trollhättan/Vänersborg,KUNGSGATAN 29,441 30,ALINGSÅS,lifealingsas@gmail.com,,Har aldrig varit registrerad för F-skatt,Har aldrig varit registrerad för moms,Har aldrig varit registrerad som arbetsgivare,0 anställda,Postadress är OK,"Tar emot reklam, ej telefonnummerspärrat"
5595797217,165595797217,Eira Technology AB,,Övriga aktiebolag,Privat,2026-04-07,,,Normalläge,Har aldrig varit verksam,Okänd,00000,Stockholm,Stockholm,Stockholm/Södertälje,DÖBELNSGATAN 53  3 TR,113 52,STOCKHOLM,odieden@gmail.com,,Har aldrig varit registrerad för F-skatt,Har aldrig varit registrerad för moms,Har aldrig varit registrerad som arbetsgivare,0 anställda,Postadress är OK,"Tar emot reklam, ej telefonnummerspärrat"
5595797225,165595797225,CMNP Group AB,,Övriga aktiebolag,Privat,2026-04-07,,,Normalläge,Har aldrig varit verksam,Okänd,00000,Växjö,Kronoberg,Växjö,MINNESOTAVÄGEN 24,352 49,VÄXJÖ,per-ola.linner@live.se,,Har aldrig varit registrerad för F-skatt,Har aldrig varit registrerad för moms,Har aldrig varit registrerad som arbetsgivare,0 anställda,Postadress är OK,"Tar emot reklam, ej telefonnummerspärrat"
5595797233,165595797233,Arctic Kakel AB,,Övriga aktiebolag,Privat,2026-04-07,,,Normalläge,Har aldrig varit verksam,Okänd,00000,Malmö,Skåne,Malmö/Lund/Trelleborg,SOLGATAN 29,212 20,MALMÖ,zoran.damjanovic0312@yahoo.com,,Har aldrig varit registrerad för F-skatt,Har aldrig varit registrerad för moms,Har aldrig varit registrerad som arbetsgivare,0 anställda,Postadress är OK,"Tar emot reklam, ej telefonnummerspärrat"
5595797241,165595797241,VSL AB,,Övriga aktiebolag,Privat,2026-04-07,,,Normalläge,Har aldrig varit verksam,Okänd,00000,Västerås,Västmanland,Västerås,NORRA RINGVÄGEN 43,722 18,VÄSTERÅS,,,Har aldrig varit registrerad för F-skatt,Har aldrig varit registrerad för moms,Har aldrig varit registrerad som arbetsgivare,0 anställda,Postadress är OK,"Tar emot reklam, ej telefonnummerspärrat"
5595797258,165595797258,Svezda AB,,Övriga aktiebolag,Privat,2026-04-07,2026-04-13,,Normalläge,Är verksam,"Livsmedelshandel med brett sortiment, ej varuhus eller stormarknad",47112,Ulricehamn,Västra Götaland,Borås,ARREHAGSVÄGEN 24,523 38,ULRICEHAMN,info@svezda.se,,Är registrerad för F-skatt,Är registrerad för moms,Har aldrig varit registrerad som arbetsgivare,0 anställda,Postadress är OK,"Tar emot reklam, ej telefonnummerspärrat"
5595797266,165595797266,PIZZERIA FENICIA ÖDESHÖG AB,,Övriga aktiebolag,Privat,2026-04-07,,,Normalläge,Har aldrig varit verksam,Okänd,00000,Jönköping,Jönköping,Jönköping,STORGATAN 12 A,599 31,ÖDESHÖG,,,Har aldrig varit registrerad för F-skatt,Har aldrig varit registrerad för moms,Har aldrig varit registrerad som arbetsgivare,0 anställda,Postadress är OK,"Tar emot reklam, ej telefonnummerspärrat"
5595797274,165595797274,Fredwall Sköld AB,,Övriga aktiebolag,Privat,2026-04-07,,,Normalläge,Har aldrig varit verksam,Okänd,00000,Norrtälje,Stockholm,Norrtälje,TORGNY SEGERSTEDTS ALLÉ 17 B,756 44,UPPSALA,elinstattinskold@gmail.com,,Har aldrig varit registrerad för F-skatt,Har aldrig varit registrerad för moms,Har aldrig varit registrerad som arbetsgivare,0 anställda,Postadress är OK,"Tar emot reklam, ej telefonnummerspärrat"
5595797282,165595797282,Cederqvist ProKitchen AB,,Övriga aktiebolag,Privat,2026-04-07,2026-04-13,,Normalläge,Är verksam,Teknisk konsultverksamhet inom bygg- och anläggningsteknik,71121,Falun,Dalarna,Borlänge/Falun,NÄSET 190,791 95,FALUN,olle.cederqvist@electroluxprofessional.com,,Är registrerad för F-skatt,Är registrerad för moms,Har aldrig varit registrerad som arbetsgivare,0 anställda,Postadress är OK,"Tar emot reklam, ej telefonnummerspärrat"
5595797290,165595797290,Stenhall Consulting AB,,Övriga aktiebolag,Privat,2026-04-07,2026-04-13,,Normalläge,Är verksam,Teknisk konsultverksamhet inom bygg- och anläggningsteknik,71121,Mark,Västra Götaland,Borås,BACKEN STENHALL,511 92,ÖRBY,affe74@gmail.com,,Är registrerad för F-skatt,Är registrerad för moms,Har aldrig varit registrerad som arbetsgivare,0 anställda,Postadress är OK,"Tar emot reklam, ej telefonnummerspärrat"
5595797308,165595797308,Chasecard AB,,Övriga aktiebolag,Privat,2026-04-07,,,Normalläge,Har aldrig varit verksam,Okänd,00000,Lysekil,Västra Götaland,Uddevalla,SÖDRA KVARNGATAN 8 A,453 34,LYSEKIL,94hallen94@gmail.com,,Har aldrig varit registrerad för F-skatt,Har aldrig varit registrerad för moms,Har aldrig varit registrerad som arbetsgivare,0 anställda,Postadress är OK,"Tar emot reklam, ej telefonnummerspärrat"
5595797316,165595797316,Martin Schori AB,,Övriga aktiebolag,Privat,2026-04-07,,,Normalläge,Har aldrig varit verksam,Okänd,00000,Stockholm,Stockholm,Stockholm/Södertälje,REGERINGSGATAN 89,111 39,STOCKHOLM,martin.schori@gmail.com,,Har aldrig varit registrerad för F-skatt,Har aldrig varit registrerad för moms,Har aldrig varit registrerad som arbetsgivare,0 anställda,Postadress är OK,"Tar emot reklam, ej telefonnummerspärrat"
5595797324,165595797324,B.E. Taxi AB,,Övriga aktiebolag,Privat,2026-04-07,,,Normalläge,Har aldrig varit verksam,Okänd,00000,Luleå,Norrbotten,Luleå/Boden,KLAPPHÄLLSSTIGEN 94,955 31,RÅNEÅ,bennyengstedt@gmail.com,,Har aldrig varit registrerad för F-skatt,Har aldrig varit registrerad för moms,Har aldrig varit registrerad som arbetsgivare,0 anställda,Postadress är OK,"Tar emot reklam, ej telefonnummerspärrat"
5595797332,165595797332,Wager Films AB,,Övriga aktiebolag,Privat,2026-04-07,2026-04-13,,Normalläge,Är verksam,"Produktion av film, video och tv-program",59110,Ekerö,Stockholm,Stockholm/Södertälje,RIMFROSTVÄGEN 2,179 75,SKÅ,olle.wager@gmail.com,,Är registrerad för F-skatt,Är registrerad för moms,Har aldrig varit registrerad som arbetsgivare,0 anställda,Postadress är OK,"Tar emot reklam, ej telefonnummerspärrat"
5595797340,165595797340,EEBKA LuftRent AB,,Övriga aktiebolag,Privat,2026-04-07,,,Normalläge,Har aldrig varit verksam,Okänd,00000,Vallentuna,Stockholm,Stockholm/Södertälje,MURSTENSVÄGEN 94,186 36,VALLENTUNA,,,Har aldrig varit registrerad för F-skatt,Har aldrig varit registrerad för moms,Har aldrig varit registrerad som arbetsgivare,0 anställda,Postadress är OK,"Tar emot reklam, ej telefonnummerspärrat"
5595797357,165595797357,Ett Plåtslageri i Timmernabben AB,,Övriga aktiebolag,Privat,2026-04-07,2026-04-13,,Normalläge,Är verksam,Takarbeten av plåt,43411,Mönsterås,Kalmar,Oskarshamn,VARVSVÄGEN 20,384 72,TIMMERNABBEN,antonlandstrom1@gmail.com,,Är registrerad för F-skatt,Är registrerad för moms,Har aldrig varit registrerad som arbetsgivare,0 anställda,Postadress är OK,"Tar emot reklam, ej telefonnummerspärrat"
5595797365,165595797365,Penjweny Taxi AB,,Övriga aktiebolag,Privat,2026-04-07,,,Normalläge,Har aldrig varit verksam,Okänd,00000,Håbo,Uppsala,Enköping,SKÖRBYHÖJDEN 48,746 41,BÅLSTA,ha-p@hotmail.com,,Har aldrig varit registrerad för F-skatt,Har aldrig varit registrerad för moms,Har aldrig varit registrerad som arbetsgivare,0 anställda,Postadress är OK,"Tar emot reklam, ej telefonnummerspärrat"
5595797373,165595797373,Agostin Group AB,,Övriga aktiebolag,Privat,2026-04-07,,,Normalläge,Har aldrig varit verksam,Okänd,00000,Göteborg,Västra Götaland,Göteborg,SNÖVÄDERSGATAN 1,418 31,GÖTEBORG,agostinpjeternikaj@gmail.com,,Har aldrig varit registrerad för F-skatt,Har aldrig varit registrerad för moms,Har aldrig varit registrerad som arbetsgivare,0 anställda,Postadress är OK,"Tar emot reklam, ej telefonnummerspärrat"
5595797381,165595797381,1AT.R.I AB,,Övriga aktiebolag,Privat,2026-04-07,,,Normalläge,Har aldrig varit verksam,Okänd,00000,Heby,Uppsala,Sala,LITSELBO 159,740 44,TÄRNSJÖ,info@1atri.se,,Har aldrig varit registrerad för F-skatt,Har aldrig varit registrerad för moms,Har aldrig varit registrerad som arbetsgivare,0 anställda,Postadress är OK,"Tar emot reklam, ej telefonnummerspärrat"
5595797399,165595797399,ASK Vega AB,,Övriga aktiebolag,Privat,2026-04-07,2026-04-13,,Normalläge,Är verksam,Datakonsultverksamhet,62201,Växjö,Kronoberg,Växjö,MÄSSANS GATA 10  BOX 5243,402 24,GÖTEBORG,magnus.fredriksson@askanalytics.se,,Är registrerad för F-skatt,Är registrerad för moms,Har aldrig varit registrerad som arbetsgivare,0 anställda,Postadress är OK,"Tar emot reklam, ej telefonnummerspärrat"
5595797407,165595797407,Kärrlid's Fastighet AB,,Övriga aktiebolag,Privat,2026-04-07,,,Normalläge,Har aldrig varit verksam,Okänd,00000,Klippan,Skåne,Helsingborg/Landskrona,VEDBYVÄGEN 68 B,264 37,KLIPPAN,,,Har aldrig varit registrerad för F-skatt,Har aldrig varit registrerad för moms,Har aldrig varit registrerad som arbetsgivare,0 anställda,Postadress är OK,"Tar emot reklam, ej telefonnummerspärrat"
5595797415,165595797415,H.L Utemiljö i Focus AB,,Övriga aktiebolag,Privat,2026-04-07,,,Normalläge,Har aldrig varit verksam,Okänd,00000,Vetlanda,Jönköping,Eksjö/Nässjö/Vetlanda,ÖSTERSANDSVÄGEN 26,574 34,VETLANDA,info@gront-rent.se,,Har aldrig varit registrerad för F-skatt,Har aldrig varit registrerad för moms,Har aldrig varit registrerad som arbetsgivare,0 anställda,Postadress är OK,"Tar emot reklam, ej telefonnummerspärrat"
5595797423,165595797423,Conradsson Consulting AB,,Övriga aktiebolag,Privat,2026-04-07,,,Normalläge,Har aldrig varit verksam,Okänd,00000,Umeå,Västerbotten,Umeå,PEDAGOGGRÄND 11 D,907 30,UMEÅ,modopojken@gmail.com,,Har aldrig varit registrerad för F-skatt,Har aldrig varit registrerad för moms,Har aldrig varit registrerad som arbetsgivare,0 anställda,Postadress är OK,"Tar emot reklam, ej telefonnummerspärrat"
5595797431,165595797431,Studio Arka AB,,Övriga aktiebolag,Privat,2026-04-07,,,Normalläge,Har aldrig varit verksam,Okänd,00000,Landskrona,Skåne,Helsingborg/Landskrona,TROEDS VÄG 6,261 62,GLUMSLÖV,otiliagustafsson@hotmail.com,,Har aldrig varit registrerad för F-skatt,Har aldrig varit registrerad för moms,Har aldrig varit registrerad som arbetsgivare,0 anställda,Postadress är OK,"Tar emot reklam, ej telefonnummerspärrat"
5595797449,165595797449,Lindegren Group AB,,Övriga aktiebolag,Privat,2026-04-07,,,Normalläge,Har aldrig varit verksam,Okänd,00000,Täby,Stockholm,Stockholm/Södertälje,KLÖVERVALLSVÄGEN 13 B,187 52,TÄBY,,,Har aldrig varit registrerad för F-skatt,Har aldrig varit registrerad för moms,Har aldrig varit registrerad som arbetsgivare,0 anställda,Postadress är OK,"Tar emot reklam, ej telefonnummerspärrat"
5595797456,165595797456,RK Creative AB,,Övriga aktiebolag,Privat,2026-04-07,2026-04-13,,Normalläge,Är verksam,Grafisk design och visuell kommunikation,74120,Stockholm,Stockholm,Stockholm/Södertälje,DIANAVÄGEN 24,115 42,STOCKHOLM,rikard.kohler@gmail.com,,Är registrerad för F-skatt,Är registrerad för moms,Har aldrig varit registrerad som arbetsgivare,0 anställda,Postadress är OK,"Tar emot reklam, ej telefonnummerspärrat"
5595797464,165595797464,Rots Bil AB,,Övriga aktiebolag,Privat,2026-04-07,2026-04-13,,Normalläge,Är verksam,Detaljhandel med personbilar och lätta motorfordon,47811,Uppsala,Uppsala,Uppsala,BROBY HAGE 6,741 52,UPPSALA,oliverarenrot@gmail.com,,Är registrerad för F-skatt,Är registrerad för moms,Har aldrig varit registrerad som arbetsgivare,0 anställda,Postadress är OK,"Tar emot reklam, ej telefonnummerspärrat"
5595797472,165595797472,StenPro AB,,Övriga aktiebolag,Privat,2026-04-07,2026-04-13,,Normalläge,Är verksam,Datakonsultverksamhet,62201,Ale,Västra Götaland,Göteborg,SKYTTELVÄGEN 7 B,449 51,ALAFORS,mattias@stenpro.se,,Är registrerad för F-skatt,Är registrerad för moms,Har aldrig varit registrerad som arbetsgivare,0 anställda,Postadress är OK,"Tar emot reklam, ej telefonnummerspärrat"
5595797498,165595797498,Quandeba Taxi AB,,Övriga aktiebolag,Privat,2026-04-07,2026-04-13,,Normalläge,Är verksam,"Passagerartrafik på beställning, fordon med förare",49330,Piteå,Norrbotten,Piteå,NYGATAN 33 B,941 33,PITEÅ,Teameadhanom72@gmail.com,,Är registrerad för F-skatt,Är registrerad för moms,Har aldrig varit registrerad som arbetsgivare,0 anställda,Postadress är OK,"Tar emot reklam, ej telefonnummerspärrat"
5595797506,165595797506,Norrinspektion och projekt AB,,Övriga aktiebolag,Privat,2026-04-07,2026-04-13,,Normalläge,Är verksam,Teknisk konsultverksamhet inom bygg- och anläggningsteknik,71121,Kiruna,Norrbotten,Kiruna/Gällivare,VUOLOSJÄRVIVÄGEN 56,981 92,KIRUNA,norrinspektion@gmail.com,,Är registrerad för F-skatt,Har aldrig varit registrerad för moms,Har aldrig varit registrerad som arbetsgivare,0 anställda,Postadress är OK,"Tar emot reklam, ej telefonnummerspärrat"
5595797514,165595797514,NIC Invest AB,,Övriga aktiebolag,Privat,2026-04-07,,,Normalläge,Har aldrig varit verksam,Okänd,00000,Falun,Dalarna,Borlänge/Falun,NÄSÄNGET 44,790 23,SVÄRDSJÖ,urban.murmester@gmail.com,,Har aldrig varit registrerad för F-skatt,Har aldrig varit registrerad för moms,Har aldrig varit registrerad som arbetsgivare,0 anställda,Postadress är OK,"Tar emot reklam, ej telefonnummerspärrat"
5595797522,165595797522,Northcut AB,,Övriga aktiebolag,Privat,2026-04-07,,,Normalläge,Har aldrig varit verksam,Okänd,00000,Eskilstuna,Södermanland,Eskilstuna,ALBROVÄGEN 38,635 13,ESKILSTUNA,aifastigheterab@gmail.com,,Har aldrig varit registrerad för F-skatt,Har aldrig varit registrerad för moms,Har aldrig varit registrerad som arbetsgivare,0 anställda,Postadress är OK,"Tar emot reklam, ej telefonnummerspärrat"
5595797530,165595797530,Hillesjö Rentals AB,,Övriga aktiebolag,Privat,2026-04-07,,,Normalläge,Har aldrig varit verksam,Okänd,00000,Gävle,Gävleborg,Gävle/Sandviken,HILLEVALLSVÄGEN 58,806 49,GÄVLE,andrehedin@gmail.com,,Har aldrig varit registrerad för F-skatt,Har aldrig varit registrerad för moms,Har aldrig varit registrerad som arbetsgivare,0 anställda,Postadress är OK,"Tar emot reklam, ej telefonnummerspärrat"
5595797548,165595797548,Hallgren Nordic Capital AB,,Övriga aktiebolag,Privat,2026-04-07,,,Normalläge,Har aldrig varit verksam,Okänd,00000,Malmö,Skåne,Malmö/Lund/Trelleborg,GÖTGATAN 7 B,216 11,LIMHAMN,,,Har aldrig varit registrerad för F-skatt,Har aldrig varit registrerad för moms,Har aldrig varit registrerad som arbetsgivare,0 anställda,Postadress är OK,"Tar emot reklam, ej telefonnummerspärrat"
5595797555,165595797555,WeBK Group AB,,Övriga aktiebolag,Privat,2026-04-07,,,Normalläge,Har aldrig varit verksam,Okänd,00000,Sunne,Värmland,Karlstad,LÅNGGATAN 33,686 30,SUNNE,,,Har aldrig varit registrerad för F-skatt,Har aldrig varit registrerad för moms,Har aldrig varit registrerad som arbetsgivare,0 anställda,Postadress är OK,"Tar emot reklam, ej telefonnummerspärrat"
5595797571,165595797571,PharmaPath Consulting AB,,Övriga aktiebolag,Privat,2026-04-07,2026-04-13,,Normalläge,Är verksam,"Detaljhandel med apoteksvaror, utom via internet eller postorder",47731,Ulricehamn,Västra Götaland,Borås,KYRKVÄGEN 6,523 74,HÖKERUM,pharmagate.consult@gmail.com,,Är registrerad för F-skatt,Är registrerad för moms,Har aldrig varit registrerad som arbetsgivare,0 anställda,Postadress är OK,"Tar emot reklam, ej telefonnummerspärrat"
5595797589,165595797589,Mats Olof Engström & Co Consulting AB,,Övriga aktiebolag,Privat,2026-04-07,,,Normalläge,Har aldrig varit verksam,Okänd,00000,Täby,Stockholm,Stockholm/Södertälje,ARNINGETORPSVÄGEN 10 E,187 60,TÄBY,stimuli.scoot.7i@icloud.com,,Har aldrig varit registrerad för F-skatt,Har aldrig varit registrerad för moms,Har aldrig varit registrerad som arbetsgivare,0 anställda,Postadress är OK,"Tar emot reklam, ej telefonnummerspärrat"
5595797597,165595797597,Kvick Förvaltning AB,,Övriga aktiebolag,Privat,2026-04-07,2026-04-13,,Normalläge,Är verksam,Konsultverksamhet avseende företags organisation,70200,Malmö,Skåne,Malmö/Lund/Trelleborg,LINNÉGATAN 65 B,216 15,LIMHAMN,,,Är registrerad för F-skatt,Är registrerad för moms,Har aldrig varit registrerad som arbetsgivare,0 anställda,Postadress är OK,"Tar emot reklam, ej telefonnummerspärrat"
5595797605,165595797605,Tipso AB,,Övriga aktiebolag,Privat,2026-04-07,2026-04-13,,Normalläge,Är verksam,Dataprogrammering,62100,Kumla,Örebro,Örebro,DALAGATAN 15,692 31,KUMLA,hugo.sjodin03@gmail.com,,Är registrerad för F-skatt,Har aldrig varit registrerad för moms,Har aldrig varit registrerad som arbetsgivare,0 anställda,Postadress är OK,"Tar emot reklam, ej telefonnummerspärrat"
5595797613,165595797613,SoulGrit AB,,Övriga aktiebolag,Privat,2026-04-07,,,Normalläge,Har aldrig varit verksam,Okänd,00000,Fagersta,Västmanland,Fagersta,BERGSLAGSVÄGEN 24 B,737 32,FAGERSTA,helenafrisk@hotmail.com,,Har aldrig varit registrerad för F-skatt,Har aldrig varit registrerad för moms,Har aldrig varit registrerad som arbetsgivare,0 anställda,Postadress är OK,"Tar emot reklam, ej telefonnummerspärrat"
5595797621,165595797621,Lindgläntan AB,,Övriga aktiebolag,Privat,2026-04-07,,,Normalläge,Har aldrig varit verksam,Okänd,00000,Varberg,Halland,Falkenberg/Varberg,STÅLGATAN 7,432 32,VARBERG,,,Har aldrig varit registrerad för F-skatt,Har aldrig varit registrerad för moms,Har aldrig varit registrerad som arbetsgivare,0 anställda,Postadress är OK,"Tar emot reklam, ej telefonnummerspärrat"
5595797639,165595797639,Welmi AB,,Övriga aktiebolag,Privat,2026-04-07,,,Normalläge,Har aldrig varit verksam,Okänd,00000,Jönköping,Jönköping,Jönköping,POLSTJÄRNEVÄGEN 15,554 64,JÖNKÖPING,welmi2@hotmail.com,,Har aldrig varit registrerad för F-skatt,Har aldrig varit registrerad för moms,Har aldrig varit registrerad som arbetsgivare,0 anställda,Postadress är OK,"Tar emot reklam, ej telefonnummerspärrat"
5595797647,165595797647,Gastra Bygg AB,,Övriga aktiebolag,Privat,2026-04-07,,,Normalläge,Har aldrig varit verksam,Okänd,00000,Österåker,Stockholm,Stockholm/Södertälje,GÄRDSVIKSVÄGEN 22,184 95,LJUSTERÖ,gastrabygg@gmail.com,,Har aldrig varit registrerad för F-skatt,Har aldrig varit registrerad för moms,Har aldrig varit registrerad som arbetsgivare,0 anställda,Postadress är OK,"Tar emot reklam, ej telefonnummerspärrat"
5595797662,165595797662,Such & Co AB,,Övriga aktiebolag,Privat,2026-04-07,,,Normalläge,Har aldrig varit verksam,Okänd,00000,Stockholm,Stockholm,Stockholm/Södertälje,KARLBERGSVÄGEN 70 B,113 35,STOCKHOLM,christofer@trotmob.com,,Har aldrig varit registrerad för F-skatt,Har aldrig varit registrerad för moms,Har aldrig varit registrerad som arbetsgivare,0 anställda,Postadress är OK,"Tar emot reklam, ej telefonnummerspärrat"
5595797670,165595797670,Zenturo AB,,Övriga aktiebolag,Privat,2026-04-07,,,Normalläge,Har aldrig varit verksam,Okänd,00000,Lessebo,Kronoberg,Växjö,HASSELVÄGEN 1,365 33,LESSEBO,marcusnyman556@gmail.com,,Har aldrig varit registrerad för F-skatt,Har aldrig varit registrerad för moms,Har aldrig varit registrerad som arbetsgivare,0 anställda,Postadress är OK,"Tar emot reklam, ej telefonnummerspärrat"
5595797688,165595797688,Wiland Konsult AB,,Övriga aktiebolag,Privat,2026-04-07,2026-04-13,,Normalläge,Är verksam,Återförsäljning och förmedling avseende telekommunikation,61200,Tyresö,Stockholm,Stockholm/Södertälje,SLAGGVÄGEN 6 B,135 55,TYRESÖ,johan.wiland@gmail.com,,Är registrerad för F-skatt,Är registrerad för moms,Har aldrig varit registrerad som arbetsgivare,0 anställda,Postadress är OK,"Tar emot reklam, ej telefonnummerspärrat"
5595797696,165595797696,Askdungen AB,,Övriga aktiebolag,Privat,2026-04-07,,,Normalläge,Har aldrig varit verksam,Okänd,00000,Varberg,Halland,Falkenberg/Varberg,STÅLGATAN 7,432 32,VARBERG,,,Har aldrig varit registrerad för F-skatt,Har aldrig varit registrerad för moms,Har aldrig varit registrerad som arbetsgivare,0 anställda,Postadress är OK,"Tar emot reklam, ej telefonnummerspärrat"
5595797704,165595797704,Korbnet AB,,Övriga aktiebolag,Privat,2026-04-07,,,Normalläge,Har aldrig varit verksam,Okänd,00000,Stockholm,Stockholm,Stockholm/Södertälje,NORRA STATIONSGATAN 99,113 64,STOCKHOLM,arenseferi@outlook.com,,Har aldrig varit registrerad för F-skatt,Har aldrig varit registrerad för moms,Har aldrig varit registrerad som arbetsgivare,0 anställda,Postadress är OK,"Tar emot reklam, ej telefonnummerspärrat"
5595797712,165595797712,Stods AB,,Övriga aktiebolag,Privat,2026-04-07,,,Normalläge,Har aldrig varit verksam,Okänd,00000,Linköping,Östergötland,Linköping,NORGEGATAN 6,582 31,LINKÖPING,tomas@stods.se,,Har aldrig varit registrerad för F-skatt,Har aldrig varit registrerad för moms,Har aldrig varit registrerad som arbetsgivare,0 anställda,Postadress är OK,"Tar emot reklam, ej telefonnummerspärrat"
5595797720,165595797720,Bearnew AB,,Övriga aktiebolag,Privat,2026-04-07,,,Normalläge,Har aldrig varit verksam,Okänd,00000,Lund,Skåne,Malmö/Lund/Trelleborg,STORA TOMEGATAN 34 A LGH 1102,223 51,LUND,bjorn.nybergo@gmail.com,,Har aldrig varit registrerad för F-skatt,Har aldrig varit registrerad för moms,Har aldrig varit registrerad som arbetsgivare,0 anställda,Postadress är OK,"Tar emot reklam, ej telefonnummerspärrat"
5595797738,165595797738,OneFront360 AB,,Övriga aktiebolag,Privat,2026-04-07,,,Normalläge,Har aldrig varit verksam,Okänd,00000,Österåker,Stockholm,Stockholm/Södertälje,STRANDVÄGEN 4,184 51,ÖSTERSKÄR,kim.rohdin@onefront360.com,,Har aldrig varit registrerad för F-skatt,Har aldrig varit registrerad för moms,Har aldrig varit registrerad som arbetsgivare,0 anställda,Postadress är OK,"Tar emot reklam, ej telefonnummerspärrat"
5595797746,165595797746,NBFF AB,,Övriga aktiebolag,Privat,2026-04-07,2026-04-13,,Normalläge,Är verksam,Sport- och fritidsutbildning,85510,Stockholm,Stockholm,Stockholm/Södertälje,BÄCKASKIFTSVÄGEN 41,122 42,ENSKEDE,nikebloss@hotmail.se,,Är registrerad för F-skatt,Är registrerad för moms,Är registrerad som vanlig arbetsgivare,1-9 anställda,Postadress är OK,"Tar emot reklam, ej telefonnummerspärrat"
5595797753,165595797753,Rygg & Idrottscentrum Syd AB,,Övriga aktiebolag,Privat,2026-04-07,,,Normalläge,Har aldrig varit verksam,Okänd,00000,Helsingborg,Skåne,Helsingborg/Landskrona,KANTORSGATAN 24,254 51,HELSINGBORG,Lucas.alriksson@gmail.com,,Har aldrig varit registrerad för F-skatt,Har aldrig varit registrerad för moms,Har aldrig varit registrerad som arbetsgivare,0 anställda,Postadress är OK,"Tar emot reklam, ej telefonnummerspärrat"
5595797761,165595797761,Level Up Running AB,,Övriga aktiebolag,Privat,2026-04-07,,,Normalläge,Har aldrig varit verksam,Okänd,00000,Göteborg,Västra Götaland,Göteborg,RICHERTSGATAN 12,412 60,GÖTEBORG,,,Har aldrig varit registrerad för F-skatt,Har aldrig varit registrerad för moms,Har aldrig varit registrerad som arbetsgivare,0 anställda,Postadress är OK,"Tar emot reklam, ej telefonnummerspärrat"
5595797779,165595797779,Signio AB,,Övriga aktiebolag,Privat,2026-04-07,,,Normalläge,Har aldrig varit verksam,Okänd,00000,Stockholm,Stockholm,Stockholm/Södertälje,LÅNGHOLMSGATAN 17,117 33,STOCKHOLM,info@signiopayment.com,,Har aldrig varit registrerad för F-skatt,Har aldrig varit registrerad för moms,Har aldrig varit registrerad som arbetsgivare,0 anställda,Postadress är OK,"Tar emot reklam, ej telefonnummerspärrat"
5595797787,165595797787,Northloop Group AB,,Övriga aktiebolag,Privat,2026-04-07,,,Normalläge,Har aldrig varit verksam,Okänd,00000,Stockholm,Stockholm,Stockholm/Södertälje,BIRGER JARLSGATAN 99 B 1201,113 56,STOCKHOLM,alex@hejalex.com,,Har aldrig varit registrerad för F-skatt,Har aldrig varit registrerad för moms,Har aldrig varit registrerad som arbetsgivare,0 anställda,Postadress är OK,"Tar emot reklam, ej telefonnummerspärrat"
5595797795,165595797795,Lind Flender AB,,Övriga aktiebolag,Privat,2026-04-07,,,Normalläge,Har aldrig varit verksam,Okänd,00000,Lessebo,Kronoberg,Växjö,KÅRLANDAVÄGEN 16,365 41,HOVMANTORP,lindanna79@gmail.com,,Har aldrig varit registrerad för F-skatt,Har aldrig varit registrerad för moms,Har aldrig varit registrerad som arbetsgivare,0 anställda,Postadress är OK,"Tar emot reklam, ej telefonnummerspärrat"
5595797803,165595797803,MiMi Kiosk AB,,Övriga aktiebolag,Privat,2026-04-07,,,Normalläge,Har aldrig varit verksam,Okänd,00000,Uddevalla,Västra Götaland,Uddevalla,SUNNANVINDSVÄGEN 2,451 60,UDDEVALLA,duaaameen@yahoo.com,,Har aldrig varit registrerad för F-skatt,Har aldrig varit registrerad för moms,Har aldrig varit registrerad som arbetsgivare,0 anställda,Postadress är OK,"Tar emot reklam, ej telefonnummerspärrat"
5595797811,165595797811,CAPSLOCK Interactive AB,,Övriga aktiebolag,Privat,2026-04-07,,,Normalläge,Har aldrig varit verksam,Okänd,00000,Skövde,Västra Götaland,Skövde,KANIKEGRÄND 3 B,549 34,SKÖVDE,victornk.CAPSLOCK@gmail.com,,Har aldrig varit registrerad för F-skatt,Har aldrig varit registrerad för moms,Har aldrig varit registrerad som arbetsgivare,0 anställda,Postadress är OK,"Tar emot reklam, ej telefonnummerspärrat"
5595797829,165595797829,Green Stop BESS Sweden AB,,Övriga aktiebolag,Privat,2026-04-07,,,Normalläge,Har aldrig varit verksam,Okänd,00000,Jönköping,Jönköping,Jönköping,GJUTERIVÄGEN 9,553 18,JÖNKÖPING,otto@werneskog.com,,Har aldrig varit registrerad för F-skatt,Har aldrig varit registrerad för moms,Har aldrig varit registrerad som arbetsgivare,0 anställda,Postadress är OK,"Tar emot reklam, ej telefonnummerspärrat"
5595797837,165595797837,Jörgen Olsson Allservice AB,,Övriga aktiebolag,Privat,2026-04-07,,,Normalläge,Har aldrig varit verksam,Okänd,00000,Östhammar,Uppsala,Uppsala,KYRKVÄGEN 24,747 30,ALUNDA,jorgen.olsson1@telia.com,,Har aldrig varit registrerad för F-skatt,Har aldrig varit registrerad för moms,Har aldrig varit registrerad som arbetsgivare,0 anställda,Postadress är OK,"Tar emot reklam, ej telefonnummerspärrat"
5595797845,165595797845,Helltek AB,,Övriga aktiebolag,Privat,2026-04-07,,,Normalläge,Har aldrig varit verksam,Okänd,00000,Ulricehamn,Västra Götaland,Borås,HÄRNAVÄGEN 6,523 74,HÖKERUM,simongustavsson.90@live.se,,Har aldrig varit registrerad för F-skatt,Har aldrig varit registrerad för moms,Har aldrig varit registrerad som arbetsgivare,0 anställda,Postadress är OK,"Tar emot reklam, ej telefonnummerspärrat"
5595797852,165595797852,MAC Gastronomi AB,,Övriga aktiebolag,Privat,2026-04-07,,,Normalläge,Har aldrig varit verksam,Okänd,00000,Alingsås,Västra Götaland,Göteborg,NYGATAN 18 A,441 30,ALINGSÅS,info@tillanna.se,,Har aldrig varit registrerad för F-skatt,Har aldrig varit registrerad för moms,Har aldrig varit registrerad som arbetsgivare,0 anställda,Postadress är OK,"Tar emot reklam, ej telefonnummerspärrat"
5595797860,165595797860,Necto Technologies AB,,Övriga aktiebolag,Privat,2026-04-07,,,Normalläge,Har aldrig varit verksam,Okänd,00000,Stockholm,Stockholm,Stockholm/Södertälje,SIMRISHAMNSVÄGEN 15  1206,121 53,JOHANNESHOV,,,Har aldrig varit registrerad för F-skatt,Har aldrig varit registrerad för moms,Har aldrig varit registrerad som arbetsgivare,0 anställda,Postadress är OK,"Tar emot reklam, ej telefonnummerspärrat"
5595797878,165595797878,Envirocon AB,,Övriga aktiebolag,Privat,2026-04-07,,,Normalläge,Har aldrig varit verksam,Okänd,00000,Färgelanda,Västra Götaland,Uddevalla,STORA BÖN 19,668 94,BÄCKEFORS,rikard@neocontrol.se,,Har aldrig varit registrerad för F-skatt,Har aldrig varit registrerad för moms,Har aldrig varit registrerad som arbetsgivare,0 anställda,Postadress är OK,"Tar emot reklam, ej telefonnummerspärrat"
5595797886,165595797886,Amperum Elkonstruktion AB,,Övriga aktiebolag,Privat,2026-04-07,,,Normalläge,Har aldrig varit verksam,Okänd,00000,Helsingborg,Skåne,Helsingborg/Landskrona,VINBÄRSGATAN 10,253 51,PÅARP,hampus.sjostrand@sydsvenskael.se,,Har aldrig varit registrerad för F-skatt,Har aldrig varit registrerad för moms,Har aldrig varit registrerad som arbetsgivare,0 anställda,Postadress är OK,"Tar emot reklam, ej telefonnummerspärrat"
5595797894,165595797894,ELYOU Taxi AB,,Övriga aktiebolag,Privat,2026-04-07,2026-04-13,,Normalläge,Är verksam,"Passagerartrafik på beställning, fordon med förare",49330,Piteå,Norrbotten,Piteå,SOLDATGATAN 4,943 35,ÖJEBYN,gigiadhanom2000@gmail.com,,Är registrerad för F-skatt,Har aldrig varit registrerad för moms,Har aldrig varit registrerad som arbetsgivare,0 anställda,Postadress är OK,"Tar emot reklam, ej telefonnummerspärrat"
5595797902,165595797902,Aktiebolaget Tomteverkstan,,Övriga aktiebolag,Privat,2026-04-07,,,Normalläge,Har aldrig varit verksam,Okänd,00000,Östersund,Jämtland,Östersund,TRANBÄRSVÄGEN 28,831 65,ÖSTERSUND,rosenlund.roger@gmail.com,,Har aldrig varit registrerad för F-skatt,Har aldrig varit registrerad för moms,Har aldrig varit registrerad som arbetsgivare,0 anställda,Postadress är OK,"Tar emot reklam, ej telefonnummerspärrat"
5595797910,165595797910,MA:s Rör AB,,Övriga aktiebolag,Privat,2026-04-07,,,Normalläge,Har aldrig varit verksam,Okänd,00000,Älvsbyn,Norrbotten,Piteå,TRÄDGÅRDSGATAN 7,942 33,ÄLVSBYN,morre.andersson@hotmail.com,,Har aldrig varit registrerad för F-skatt,Har aldrig varit registrerad för moms,Har aldrig varit registrerad som arbetsgivare,0 anställda,Postadress är OK,"Tar emot reklam, ej telefonnummerspärrat"
5595797928,165595797928,Törnqvist Maskintjänst AB,,Övriga aktiebolag,Privat,2026-04-07,2026-04-13,,Normalläge,Är verksam,Mark- och grundarbeten,43120,Pajala,Norrbotten,Kiruna/Gällivare,JUHONPIETI 204,984 91,PAJALA,,,Är registrerad för F-skatt,Har aldrig varit registrerad för moms,Har aldrig varit registrerad som arbetsgivare,0 anställda,Postadress är OK,"Tar emot reklam, ej telefonnummerspärrat"
5595797936,165595797936,Ausra AB,,Övriga aktiebolag,Privat,2026-04-07,2026-04-07,,Normalläge,Är verksam,Byggnadssnickeriarbeten,43320,Säffle,Värmland,Säffle/Åmål,SUNDSGATAN 10 B,661 40,SÄFFLE,mars.kundrotas@gmail.com,,Är registrerad för F-skatt,Har aldrig varit registrerad för moms,Har aldrig varit registrerad som arbetsgivare,0 anställda,Postadress är OK,"Tar emot reklam, ej telefonnummerspärrat"
5595797944,165595797944,Minosin AB,,Övriga aktiebolag,Privat,2026-04-07,,,Normalläge,Har aldrig varit verksam,Okänd,00000,Stockholm,Stockholm,Stockholm/Södertälje,HÅLLSÄTRABACKEN 29  LGH 1101,127 36,SKÄRHOLMEN,a.ahmadi.dev@gmail.com,,Har aldrig varit registrerad för F-skatt,Har aldrig varit registrerad för moms,Har aldrig varit registrerad som arbetsgivare,0 anställda,Postadress är OK,"Tar emot reklam, ej telefonnummerspärrat"
5595797951,165595797951,VIP Norrahammar AB,,Övriga aktiebolag,Privat,2026-04-07,2026-04-13,,Normalläge,Är verksam,Detaljhandel med konfektyrer,47242,Jönköping,Jönköping,Jönköping,HÖRNEDALSVÄGEN 5,556 26,JÖNKÖPING,mattiassomo1@icloud.com,,Är registrerad för F-skatt,Är registrerad för moms,Har aldrig varit registrerad som arbetsgivare,0 anställda,Postadress är OK,"Tar emot reklam, ej telefonnummerspärrat"
5595797969,165595797969,STE Invest AB,,Övriga aktiebolag,Privat,2026-04-07,,,Normalläge,Har aldrig varit verksam,Okänd,00000,Falun,Dalarna,Borlänge/Falun,KROKVÄGEN 16,791 52,FALUN,stefan.murmester@gmail.com,,Har aldrig varit registrerad för F-skatt,Har aldrig varit registrerad för moms,Har aldrig varit registrerad som arbetsgivare,0 anställda,Postadress är OK,"Tar emot reklam, ej telefonnummerspärrat"
5595797977,165595797977,Lotegen Advisory AB,,Övriga aktiebolag,Privat,2026-04-07,,,Normalläge,Har aldrig varit verksam,Okänd,00000,Stockholm,Stockholm,Stockholm/Södertälje,BASTUHAGSVÄGEN 28,122 42,ENSKEDE,anna.lotegen@gmail.com,,Har aldrig varit registrerad för F-skatt,Har aldrig varit registrerad för moms,Har aldrig varit registrerad som arbetsgivare,0 anställda,Postadress är OK,"Tar emot reklam, ej telefonnummerspärrat"
5595797985,165595797985,Olssons Måleri & Mera AB,,Övriga aktiebolag,Privat,2026-04-07,2026-04-13,,Normalläge,Är verksam,Måleriarbeten,43341,Malmö,Skåne,Malmö/Lund/Trelleborg,BETTYS VÄG 27,218 53,KLAGSHAMN,david@malerimera.se,,Är registrerad för F-skatt,Är registrerad för moms,Har aldrig varit registrerad som arbetsgivare,0 anställda,Postadress är OK,"Tar emot reklam, ej telefonnummerspärrat"
5595797993,165595797993,Aktiebolaget Reedsee,,Övriga aktiebolag,Privat,2026-04-07,,,Normalläge,Har aldrig varit verksam,Okänd,00000,Stockholm,Stockholm,Stockholm/Södertälje,SOLSTIGEN 40,131 46,NACKA,,,Har aldrig varit registrerad för F-skatt,Har aldrig varit registrerad för moms,Har aldrig varit registrerad som arbetsgivare,0 anställda,Postadress är OK,"Tar emot reklam, ej telefonnummerspärrat"
5595798009,165595798009,Kåga Invest AB,,Övriga aktiebolag,Privat,2026-04-07,2026-04-13,,Normalläge,Är verksam,Kontorstjänster,82100,Skellefteå,Västerbotten,Skellefteå,STORGATAN 33 A LGH 1204,931 32,SKELLEFTEÅ,lars.edman@brightab.se,,Är registrerad för F-skatt,Är registrerad för moms,Har aldrig varit registrerad som arbetsgivare,0 anställda,Postadress är OK,"Tar emot reklam, ej telefonnummerspärrat"
5595798017,165595798017,Smart Nord AB,,Övriga aktiebolag,Privat,2026-04-07,2026-04-07,,Normalläge,Är verksam,"Passagerartrafik på beställning, fordon med förare",49330,Sigtuna,Stockholm,Stockholm/Södertälje,TINGVALLAVÄGEN 9 G LGH 1402,195 31,MÄRSTA,,,Är registrerad för F-skatt,Är registrerad för moms,Har aldrig varit registrerad som arbetsgivare,0 anställda,Postadress är OK,"Tar emot reklam, ej telefonnummerspärrat"
5595798025,165595798025,Fresh Route AB,,Övriga aktiebolag,Privat,2026-04-07,2026-04-13,,Normalläge,Är verksam,"Framställning av läskedrycker, mineralvatten och annat vatten på flaska",11070,Stockholm,Stockholm,Stockholm/Södertälje,BANANGRÄND 1,175 49,JÄRFÄLLA,rita@arbetslab.se,,Är registrerad för F-skatt,Är registrerad för moms,Är registrerad som vanlig arbetsgivare,1-9 anställda,Postadress är OK,"Tar emot reklam, ej telefonnummerspärrat"
5595798033,165595798033,Smilla 23 AB,,Övriga aktiebolag,Privat,2026-04-07,,,Normalläge,Har aldrig varit verksam,Okänd,00000,Stockholm,Stockholm,Stockholm/Södertälje,BRÅLUNDEN 13,167 74,BROMMA,anders.edblad@rededge.se,,Har aldrig varit registrerad för F-skatt,Har aldrig varit registrerad för moms,Har aldrig varit registrerad som arbetsgivare,0 anställda,Postadress är OK,"Tar emot reklam, ej telefonnummerspärrat"
5595798041,165595798041,Vistaway AB,,Övriga aktiebolag,Privat,2026-04-07,2026-04-13,,Normalläge,Är verksam,Konsultverksamhet avseende företags organisation,70200,Svedala,Skåne,Malmö/Lund/Trelleborg,UTSIKTSGATAN 19,233 61,BARA,wahlgren_marcus@hotmail.com,,Är registrerad för F-skatt,Är registrerad för moms,Har aldrig varit registrerad som arbetsgivare,0 anställda,Postadress är OK,"Tar emot reklam, ej telefonnummerspärrat"
5595798058,165595798058,Svågrarna AB,,Övriga aktiebolag,Privat,2026-04-07,,,Normalläge,Har aldrig varit verksam,Okänd,00000,Stockholm,Stockholm,Stockholm/Södertälje,PRESIDENTVÄGEN 1,121 34,ENSKEDEDALEN,,,Har aldrig varit registrerad för F-skatt,Har aldrig varit registrerad för moms,Har aldrig varit registrerad som arbetsgivare,0 anställda,Postadress är OK,"Tar emot reklam, ej telefonnummerspärrat"
5595798066,165595798066,Goldcup 39424 AB,,Övriga aktiebolag,Privat,2026-04-07,,,Normalläge,Har aldrig varit verksam,Okänd,00000,Stockholm,Stockholm,Stockholm/Södertälje,Box 270,851 04,SUNDSVALL,,,Har aldrig varit registrerad för F-skatt,Har aldrig varit registrerad för moms,Har aldrig varit registrerad som arbetsgivare,0 anställda,Postadress är OK,"Tar emot reklam, ej telefonnummerspärrat"
5595798074,165595798074,Goldcup 39425 AB,,Övriga aktiebolag,Privat,2026-04-07,,,Normalläge,Har aldrig varit verksam,Okänd,00000,Stockholm,Stockholm,Stockholm/Södertälje,Box 270,851 04,SUNDSVALL,,,Har aldrig varit registrerad för F-skatt,Har aldrig varit registrerad för moms,Har aldrig varit registrerad som arbetsgivare,0 anställda,Postadress är OK,"Tar emot reklam, ej telefonnummerspärrat"
5595798082,165595798082,Goldcup 39426 AB,,Övriga aktiebolag,Privat,2026-04-07,,,Normalläge,Har aldrig varit verksam,Okänd,00000,Stockholm,Stockholm,Stockholm/Södertälje,Box 270,851 04,SUNDSVALL,,,Har aldrig varit registrerad för F-skatt,Har aldrig varit registrerad för moms,Har aldrig varit registrerad som arbetsgivare,0 anställda,Postadress är OK,"Tar emot reklam, ej telefonnummerspärrat"
5595798090,165595798090,Goldcup 39427 AB,,Övriga aktiebolag,Privat,2026-04-07,,,Normalläge,Har aldrig varit verksam,Okänd,00000,Stockholm,Stockholm,Stockholm/Södertälje,Box 270,851 04,SUNDSVALL,,,Har aldrig varit registrerad för F-skatt,Har aldrig varit registrerad för moms,Har aldrig varit registrerad som arbetsgivare,0 anställda,Postadress är OK,"Tar emot reklam, ej telefonnummerspärrat"
5595798108,165595798108,Goldcup 39428 AB,,Övriga aktiebolag,Privat,2026-04-07,,,Normalläge,Har aldrig varit verksam,Okänd,00000,Stockholm,Stockholm,Stockholm/Södertälje,Box 270,851 04,SUNDSVALL,,,Har aldrig varit registrerad för F-skatt,Har aldrig varit registrerad för moms,Har aldrig varit registrerad som arbetsgivare,0 anställda,Postadress är OK,"Tar emot reklam, ej telefonnummerspärrat"
5595798116,165595798116,Goldcup 39429 AB,,Övriga aktiebolag,Privat,2026-04-07,,,Normalläge,Har aldrig varit verksam,Okänd,00000,Stockholm,Stockholm,Stockholm/Södertälje,Box 270,851 04,SUNDSVALL,,,Har aldrig varit registrerad för F-skatt,Har aldrig varit registrerad för moms,Har aldrig varit registrerad som arbetsgivare,0 anställda,Postadress är OK,"Tar emot reklam, ej telefonnummerspärrat"
5595798124,165595798124,Goldcup 39430 AB,,Övriga aktiebolag,Privat,2026-04-07,,,Normalläge,Har aldrig varit verksam,Okänd,00000,Stockholm,Stockholm,Stockholm/Södertälje,Box 270,851 04,SUNDSVALL,,,Har aldrig varit registrerad för F-skatt,Har aldrig varit registrerad för moms,Har aldrig varit registrerad som arbetsgivare,0 anställda,Postadress är OK,"Tar emot reklam, ej telefonnummerspärrat"
5595798132,165595798132,Goldcup 39431 AB,,Övriga aktiebolag,Privat,2026-04-07,,,Normalläge,Har aldrig varit verksam,Okänd,00000,Stockholm,Stockholm,Stockholm/Södertälje,Box 270,851 04,SUNDSVALL,,,Har aldrig varit registrerad för F-skatt,Har aldrig varit registrerad för moms,Har aldrig varit registrerad som arbetsgivare,0 anställda,Postadress är OK,"Tar emot reklam, ej telefonnummerspärrat"
5595798140,165595798140,Goldcup 39432 AB,,Övriga aktiebolag,Privat,2026-04-07,,,Normalläge,Har aldrig varit verksam,Okänd,00000,Stockholm,Stockholm,Stockholm/Södertälje,Box 270,851 04,SUNDSVALL,,,Har aldrig varit registrerad för F-skatt,Har aldrig varit registrerad för moms,Har aldrig varit registrerad som arbetsgivare,0 anställda,Postadress är OK,"Tar emot reklam, ej telefonnummerspärrat"
5595798157,165595798157,Goldcup 39433 AB,,Övriga aktiebolag,Privat,2026-04-07,,,Normalläge,Har aldrig varit verksam,Okänd,00000,Stockholm,Stockholm,Stockholm/Södertälje,Box 270,851 04,SUNDSVALL,,,Har aldrig varit registrerad för F-skatt,Har aldrig varit registrerad för moms,Har aldrig varit registrerad som arbetsgivare,0 anställda,Postadress är OK,"Tar emot reklam, ej telefonnummerspärrat"
5595798165,165595798165,Goldcup 39434 AB,,Övriga aktiebolag,Privat,2026-04-07,,,Normalläge,Har aldrig varit verksam,Okänd,00000,Stockholm,Stockholm,Stockholm/Södertälje,Box 270,851 04,SUNDSVALL,,,Har aldrig varit registrerad för F-skatt,Har aldrig varit registrerad för moms,Har aldrig varit registrerad som arbetsgivare,0 anställda,Postadress är OK,"Tar emot reklam, ej telefonnummerspärrat"
5595798173,165595798173,Goldcup 39435 AB,,Övriga aktiebolag,Privat,2026-04-07,,,Normalläge,Har aldrig varit verksam,Okänd,00000,Stockholm,Stockholm,Stockholm/Södertälje,Box 270,851 04,SUNDSVALL,,,Har aldrig varit registrerad för F-skatt,Har aldrig varit registrerad för moms,Har aldrig varit registrerad som arbetsgivare,0 anställda,Postadress är OK,"Tar emot reklam, ej telefonnummerspärrat"
5595798181,165595798181,Goldcup 39436 AB,,Övriga aktiebolag,Privat,2026-04-07,,,Normalläge,Har aldrig varit verksam,Okänd,00000,Stockholm,Stockholm,Stockholm/Södertälje,Box 270,851 04,SUNDSVALL,,,Har aldrig varit registrerad för F-skatt,Har aldrig varit registrerad för moms,Har aldrig varit registrerad som arbetsgivare,0 anställda,Postadress är OK,"Tar emot reklam, ej telefonnummerspärrat"
5595798199,165595798199,Goldcup 39437 AB,,Övriga aktiebolag,Privat,2026-04-07,,,Normalläge,Har aldrig varit verksam,Okänd,00000,Stockholm,Stockholm,Stockholm/Södertälje,Box 270,851 04,SUNDSVALL,,,Har aldrig varit registrerad för F-skatt,Har aldrig varit registrerad för moms,Har aldrig varit registrerad som arbetsgivare,0 anställda,Postadress är OK,"Tar emot reklam, ej telefonnummerspärrat"
5595798207,165595798207,Goldcup 39438 AB,,Övriga aktiebolag,Privat,2026-04-07,,,Normalläge,Har aldrig varit verksam,Okänd,00000,Stockholm,Stockholm,Stockholm/Södertälje,Box 270,851 04,SUNDSVALL,,,Har aldrig varit registrerad för F-skatt,Har aldrig varit registrerad för moms,Har aldrig varit registrerad som arbetsgivare,0 anställda,Postadress är OK,"Tar emot reklam, ej telefonnummerspärrat"
5595798215,165595798215,Goldcup 39439 AB,,Övriga aktiebolag,Privat,2026-04-07,,,Normalläge,Har aldrig varit verksam,Okänd,00000,Stockholm,Stockholm,Stockholm/Södertälje,Box 270,851 04,SUNDSVALL,,,Har aldrig varit registrerad för F-skatt,Har aldrig varit registrerad för moms,Har aldrig varit registrerad som arbetsgivare,0 anställda,Postadress är OK,"Tar emot reklam, ej telefonnummerspärrat"
5595798223,165595798223,Goldcup 39440 AB,,Övriga aktiebolag,Privat,2026-04-07,,,Normalläge,Har aldrig varit verksam,Okänd,00000,Stockholm,Stockholm,Stockholm/Södertälje,Box 270,851 04,SUNDSVALL,,,Har aldrig varit registrerad för F-skatt,Har aldrig varit registrerad för moms,Har aldrig varit registrerad som arbetsgivare,0 anställda,Postadress är OK,"Tar emot reklam, ej telefonnummerspärrat"
5595798231,165595798231,Goldcup 39441 AB,,Övriga aktiebolag,Privat,2026-04-07,,,Normalläge,Har aldrig varit verksam,Okänd,00000,Stockholm,Stockholm,Stockholm/Södertälje,Box 270,851 04,SUNDSVALL,,,Har aldrig varit registrerad för F-skatt,Har aldrig varit registrerad för moms,Har aldrig varit registrerad som arbetsgivare,0 anställda,Postadress är OK,"Tar emot reklam, ej telefonnummerspärrat"
5595798249,165595798249,Goldcup 39417 AB,,Övriga aktiebolag,Privat,2026-04-07,,,Normalläge,Har aldrig varit verksam,Okänd,00000,Stockholm,Stockholm,Stockholm/Södertälje,Box 270,851 04,SUNDSVALL,,,Har aldrig varit registrerad för F-skatt,Har aldrig varit registrerad för moms,Har aldrig varit registrerad som arbetsgivare,0 anställda,Postadress är OK,"Tar emot reklam, ej telefonnummerspärrat"
5595798256,165595798256,Goldcup 39418 AB,,Övriga aktiebolag,Privat,2026-04-07,,,Normalläge,Har aldrig varit verksam,Okänd,00000,Stockholm,Stockholm,Stockholm/Södertälje,Box 270,851 04,SUNDSVALL,,,Har aldrig varit registrerad för F-skatt,Har aldrig varit registrerad för moms,Har aldrig varit registrerad som arbetsgivare,0 anställda,Postadress är OK,"Tar emot reklam, ej telefonnummerspärrat"
5595798264,165595798264,Goldcup 39419 AB,,Övriga aktiebolag,Privat,2026-04-07,,,Normalläge,Har aldrig varit verksam,Okänd,00000,Stockholm,Stockholm,Stockholm/Södertälje,Box 270,851 04,SUNDSVALL,,,Har aldrig varit registrerad för F-skatt,Har aldrig varit registrerad för moms,Har aldrig varit registrerad som arbetsgivare,0 anställda,Postadress är OK,"Tar emot reklam, ej telefonnummerspärrat"
5595798272,165595798272,Goldcup 39420 AB,,Övriga aktiebolag,Privat,2026-04-07,,,Normalläge,Har aldrig varit verksam,Okänd,00000,Stockholm,Stockholm,Stockholm/Södertälje,Box 270,851 04,SUNDSVALL,,,Har aldrig varit registrerad för F-skatt,Har aldrig varit registrerad för moms,Har aldrig varit registrerad som arbetsgivare,0 anställda,Postadress är OK,"Tar emot reklam, ej telefonnummerspärrat"
5595798280,165595798280,Goldcup 39421 AB,,Övriga aktiebolag,Privat,2026-04-07,,,Normalläge,Har aldrig varit verksam,Okänd,00000,Stockholm,Stockholm,Stockholm/Södertälje,Box 270,851 04,SUNDSVALL,,,Har aldrig varit registrerad för F-skatt,Har aldrig varit registrerad för moms,Har aldrig varit registrerad som arbetsgivare,0 anställda,Postadress är OK,"Tar emot reklam, ej telefonnummerspärrat"
5595798298,165595798298,Goldcup 39422 AB,,Övriga aktiebolag,Privat,2026-04-07,,,Normalläge,Har aldrig varit verksam,Okänd,00000,Stockholm,Stockholm,Stockholm/Södertälje,Box 270,851 04,SUNDSVALL,,,Har aldrig varit registrerad för F-skatt,Har aldrig varit registrerad för moms,Har aldrig varit registrerad som arbetsgivare,0 anställda,Postadress är OK,"Tar emot reklam, ej telefonnummerspärrat"
5595798306,165595798306,Goldcup 39423 AB,,Övriga aktiebolag,Privat,2026-04-07,,,Normalläge,Har aldrig varit verksam,Okänd,00000,Stockholm,Stockholm,Stockholm/Södertälje,Box 270,851 04,SUNDSVALL,,,Har aldrig varit registrerad för F-skatt,Har aldrig varit registrerad för moms,Har aldrig varit registrerad som arbetsgivare,0 anställda,Postadress är OK,"Tar emot reklam, ej telefonnummerspärrat"
5595798314,165595798314,Bildelen skaraborg AB,,Övriga aktiebolag,Privat,2026-04-07,2026-04-13,,Normalläge,Är verksam,Detaljhandel med reservdelar och tillbehör till motorfordon,47820,Essunga,Västra Götaland,Lidköping/Skara,ELING BJÖRKÅS 2,465 95,NOSSEBRO,bildelen1@outlook.com,,Är registrerad för F-skatt,Är registrerad för moms,Har aldrig varit registrerad som arbetsgivare,0 anställda,Postadress är OK,"Tar emot reklam, ej telefonnummerspärrat"
5595798322,165595798322,Silicon Support AB,,Övriga aktiebolag,Privat,2026-04-07,2026-04-13,,Normalläge,Är verksam,Teknisk konsultverksamhet inom elteknik,71123,Lidingö,Stockholm,Stockholm/Södertälje,ROSKULLSVÄGEN 12,181 62,LIDINGÖ,jesper.engvall@siliconsupport.se,,Är registrerad för F-skatt,Är registrerad för moms,Har aldrig varit registrerad som arbetsgivare,0 anställda,Postadress är OK,"Tar emot reklam, ej telefonnummerspärrat"
5595798330,165595798330,HopeGrowth Counseling AB,,Övriga aktiebolag,Privat,2026-04-07,2026-04-13,,Normalläge,Är verksam,Annan övrig hälso- och sjukvård,86999,Göteborg,Västra Götaland,Göteborg,MARKLANDSGATAN 61,414 77,GÖTEBORG,info@hopegrowthcounseling.com,,Är registrerad för F-skatt,Är registrerad för moms,Har aldrig varit registrerad som arbetsgivare,0 anställda,Postadress är OK,"Tar emot reklam, ej telefonnummerspärrat"
5595798348,165595798348,Berglund Creative AB,,Övriga aktiebolag,Privat,2026-04-07,2026-04-13,,Normalläge,Är verksam,Reklambyråverksamhet,73111,Uppsala,Uppsala,Uppsala,GRINDSTUGEGATAN 9 A,752 57,UPPSALA,amandaberglund.jobb@gmail.com,,Är registrerad för F-skatt,Är registrerad för moms,Är registrerad som vanlig arbetsgivare,1-9 anställda,Postadress är OK,"Tar emot reklam, ej telefonnummerspärrat"
5595798355,165595798355,MAJALI Consulting AB,,Övriga aktiebolag,Privat,2026-04-07,,,Normalläge,Har aldrig varit verksam,Okänd,00000,Älmhult,Kronoberg,Växjö,KLINTAVÄGEN 4,287 34,STRÖMSNÄSBRUK,,,Har aldrig varit registrerad för F-skatt,Har aldrig varit registrerad för moms,Har aldrig varit registrerad som arbetsgivare,0 anställda,Postadress är OK,"Tar emot reklam, ej telefonnummerspärrat"
5595798363,165595798363,AN Sanering AB,,Övriga aktiebolag,Privat,2026-04-07,2026-04-07,,Normalläge,Är verksam,Annan rengöring,81230,Växjö,Kronoberg,Växjö,ÖSTREGÅRDSGATAN 46,352 40,VÄXJÖ,,,Är registrerad för F-skatt,Är registrerad för moms,Är registrerad som vanlig arbetsgivare,1-9 anställda,Postadress är OK,"Tar emot reklam, ej telefonnummerspärrat"
5595798371,165595798371,Svahns Allservice i Nora AB,,Övriga aktiebolag,Privat,2026-04-07,2026-04-13,,Normalläge,Är verksam,Annan rengöring,81230,Hällefors,Örebro,Lindesberg,GRÄNGEN 318,712 91,HÄLLEFORS,svan.tommy@telia.com,,Är registrerad för F-skatt,Är registrerad för moms,Är registrerad som vanlig arbetsgivare,1-9 anställda,Postadress är OK,"Tar emot reklam, ej telefonnummerspärrat"
5595798389,165595798389,Deia Consulting AB,,Övriga aktiebolag,Privat,2026-04-07,,,Normalläge,Har aldrig varit verksam,Okänd,00000,Danderyd,Stockholm,Stockholm/Södertälje,BRAHEVÄGEN 2,182 73,STOCKSUND,linnmorin83@gmail.com,,Har aldrig varit registrerad för F-skatt,Har aldrig varit registrerad för moms,Har aldrig varit registrerad som arbetsgivare,0 anställda,Postadress är OK,"Tar emot reklam, ej telefonnummerspärrat"
5595798397,165595798397,Henriksson Assets AB,,Övriga aktiebolag,Privat,2026-04-07,,,Normalläge,Har aldrig varit verksam,Okänd,00000,Falkenberg,Halland,Falkenberg/Varberg,GLASPÄRLEVÄGEN 7 B LGH 1204,311 39,FALKENBERG,timhenriksson@hotmail.com,,Har aldrig varit registrerad för F-skatt,Har aldrig varit registrerad för moms,Har aldrig varit registrerad som arbetsgivare,0 anställda,Postadress är OK,"Tar emot reklam, ej telefonnummerspärrat"
5595798405,165595798405,Stenliden Invest AB,,Övriga aktiebolag,Privat,2026-04-07,,,Normalläge,Har aldrig varit verksam,Okänd,00000,Nacka,Stockholm,Stockholm/Södertälje,STYRMANSVÄGEN 6,133 33,SALTSJÖBADEN,sofia@wetter-co.com,,Har aldrig varit registrerad för F-skatt,Har aldrig varit registrerad för moms,Har aldrig varit registrerad som arbetsgivare,0 anställda,Postadress är OK,"Tar emot reklam, ej telefonnummerspärrat"
5595798413,165595798413,Kristineberg Sängar Göteborg AB,,Övriga aktiebolag,Privat,2026-04-07,2026-04-13,,Normalläge,Är verksam,Detaljhandel med möbler,47551,Malmö,Skåne,Malmö/Lund/Trelleborg,KRISTINAS GATA 15,238 37,OXIE,fredrik.sandstrom.1986@gmail.com,,Är registrerad för F-skatt,Har aldrig varit registrerad för moms,Har aldrig varit registrerad som arbetsgivare,0 anställda,Postadress är OK,"Tar emot reklam, ej telefonnummerspärrat"
5595798421,165595798421,STENIC Fastighets AB,,Övriga aktiebolag,Privat,2026-04-07,,,Normalläge,Har aldrig varit verksam,Okänd,00000,Falun,Dalarna,Borlänge/Falun,KROKVÄGEN 16,791 52,FALUN,stefan.murmester@gmail.com,,Har aldrig varit registrerad för F-skatt,Har aldrig varit registrerad för moms,Har aldrig varit registrerad som arbetsgivare,0 anställda,Postadress är OK,"Tar emot reklam, ej telefonnummerspärrat"
5595798439,165595798439,Modins Skogscykel AB,,Övriga aktiebolag,Privat,2026-04-07,,,Normalläge,Har aldrig varit verksam,Okänd,00000,Sundsvall,Västernorrland,Sundsvall,VERKMÄSTARGATAN 30 C,852 44,SUNDSVALL,tommy1modin@gmail.com,,Har aldrig varit registrerad för F-skatt,Har aldrig varit registrerad för moms,Har aldrig varit registrerad som arbetsgivare,0 anställda,Postadress är OK,"Tar emot reklam, ej telefonnummerspärrat"
5595798447,165595798447,Happy Banana Group AB,,Övriga aktiebolag,Privat,2026-04-07,2026-04-13,,Normalläge,Är verksam,Lokalvård,81210,Västerås,Västmanland,Västerås,BABORDSGATAN 6 B LGH 1304,723 59,VÄSTERÅS,johannes.sandreyo@gmail.com,,Är registrerad för F-skatt,Är registrerad för moms,Har aldrig varit registrerad som arbetsgivare,0 anställda,Postadress är OK,"Tar emot reklam, ej telefonnummerspärrat"
5595798454,165595798454,Ulrica Fagerson Ekonomikonsult AB,,Övriga aktiebolag,Privat,2026-04-07,,,Normalläge,Har aldrig varit verksam,Okänd,00000,Borås,Västra Götaland,Borås,BERGDALSGATAN 9,504 58,BORÅS,ulricafagerson@gmail.com,,Har aldrig varit registrerad för F-skatt,Har aldrig varit registrerad för moms,Har aldrig varit registrerad som arbetsgivare,0 anställda,Postadress är OK,"Tar emot reklam, ej telefonnummerspärrat"
5595798462,165595798462,Vitavet AB,,Övriga aktiebolag,Privat,2026-04-07,2026-04-13,,Normalläge,Är verksam,Veterinärverksamhet,75000,Alingsås,Västra Götaland,Göteborg,LINDEKULLEGATAN 77,441 65,ALINGSÅS,vitavet@gmail.com,,Är registrerad för F-skatt,Är registrerad för moms,Har aldrig varit registrerad som arbetsgivare,0 anställda,Postadress är OK,"Tar emot reklam, ej telefonnummerspärrat"
5595798470,165595798470,ALATO Watches AB,,Övriga aktiebolag,Privat,2026-04-07,,,Normalläge,Har aldrig varit verksam,Okänd,00000,Partille,Västra Götaland,Göteborg,HYTTERKULLEN 108,433 52,ÖJERSJÖ,ps@alato.se,,Har aldrig varit registrerad för F-skatt,Har aldrig varit registrerad för moms,Har aldrig varit registrerad som arbetsgivare,0 anställda,Postadress är OK,"Tar emot reklam, ej telefonnummerspärrat"
5595798488,165595798488,North Keel Advisory AB,,Övriga aktiebolag,Privat,2026-04-07,,,Normalläge,Har aldrig varit verksam,Okänd,00000,Stockholm,Stockholm,Stockholm/Södertälje,SÄLGVÄGEN 3 C,135 52,TYRESÖ,oliver.s.a.larsson@gmail.com,,Har aldrig varit registrerad för F-skatt,Har aldrig varit registrerad för moms,Har aldrig varit registrerad som arbetsgivare,0 anställda,Postadress är OK,"Tar emot reklam, ej telefonnummerspärrat"
5595798496,165595798496,Gideland Entreprenad AB,,Övriga aktiebolag,Privat,2026-04-07,,,Normalläge,Har aldrig varit verksam,Okänd,00000,Oxelösund,Södermanland,Nyköping,FEMÖREVÄGEN 16,613 35,OXELÖSUND,sebastiangideland@gmail.com,,Har aldrig varit registrerad för F-skatt,Har aldrig varit registrerad för moms,Har aldrig varit registrerad som arbetsgivare,0 anställda,Postadress är OK,"Tar emot reklam, ej telefonnummerspärrat"
5595798512,165595798512,MS LE AB,,Övriga aktiebolag,Privat,2026-04-07,,,Normalläge,Har aldrig varit verksam,Okänd,00000,Kungälv,Västra Götaland,Göteborg,HÄLJERÖD 460,442 91,ROMELANDA,Info@lysekonomi.se,,Har aldrig varit registrerad för F-skatt,Har aldrig varit registrerad för moms,Har aldrig varit registrerad som arbetsgivare,0 anställda,Postadress är OK,"Tar emot reklam, ej telefonnummerspärrat"
5595798520,165595798520,Secresolve Consulting AB,,Övriga aktiebolag,Privat,2026-04-07,,,Normalläge,Har aldrig varit verksam,Okänd,00000,Tranemo,Västra Götaland,Borås,LÅNGGATAN 57,514 92,UDDEBO,helena@arbetsutbildning.se,,Har aldrig varit registrerad för F-skatt,Har aldrig varit registrerad för moms,Har aldrig varit registrerad som arbetsgivare,0 anställda,Postadress är OK,"Tar emot reklam, ej telefonnummerspärrat"
5595798538,165595798538,Viksberg Rör AB,,Övriga aktiebolag,Privat,2026-04-07,,,Normalläge,Har aldrig varit verksam,Okänd,00000,Stockholm,Stockholm,Stockholm/Södertälje,TÄRNSTIGEN 7,152 54,SÖDERTÄLJE,fuature@hotmail.com,,Har aldrig varit registrerad för F-skatt,Har aldrig varit registrerad för moms,Har aldrig varit registrerad som arbetsgivare,0 anställda,Postadress är OK,"Tar emot reklam, ej telefonnummerspärrat"
5595798546,165595798546,Sark City Barbers AB,,Övriga aktiebolag,Privat,2026-04-07,2026-04-13,,Normalläge,Är verksam,Frisörer och barberare,96210,Kiruna,Norrbotten,Kiruna/Gällivare,RIKSGRÄNSVÄGEN 15,981 94,RIKSGRÄNSEN,christianmensahf@gmail.com,,Är registrerad för F-skatt,Är registrerad för moms,Har aldrig varit registrerad som arbetsgivare,0 anställda,Postadress är OK,"Tar emot reklam, ej telefonnummerspärrat"
5595798553,165595798553,Anna Freudenthal Konst & Design AB,,Övriga aktiebolag,Privat,2026-04-07,,,Normalläge,Har aldrig varit verksam,Okänd,00000,Rättvik,Dalarna,Borlänge/Falun,FURUDAL YXSMEDSVÄGEN 14,795 71,FURUDAL,annafreudenthal@hotmail.com,,Har aldrig varit registrerad för F-skatt,Har aldrig varit registrerad för moms,Har aldrig varit registrerad som arbetsgivare,0 anställda,Postadress är OK,"Tar emot reklam, ej telefonnummerspärrat"
5595798561,165595798561,Market with Malisa AB,,Övriga aktiebolag,Privat,2026-04-07,,,Normalläge,Har aldrig varit verksam,Okänd,00000,Boden,Norrbotten,Luleå/Boden,VINTERSTIGEN 10,961 32,BODEN,info@marketwithmalisa.com,,Har aldrig varit registrerad för F-skatt,Har aldrig varit registrerad för moms,Har aldrig varit registrerad som arbetsgivare,0 anställda,Postadress är OK,"Tar emot reklam, ej telefonnummerspärrat"
5595798579,165595798579,Nevia group AB,,Övriga aktiebolag,Privat,2026-04-07,,,Normalläge,Har aldrig varit verksam,Okänd,00000,Järfälla,Stockholm,Stockholm/Södertälje,JAKTVÄGEN 10,175 63,JÄRFÄLLA,,,Har aldrig varit registrerad för F-skatt,Har aldrig varit registrerad för moms,Har aldrig varit registrerad som arbetsgivare,0 anställda,Postadress är OK,"Tar emot reklam, ej telefonnummerspärrat"
5595798587,165595798587,Sundqvist Fastigheter AB,,Övriga aktiebolag,Privat,2026-04-07,,,Normalläge,Har aldrig varit verksam,Okänd,00000,Borlänge,Dalarna,Borlänge/Falun,BACKES VÄG 11,784 54,BORLÄNGE,sundqvist.akeri@gmail.com,,Har aldrig varit registrerad för F-skatt,Har aldrig varit registrerad för moms,Har aldrig varit registrerad som arbetsgivare,0 anställda,Postadress är OK,"Tar emot reklam, ej telefonnummerspärrat"
5595798603,165595798603,Lina Schollin Ask AB,,Övriga aktiebolag,Privat,2026-04-07,,,Normalläge,Har aldrig varit verksam,Okänd,00000,Stockholm,Stockholm,Stockholm/Södertälje,MARGARETAVÄGEN 23,122 32,ENSKEDE,,,Har aldrig varit registrerad för F-skatt,Har aldrig varit registrerad för moms,Har aldrig varit registrerad som arbetsgivare,0 anställda,Postadress är OK,"Tar emot reklam, ej telefonnummerspärrat"
5595798629,165595798629,Ejdern 456 AB,,Övriga aktiebolag,Privat,2026-04-07,,,Normalläge,Har aldrig varit verksam,Okänd,00000,Trollhättan,Västra Götaland,Trollhättan/Vänersborg,KARDANVÄGEN 10,461 38,TROLLHÄTTAN,hakan@mphj-fastigheter.se,,Har aldrig varit registrerad för F-skatt,Har aldrig varit registrerad för moms,Har aldrig varit registrerad som arbetsgivare,0 anställda,Postadress är OK,"Tar emot reklam, ej telefonnummerspärrat"
5595798637,165595798637,STENIC Group AB,,Övriga aktiebolag,Privat,2026-04-07,,,Normalläge,Har aldrig varit verksam,Okänd,00000,Falun,Dalarna,Borlänge/Falun,KROKVÄGEN 16,791 52,FALUN,stefan.murmester@gmail.com,,Har aldrig varit registrerad för F-skatt,Har aldrig varit registrerad för moms,Har aldrig varit registrerad som arbetsgivare,0 anställda,Postadress är OK,"Tar emot reklam, ej telefonnummerspärrat"
5595798645,165595798645,Practor Performance AB,,Övriga aktiebolag,Privat,2026-04-07,,,Normalläge,Har aldrig varit verksam,Okänd,00000,Stockholm,Stockholm,Stockholm/Södertälje,BREDA GATAN 5 A,115 21,STOCKHOLM,lisa@practor.se,,Har aldrig varit registrerad för F-skatt,Har aldrig varit registrerad för moms,Har aldrig varit registrerad som arbetsgivare,0 anställda,Postadress är OK,"Tar emot reklam, ej telefonnummerspärrat"
5595798652,165595798652,Beniel Group AB,,Övriga aktiebolag,Privat,2026-04-07,,,Normalläge,Har aldrig varit verksam,Okänd,00000,Lomma,Skåne,Malmö/Lund/Trelleborg,KANALGRÄND 5,234 39,LOMMA,h_raneke@hotmail.com,,Har aldrig varit registrerad för F-skatt,Har aldrig varit registrerad för moms,Har aldrig varit registrerad som arbetsgivare,0 anställda,Postadress är OK,"Tar emot reklam, ej telefonnummerspärrat"
5595798660,165595798660,Antonell & Söder AB,,Övriga aktiebolag,Privat,2026-04-07,,,Normalläge,Har aldrig varit verksam,Okänd,00000,Stockholm,Stockholm,Stockholm/Södertälje,UPPKÖPARVÄGEN 1,120 44,ÅRSTA,zebastian@bowlorama.se,,Har aldrig varit registrerad för F-skatt,Har aldrig varit registrerad för moms,Har aldrig varit registrerad som arbetsgivare,0 anställda,Postadress är OK,"Tar emot reklam, ej telefonnummerspärrat"
5595798678,165595798678,How Advisory Sweden AB,,Övriga aktiebolag,Privat,2026-04-07,,,Normalläge,Har aldrig varit verksam,Okänd,00000,Göteborg,Västra Götaland,Göteborg,JANS VÄG 16,436 50,HOVÅS,jens@howander.se,,Har aldrig varit registrerad för F-skatt,Har aldrig varit registrerad för moms,Har aldrig varit registrerad som arbetsgivare,0 anställda,Postadress är OK,"Tar emot reklam, ej telefonnummerspärrat"
5595798694,165595798694,Granholmen garn och lera AB,,Övriga aktiebolag,Privat,2026-04-07,2026-04-13,,Normalläge,Är verksam,Detaljhandel med textilier,47510,Stockholm,Stockholm,Stockholm/Södertälje,BERGENHIELMSVÄGEN 11 A,168 57,BROMMA,,,Är registrerad för F-skatt,Är registrerad för moms,Har aldrig varit registrerad som arbetsgivare,0 anställda,Postadress är OK,"Tar emot reklam, ej telefonnummerspärrat"
5595798710,165595798710,YEA Pinball AB,,Övriga aktiebolag,Privat,2026-04-07,,,Normalläge,Har aldrig varit verksam,Okänd,00000,Huddinge,Stockholm,Stockholm/Södertälje,GRÅBERGSVÄGEN 10,141 43,HUDDINGE,yeapinball@gmail.com,,Har aldrig varit registrerad för F-skatt,Har aldrig varit registrerad för moms,Har aldrig varit registrerad som arbetsgivare,0 anställda,Postadress är OK,"Tar emot reklam, ej telefonnummerspärrat"
5595798728,165595798728,Stories & creations AB,,Övriga aktiebolag,Privat,2026-04-07,2026-04-13,,Normalläge,Är verksam,Odling av övriga ett- och tvååriga växter,01199,Enköping,Uppsala,Enköping,SIMTUNA GADDEBO 3,749 71,FJÄRDHUNDRA,info@storiesandcreations.se,,Är registrerad för F-skatt,Är registrerad för moms,Har aldrig varit registrerad som arbetsgivare,0 anställda,Postadress är OK,"Tar emot reklam, ej telefonnummerspärrat"
5595798736,165595798736,Anklew Evig AB,,Övriga aktiebolag,Privat,2026-04-07,,,Normalläge,Har aldrig varit verksam,Okänd,00000,Stockholm,Stockholm,Stockholm/Södertälje,SALMONS VÄG 18,846 72,FUNÄSDALEN,isakanklew@gmail.com,,Har aldrig varit registrerad för F-skatt,Har aldrig varit registrerad för moms,Har aldrig varit registrerad som arbetsgivare,0 anställda,Postadress är OK,"Tar emot reklam, ej telefonnummerspärrat"
5595798744,165595798744,Zabi Fastighets AB,,Övriga aktiebolag,Privat,2026-04-07,,,Normalläge,Har aldrig varit verksam,Okänd,00000,Alingsås,Västra Götaland,Göteborg,KÄLLEBACKENS VÄG 1,441 72,SOLLEBRUNN,victoria@c-byran.se,,Har aldrig varit registrerad för F-skatt,Har aldrig varit registrerad för moms,Har aldrig varit registrerad som arbetsgivare,0 anställda,Postadress är OK,"Tar emot reklam, ej telefonnummerspärrat"
5595798751,165595798751,JPAN Fastigheter AB,,Övriga aktiebolag,Privat,2026-04-07,,,Normalläge,Har aldrig varit verksam,Okänd,00000,Gävle,Gävleborg,Gävle/Sandviken,MÅRDÄNGSVÄGEN 39,805 97,GÄVLE,joakim@anvvs.se,,Har aldrig varit registrerad för F-skatt,Har aldrig varit registrerad för moms,Har aldrig varit registrerad som arbetsgivare,0 anställda,Postadress är OK,"Tar emot reklam, ej telefonnummerspärrat"
5595798769,165595798769,SyltFM AB,,Övriga aktiebolag,Privat,2026-04-07,2026-04-13,,Normalläge,Är verksam,Grafisk design och visuell kommunikation,74120,Stockholm,Stockholm,Stockholm/Södertälje,LAGAVÄGEN 9,128 43,BAGARMOSSEN,,,Är registrerad för F-skatt,Är registrerad för moms,Har aldrig varit registrerad som arbetsgivare,0 anställda,Postadress är OK,"Tar emot reklam, ej telefonnummerspärrat"
5595798777,165595798777,Nurselabse AB,,Övriga aktiebolag,Privat,2026-04-07,,,Normalläge,Har aldrig varit verksam,Okänd,00000,Göteborg,Västra Götaland,Göteborg,KARL JOHANSGATAN 45,414 55,GÖTEBORG,nurselabse@gmail.com,,Har aldrig varit registrerad för F-skatt,Har aldrig varit registrerad för moms,Har aldrig varit registrerad som arbetsgivare,0 anställda,Postadress är OK,"Tar emot reklam, ej telefonnummerspärrat"
5595798785,165595798785,SmartGo AB,,Övriga aktiebolag,Privat,2026-04-07,2026-04-13,,Normalläge,Är verksam,"Passagerartrafik på beställning, fordon med förare",49330,Lidköping,Västra Götaland,Lidköping/Skara,NYLYCKEGATAN 7 D,531 41,LIDKÖPING,atif.mayo323@gmail.com,,Är registrerad för F-skatt,Är registrerad för moms,Är registrerad som vanlig arbetsgivare,1-9 anställda,Postadress är OK,"Tar emot reklam, ej telefonnummerspärrat"
5595798793,165595798793,Bourne Marine Consult AB,,Övriga aktiebolag,Privat,2026-04-07,,,Normalläge,Har aldrig varit verksam,Okänd,00000,Tjörn,Västra Götaland,Göteborg,NORDVIKSBERG 209 B,471 95,SKÄRHAMN,,,Har aldrig varit registrerad för F-skatt,Har aldrig varit registrerad för moms,Har aldrig varit registrerad som arbetsgivare,0 anställda,Postadress är OK,"Tar emot reklam, ej telefonnummerspärrat"
5595798801,165595798801,Iso Clean AB,,Övriga aktiebolag,Privat,2026-04-07,2026-04-13,,Normalläge,Är verksam,Lokalvård,81210,Malmö,Skåne,Malmö/Lund/Trelleborg,ÖSTRA FÖRSTADSGATAN 19 B,211 31,MALMÖ,Lazkani@gmail.com,,Är registrerad för F-skatt,Är registrerad för moms,Har aldrig varit registrerad som arbetsgivare,0 anställda,Postadress är OK,"Tar emot reklam, ej telefonnummerspärrat"
5595798819,165595798819,SOS VVS AB,,Övriga aktiebolag,Privat,2026-04-07,,,Normalläge,Har aldrig varit verksam,Okänd,00000,Stockholm,Stockholm,Stockholm/Södertälje,VIVSTAVARVSVÄGEN 238,122 64,ENSKEDE,edgar@sosvvs.se,,Har aldrig varit registrerad för F-skatt,Har aldrig varit registrerad för moms,Har aldrig varit registrerad som arbetsgivare,0 anställda,Postadress är OK,"Tar emot reklam, ej telefonnummerspärrat"
5595798827,165595798827,Hompan AB,,Övriga aktiebolag,Privat,2026-04-07,,,Normalläge,Har aldrig varit verksam,Okänd,00000,Boden,Norrbotten,Luleå/Boden,ÅKERVÄGEN 1,961 50,BODEN,stefanholmbom@gmail.com,,Har aldrig varit registrerad för F-skatt,Har aldrig varit registrerad för moms,Har aldrig varit registrerad som arbetsgivare,0 anställda,Postadress är OK,"Tar emot reklam, ej telefonnummerspärrat"
5595798835,165595798835,Halmstads Arbetarfik AB,,Övriga aktiebolag,Privat,2026-04-07,,,Normalläge,Har aldrig varit verksam,Okänd,00000,Halmstad,Halland,Halmstad,DALSHALL 1,313 30,OSKARSTRÖM,fiket.maria@gmail.com,,Har aldrig varit registrerad för F-skatt,Har aldrig varit registrerad för moms,Har aldrig varit registrerad som arbetsgivare,0 anställda,Postadress är OK,"Tar emot reklam, ej telefonnummerspärrat"
5595798843,165595798843,Colibri Co:lab AB,,Övriga aktiebolag,Privat,2026-04-07,,,Normalläge,Har aldrig varit verksam,Okänd,00000,Stockholm,Stockholm,Stockholm/Södertälje,DISAVÄGEN 1 B,182 63,DJURSHOLM,hello@colibricolab.com,,Har aldrig varit registrerad för F-skatt,Har aldrig varit registrerad för moms,Har aldrig varit registrerad som arbetsgivare,0 anställda,Postadress är OK,"Tar emot reklam, ej telefonnummerspärrat"
5595798850,165595798850,HCMA AB,,Övriga aktiebolag,Privat,2026-04-07,,,Normalläge,Har aldrig varit verksam,Okänd,00000,Gotland,Gotland,Visby,OTHEM OTHEMARS 136,624 46,SLITE,gotlandsmjolk@gmail.com,,Har aldrig varit registrerad för F-skatt,Har aldrig varit registrerad för moms,Har aldrig varit registrerad som arbetsgivare,0 anställda,Postadress är OK,"Tar emot reklam, ej telefonnummerspärrat"
5595798868,165595798868,Fredriks Montage AB,,Övriga aktiebolag,Privat,2026-04-07,,,Normalläge,Har aldrig varit verksam,Okänd,00000,Hässleholm,Skåne,Hässleholm,HJÄLMGATAN 5,282 32,TYRINGE,valdt@fredriksmontage.se,,Har aldrig varit registrerad för F-skatt,Har aldrig varit registrerad för moms,Har aldrig varit registrerad som arbetsgivare,0 anställda,Postadress är OK,"Tar emot reklam, ej telefonnummerspärrat"
5595798876,165595798876,Premax Sverige AB,,Övriga aktiebolag,Privat,2026-04-07,2026-04-13,,Normalläge,Är verksam,Rivning av hus och byggnader,43110,Göteborg,Västra Götaland,Göteborg,KRINGLEKULLEN 11,423 72,SÄVE,Figge.gbg@hotmail.com,,Är registrerad för F-skatt,Har aldrig varit registrerad för moms,Har aldrig varit registrerad som arbetsgivare,0 anställda,Postadress är OK,"Tar emot reklam, ej telefonnummerspärrat"
5595798884,165595798884,Ternevision AB,,Övriga aktiebolag,Privat,2026-04-07,2026-04-13,,Normalläge,Är verksam,"Produktion av film, video och tv-program",59110,Stenungsund,Västra Götaland,Göteborg,OSCARS VÄG 3,442 97,KODE,jonas.ternevall@gmail.com,,Är registrerad för F-skatt,Är registrerad för moms,Har aldrig varit registrerad som arbetsgivare,0 anställda,Postadress är OK,"Tar emot reklam, ej telefonnummerspärrat"
5595798892,165595798892,TID Top Interior Design AB,,Övriga aktiebolag,Privat,2026-04-07,,,Normalläge,Har aldrig varit verksam,Okänd,00000,Stockholm,Stockholm,Stockholm/Södertälje,BALLONGGATAN 17,169 71,SOLNA,shabnam.rezai@gmail.com,,Har aldrig varit registrerad för F-skatt,Har aldrig varit registrerad för moms,Har aldrig varit registrerad som arbetsgivare,0 anställda,Postadress är OK,"Tar emot reklam, ej telefonnummerspärrat"
5595798900,165595798900,Karess AB,,Övriga aktiebolag,Privat,2026-04-07,,,Normalläge,Har aldrig varit verksam,Okänd,00000,Stockholm,Stockholm,Stockholm/Södertälje,RUSTHÅLLARVÄGEN 61,128 43,BAGARMOSSEN,patrik.ortega@gmail.com,,Har aldrig varit registrerad för F-skatt,Har aldrig varit registrerad för moms,Har aldrig varit registrerad som arbetsgivare,0 anställda,Postadress är OK,"Tar emot reklam, ej telefonnummerspärrat"
5595798918,165595798918,Northspan Dynamics AB,,Övriga aktiebolag,Privat,2026-04-07,2026-04-13,,Normalläge,Är verksam,Övrig teknisk konsultverksamhet,71129,Skellefteå,Västerbotten,Skellefteå,BRONSGATAN 14,936 32,BOLIDEN,,,Är registrerad för F-skatt,Har aldrig varit registrerad för moms,Har aldrig varit registrerad som arbetsgivare,0 anställda,Postadress är OK,"Tar emot reklam, ej telefonnummerspärrat"
5595798926,165595798926,AnTiLo Fastighet Räppe AB,,Övriga aktiebolag,Privat,2026-04-07,,,Normalläge,Har aldrig varit verksam,Okänd,00000,Växjö,Kronoberg,Växjö,VÄLLUDDEVÄGEN 3,352 51,VÄXJÖ,info@skattkammaren.nu,,Har aldrig varit registrerad för F-skatt,Har aldrig varit registrerad för moms,Har aldrig varit registrerad som arbetsgivare,0 anställda,Postadress är OK,"Tar emot reklam, ej telefonnummerspärrat"
5595798934,165595798934,Void Labs AB,,Övriga aktiebolag,Privat,2026-04-07,,,Normalläge,Har aldrig varit verksam,Okänd,00000,Tranemo,Västra Götaland,Borås,KILAVÄGEN 11,514 92,UDDEBO,karl@thatvoid.com,,Har aldrig varit registrerad för F-skatt,Har aldrig varit registrerad för moms,Har aldrig varit registrerad som arbetsgivare,0 anställda,Postadress är OK,"Tar emot reklam, ej telefonnummerspärrat"
5595798942,165595798942,Byggdatabolaget i Sverige AB,,Övriga aktiebolag,Privat,2026-04-07,,,Normalläge,Har aldrig varit verksam,Okänd,00000,Botkyrka,Stockholm,Stockholm/Södertälje,TANT GRÖNS VÄG 46,147 60,UTTRAN,,,Har aldrig varit registrerad för F-skatt,Har aldrig varit registrerad för moms,Har aldrig varit registrerad som arbetsgivare,0 anställda,Postadress är OK,"Tar emot reklam, ej telefonnummerspärrat"
5595798959,165595798959,Propti Fastighet 89109 AB,,Övriga aktiebolag,Privat,2026-04-07,,,Normalläge,Har aldrig varit verksam,Okänd,00000,Stockholm,Stockholm,Stockholm/Södertälje,ALVÄGEN 64,191 40,SOLLENTUNA,niklas@propti.se,,Har aldrig varit registrerad för F-skatt,Har aldrig varit registrerad för moms,Har aldrig varit registrerad som arbetsgivare,0 anställda,Postadress är OK,"Tar emot reklam, ej telefonnummerspärrat"
5595798967,165595798967,Jackdaw Advisors AB,,Övriga aktiebolag,Privat,2026-04-07,,,Normalläge,Har aldrig varit verksam,Okänd,00000,Uppsala,Uppsala,Uppsala,DÖBELNSGATAN 2 C LGH 1502,752 37,UPPSALA,ajkbssn@gmail.com,,Har aldrig varit registrerad för F-skatt,Har aldrig varit registrerad för moms,Har aldrig varit registrerad som arbetsgivare,0 anställda,Postadress är OK,"Tar emot reklam, ej telefonnummerspärrat"
5595798975,165595798975,Studio Hairmoni AB,,Övriga aktiebolag,Privat,2026-04-07,2026-04-13,,Normalläge,Är verksam,Frisörer och barberare,96210,Kiruna,Norrbotten,Kiruna/Gällivare,KVARNBÄCKSVÄGEN 32,981 92,KIRUNA,,,Är registrerad för F-skatt,Har aldrig varit registrerad för moms,Har aldrig varit registrerad som arbetsgivare,0 anställda,Postadress är OK,"Tar emot reklam, ej telefonnummerspärrat"
5595798983,165595798983,Elma Realiti AB,,Övriga aktiebolag,Privat,2026-04-07,,,Normalläge,Har aldrig varit verksam,Okänd,00000,Stockholm,Stockholm,Stockholm/Södertälje,SÖDRA AGNEGATAN 22,112 21,STOCKHOLM,elviralyth@gmail.com,,Har aldrig varit registrerad för F-skatt,Har aldrig varit registrerad för moms,Har aldrig varit registrerad som arbetsgivare,0 anställda,Postadress är OK,"Tar emot reklam, ej telefonnummerspärrat"
5595798991,165595798991,Kasholmen Enterprise AB,,Övriga aktiebolag,Privat,2026-04-07,,,Normalläge,Har aldrig varit verksam,Okänd,00000,Norrtälje,Stockholm,Norrtälje,SKEPPARBACKEN 15,760 18,YXLAN,emcsandstrom@hotmail.com,,Har aldrig varit registrerad för F-skatt,Har aldrig varit registrerad för moms,Har aldrig varit registrerad som arbetsgivare,0 anställda,Postadress är OK,"Tar emot reklam, ej telefonnummerspärrat"
5595799007,165595799007,Leot konsult AB,,Övriga aktiebolag,Privat,2026-04-07,2026-04-13,,Normalläge,Är verksam,Datakonsultverksamhet,62201,Uppsala,Uppsala,Uppsala,VANADISGATAN 15,752 22,UPPSALA,lena.ottosson61@outlook.com,,Är registrerad för F-skatt,Är registrerad för moms,Har aldrig varit registrerad som arbetsgivare,0 anställda,Postadress är OK,"Tar emot reklam, ej telefonnummerspärrat"
5002210416,195002210416,"Nyström, Pontus",,Fysiska personer,Ej aktiebolag,2026-04-07,2026-04-07,,Normalläge,Är verksam,Reklambyråverksamhet,73111,Laholm,Halland,Halmstad,SKANSEN 21,312 51,KNÄRED,,,Är registrerad för F-skatt,Är registrerad för moms,Har aldrig varit registrerad som arbetsgivare,0 anställda,Postadress är OK,"Tar emot reklam, ej telefonnummerspärrat"
5005028237,195005028237,"Nord, Lars Göran",,Fysiska personer,Ej aktiebolag,2026-04-07,,,Normalläge,Har aldrig varit verksam,Okänd,00000,Östersund,Jämtland,Östersund,PUMPMAKARGRÄND 15  LGH 1002,831 51,ÖSTERSUND,,,Har aldrig varit registrerad för F-skatt,Har aldrig varit registrerad för moms,Är registrerad som privatarbetsgivare,0 anställda,Postadress är OK,"Tar emot reklam, ej telefonnummerspärrat"
5005136634,195005136634,"Rosén, Peter",,Fysiska personer,Ej aktiebolag,2026-04-07,,,Normalläge,Har aldrig varit verksam,Okänd,00000,Mariestad,Västra Götaland,Mariestad,GLIMMERVÄGEN 45,542 36,MARIESTAD,,,Har aldrig varit registrerad för F-skatt,Har aldrig varit registrerad för moms,Är registrerad som privatarbetsgivare,0 anställda,Postadress är OK,"Tar emot reklam, ej telefonnummerspärrat"
5007088056,195007088056,"Eriksson, Arne",,Fysiska personer,Ej aktiebolag,2026-04-07,,,Normalläge,Har aldrig varit verksam,Okänd,00000,Sundsvall,Västernorrland,Sundsvall,VARBERGSVÄGEN 7  LGH 1602,857 32,SUNDSVALL,,,Har aldrig varit registrerad för F-skatt,Har aldrig varit registrerad för moms,Är registrerad som privatarbetsgivare,0 anställda,Postadress är OK,"Tar emot reklam, ej telefonnummerspärrat"
5009016261,195009016261,"Schultz, Märta Agda Elisabet",,Fysiska personer,Ej aktiebolag,2026-04-07,2026-04-07,,Normalläge,Är verksam,Skogsförvaltning,02101,Sunne,Värmland,Karlstad,BORRA 16,686 98,GRÄSMARK,,,Har aldrig varit registrerad för F-skatt,Är registrerad för moms,Har aldrig varit registrerad som arbetsgivare,0 anställda,Postadress är OK,"Tar emot reklam, ej telefonnummerspärrat"
5010010030,195010010030,"Parentoft, Bengt Tage",,Fysiska personer,Ej aktiebolag,2026-04-07,,,Normalläge,Har aldrig varit verksam,Okänd,00000,Botkyrka,Stockholm,Stockholm/Södertälje,SKOGSVÄGEN 33,141 44,HUDDINGE,,,Har aldrig varit registrerad för F-skatt,Har aldrig varit registrerad för moms,Är registrerad som privatarbetsgivare,0 anställda,Postadress är OK,"Tar emot reklam, ej telefonnummerspärrat"
5102266920,195102266920,"Hammarsten, Greta",,Fysiska personer,Ej aktiebolag,2026-04-07,,,Normalläge,Har aldrig varit verksam,Okänd,00000,Uppsala,Uppsala,Uppsala,KVARNKULLSVÄGEN 22,754 45,UPPSALA,,,Har aldrig varit registrerad för F-skatt,Har aldrig varit registrerad för moms,Är registrerad som privatarbetsgivare,0 anställda,Postadress är OK,"Tar emot reklam, ej telefonnummerspärrat"
5106292088,195106292088,"Björklund, Grazyna",,Fysiska personer,Ej aktiebolag,2026-04-07,2026-04-07,,Normalläge,Är verksam,Skogsförvaltning,02101,Vansbro,Dalarna,Borlänge/Falun,ZINKVÄGEN 10,786 72,DALA-JÄRNA,,,Har aldrig varit registrerad för F-skatt,Är registrerad för moms,Har aldrig varit registrerad som arbetsgivare,0 anställda,Postadress är OK,"Tar emot reklam, ej telefonnummerspärrat"
5109017821,195109017821,"Rönnberg, Eva Kristina",,Fysiska personer,Ej aktiebolag,2026-04-07,,,Normalläge,Har aldrig varit verksam,Okänd,00000,Sundsvall,Västernorrland,Sundsvall,STRANDVÄGEN 10,854 66,SUNDSVALL,,,Har aldrig varit registrerad för F-skatt,Har aldrig varit registrerad för moms,Är registrerad som privatarbetsgivare,0 anställda,Postadress är OK,"Tar emot reklam, ej telefonnummerspärrat"
5111076971,195111076971,"Samuelsson, Ingvar",,Fysiska personer,Ej aktiebolag,2026-04-07,,,Normalläge,Har aldrig varit verksam,Okänd,00000,Arboga,Västmanland,Köping,DROTTNINGGATAN 11  LGH 1102,736 31,KUNGSÖR,,,Har aldrig varit registrerad för F-skatt,Har aldrig varit registrerad för moms,Är registrerad som privatarbetsgivare,0 anställda,Postadress är OK,"Tar emot reklam, ej telefonnummerspärrat"
5209215044,195209215044,"Martinsson, Eva",,Fysiska personer,Ej aktiebolag,2026-04-07,,,Normalläge,Har aldrig varit verksam,Okänd,00000,Lerum,Västra Götaland,Göteborg,STENKULLEVÄGEN 70  LGH 1001,443 61,STENKULLEN,,,Har aldrig varit registrerad för F-skatt,Har aldrig varit registrerad för moms,Är registrerad som privatarbetsgivare,0 anställda,Postadress är OK,"Tar emot reklam, ej telefonnummerspärrat"
5210123310,195210123310,"Modig, Toivo Gunnar Albert",,Fysiska personer,Ej aktiebolag,2026-04-07,,,Normalläge,Har aldrig varit verksam,Okänd,00000,Karlskrona,Blekinge,Karlskrona,THUNELLS VÄG 5,373 43,RÖDEBY,,,Har aldrig varit registrerad för F-skatt,Har aldrig varit registrerad för moms,Är registrerad som privatarbetsgivare,0 anställda,Postadress är OK,"Tar emot reklam, ej telefonnummerspärrat"
5212242944,195212242944,"Onsbacke, Lena",,Fysiska personer,Ej aktiebolag,2026-04-07,,,Normalläge,Har aldrig varit verksam,Okänd,00000,Mörbylånga,Kalmar,Kalmar/Nybro,STORGATAN 12 C,386 30,FÄRJESTADEN,,,Har aldrig varit registrerad för F-skatt,Har aldrig varit registrerad för moms,Är registrerad som privatarbetsgivare,0 anställda,Postadress är OK,"Tar emot reklam, ej telefonnummerspärrat"
5301020086,195301020086,"Schlesinger, Annette",,Fysiska personer,Ej aktiebolag,2026-04-07,2026-04-07,,Normalläge,Är verksam,Reklambyråverksamhet,73111,Stockholm,Stockholm,Stockholm/Södertälje,BOGSÄTRAVÄGEN 21  LGH 1201,127 38,SKÄRHOLMEN,,,Är registrerad för F-skatt,Är registrerad för moms,Har aldrig varit registrerad som arbetsgivare,0 anställda,Postadress är OK,"Tar emot reklam, ej telefonnummerspärrat"
5304064099,195304064099,"Müller, Sixten",,Fysiska personer,Ej aktiebolag,2026-04-07,,,Normalläge,Har aldrig varit verksam,Okänd,00000,Högsby,Kalmar,Oskarshamn,LILLA ÅNHULT 6,577 95,VIRSERUM,,,Har aldrig varit registrerad för F-skatt,Har aldrig varit registrerad för moms,Är registrerad som privatarbetsgivare,0 anställda,Postadress är OK,"Tar emot reklam, ej telefonnummerspärrat"
5304194318,195304194318,"Wernudd, Hans Erland",,Fysiska personer,Ej aktiebolag,2026-04-07,,,Normalläge,Har aldrig varit verksam,Okänd,00000,Malmö,Skåne,Malmö/Lund/Trelleborg,BOCKABODAGÅRD 308,243 92,HÖÖR,,,Har aldrig varit registrerad för F-skatt,Har aldrig varit registrerad för moms,Är registrerad som privatarbetsgivare,0 anställda,Postadress är OK,"Tar emot reklam, ej telefonnummerspärrat"
5311077605,195311077605,"Bratt, Anna Kristina",,Fysiska personer,Ej aktiebolag,2026-04-07,2026-04-07,,Normalläge,Är verksam,Skogsförvaltning,02101,Bollnäs,Gävleborg,Bollnäs/Söderhamn,BRODDBÖLE 8903,821 98,RENGSJÖ,,,Är registrerad för F-skatt,Har aldrig varit registrerad för moms,Har aldrig varit registrerad som arbetsgivare,0 anställda,Postadress är OK,"Tar emot reklam, ej telefonnummerspärrat"
5401032031,195401032031,"Johansson, Bengt Tomas",,Fysiska personer,Ej aktiebolag,2026-04-07,2026-04-07,,Normalläge,Är verksam,Byggande av bostadshus och andra byggnader,41000,Motala,Östergötland,Mjölby/Motala,HÖGERKROKEN 6,591 72,MOTALA,,,Har aldrig varit registrerad för F-skatt,Är registrerad för moms,Har aldrig varit registrerad som arbetsgivare,0 anställda,Postadress är OK,"Tar emot reklam, ej telefonnummerspärrat"
5401268999,195401268999,"Gullerud, Sven Erik",,Fysiska personer,Ej aktiebolag,2026-04-07,,,Normalläge,Har aldrig varit verksam,Okänd,00000,Lund,Skåne,Malmö/Lund/Trelleborg,UPPLANDSGATAN 8,244 32,KÄVLINGE,,,Har aldrig varit registrerad för F-skatt,Har aldrig varit registrerad för moms,Är registrerad som privatarbetsgivare,0 anställda,Postadress är OK,"Tar emot reklam, ej telefonnummerspärrat"
5403196982,195403196982,"Ryd Pettersson, Ann-Britt",,Fysiska personer,Ej aktiebolag,2026-04-07,2026-04-07,,Normalläge,Är verksam,Scenkonst,90200,Nykvarn,Stockholm,Stockholm/Södertälje,SUNDSÖR 46 B,155 91,NYKVARN,,,Är registrerad för F-skatt,Har aldrig varit registrerad för moms,Har aldrig varit registrerad som arbetsgivare,0 anställda,Postadress är OK,"Tar emot reklam, ej telefonnummerspärrat"
5406059336,195406059336,"Raja-Aho, Martti",,Fysiska personer,Ej aktiebolag,2026-04-07,,,Normalläge,Har aldrig varit verksam,Okänd,00000,Norrtälje,Stockholm,Norrtälje,MARTALLSVÄGEN 5 A,756 46,UPPSALA,,,Har aldrig varit registrerad för F-skatt,Har aldrig varit registrerad för moms,Är registrerad som privatarbetsgivare,0 anställda,Postadress är OK,"Tar emot reklam, ej telefonnummerspärrat"
5406163559,195406163559,"Mattsson, Ronny",,Fysiska personer,Ej aktiebolag,2026-04-07,,,Normalläge,Har aldrig varit verksam,Okänd,00000,Nässjö,Jönköping,Eksjö/Nässjö/Vetlanda,ALLÉGATAN 35,571 61,BODAFORS,,,Har aldrig varit registrerad för F-skatt,Har aldrig varit registrerad för moms,Är registrerad som privatarbetsgivare,0 anställda,Postadress är OK,"Tar emot reklam, ej telefonnummerspärrat"
5407145092,195407145092,"Johansson, Lennart",,Fysiska personer,Ej aktiebolag,2026-04-07,,,Normalläge,Har aldrig varit verksam,Okänd,00000,Göteborg,Västra Götaland,Göteborg,TIMMERSLÄTT 70 B,433 46,PARTILLE,,,Har aldrig varit registrerad för F-skatt,Har aldrig varit registrerad för moms,Är registrerad som privatarbetsgivare,0 anställda,Postadress är OK,"Tar emot reklam, ej telefonnummerspärrat"
5409078564,195409078564,"Berglund, Åsa Ragnvi Irene",,Fysiska personer,Ej aktiebolag,2026-04-07,,,Normalläge,Har aldrig varit verksam,Okänd,00000,Umeå,Västerbotten,Umeå,SKOLGATAN 25,915 31,ROBERTSFORS,,,Har aldrig varit registrerad för F-skatt,Har aldrig varit registrerad för moms,Är registrerad som privatarbetsgivare,0 anställda,Postadress är OK,"Tar emot reklam, ej telefonnummerspärrat"
5412047812,195412047812,"Paalo, Max Tommy",,Fysiska personer,Ej aktiebolag,2026-04-07,,,Normalläge,Har aldrig varit verksam,Okänd,00000,Sundsvall,Västernorrland,Sundsvall,KREJAREGATAN 6  LGH 1302,856 35,SUNDSVALL,,,Har aldrig varit registrerad för F-skatt,Har aldrig varit registrerad för moms,Är registrerad som privatarbetsgivare,0 anställda,Postadress är OK,"Tar emot reklam, ej telefonnummerspärrat"
5412263906,195412263906,"Gustafsson, Ann-Catrin",,Fysiska personer,Ej aktiebolag,2026-04-07,,,Normalläge,Har aldrig varit verksam,Okänd,00000,Gislaved,Jönköping,Värnamo,FJÄRILSVÄGEN 9 B,331 54,VÄRNAMO,,,Har aldrig varit registrerad för F-skatt,Har aldrig varit registrerad för moms,Är registrerad som privatarbetsgivare,0 anställda,Postadress är OK,"Tar emot reklam, ej telefonnummerspärrat"
5503047838,195503047838,"Höglin, Kjell Thomas",,Fysiska personer,Ej aktiebolag,2026-04-07,,,Normalläge,Har aldrig varit verksam,Okänd,00000,Sigtuna,Stockholm,Stockholm/Södertälje,ORIONGATAN 195,195 55,MÄRSTA,,,Har aldrig varit registrerad för F-skatt,Har aldrig varit registrerad för moms,Är registrerad som privatarbetsgivare,0 anställda,Postadress är OK,"Tar emot reklam, ej telefonnummerspärrat"
5506163681,195506163681,"Abo Yacoub, Hanan",,Fysiska personer,Ej aktiebolag,2026-04-07,,,Normalläge,Har aldrig varit verksam,Öppna sociala insatser för personer med funktionsnedsättning,88102,Alingsås,Västra Götaland,Göteborg,VÄSTRA RINGGATAN 5 G LGH 1004,441 33,ALINGSÅS,,,Har aldrig varit registrerad för F-skatt,Har aldrig varit registrerad för moms,Är registrerad som privatarbetsgivare,0 anställda,Postadress är OK,"Tar emot reklam, ej telefonnummerspärrat"
5506184877,195506184877,"Pettersson, Ruben",,Fysiska personer,Ej aktiebolag,2026-04-07,,,Normalläge,Har aldrig varit verksam,Okänd,00000,Uddevalla,Västra Götaland,Uddevalla,MOSSTIGEN 9 D LGH 1001,451 53,UDDEVALLA,,,Har aldrig varit registrerad för F-skatt,Har aldrig varit registrerad för moms,Är registrerad som privatarbetsgivare,0 anställda,Postadress är OK,"Tar emot reklam, ej telefonnummerspärrat"
5512117192,195512117192,"Garpenholt, Örjan",,Fysiska personer,Ej aktiebolag,2026-04-07,2026-04-07,,Normalläge,Är verksam,Diverse övrig stödverksamhet till företag,82990,Örebro,Örebro,Örebro,KARLSGATAN 32 Q LGH 1102,703 41,ÖREBRO,,,Är registrerad för F-skatt,Är registrerad för moms,Har aldrig varit registrerad som arbetsgivare,0 anställda,Postadress är OK,"Tar emot reklam, ej telefonnummerspärrat"
5603290155,195603290155,"Fagerberg, Bengt",,Fysiska personer,Ej aktiebolag,2026-04-07,,,Normalläge,Har aldrig varit verksam,Okänd,00000,Värmdö,Stockholm,Stockholm/Södertälje,HARPALTSVÄGEN 3,185 41,VAXHOLM,,,Har aldrig varit registrerad för F-skatt,Har aldrig varit registrerad för moms,Är registrerad som privatarbetsgivare,0 anställda,Postadress är OK,"Tar emot reklam, ej telefonnummerspärrat"
5609093942,195609093942,"Sjöberg, Karin Lisbeth Irene",,Fysiska personer,Ej aktiebolag,2026-04-07,,,Normalläge,Har aldrig varit verksam,Okänd,00000,Helsingborg,Skåne,Helsingborg/Landskrona,LAVENDELGATAN 12,256 68,HELSINGBORG,,,Har aldrig varit registrerad för F-skatt,Har aldrig varit registrerad för moms,Är registrerad som privatarbetsgivare,0 anställda,Postadress är OK,"Tar emot reklam, ej telefonnummerspärrat"
5610064668,195610064668,"Bergström, Eva Yvonne Ann-Kristin",,Fysiska personer,Ej aktiebolag,2026-04-07,,,Normalläge,Har aldrig varit verksam,Okänd,00000,Halmstad,Halland,Halmstad,KLARA JOHANSONS GATA 3  LGH 1201,302 26,HALMSTAD,,,Har aldrig varit registrerad för F-skatt,Har aldrig varit registrerad för moms,Är registrerad som privatarbetsgivare,0 anställda,Postadress är OK,"Tar emot reklam, ej telefonnummerspärrat"
5611089433,195611089433,"Stroud, Stephen",Strouds H&S Consulting,Fysiska personer,Ej aktiebolag,2026-04-07,2026-04-07,,Normalläge,Är verksam,Konsultverksamhet avseende företags organisation,70200,Tjörn,Västra Götaland,Göteborg,SUNDSBY KILE 102,471 72,HJÄLTEBY,Stephen.stroud@yahoo.se,,Är registrerad för F-skatt,Har aldrig varit registrerad för moms,Har aldrig varit registrerad som arbetsgivare,0 anställda,Postadress är OK,"Tar emot reklam, ej telefonnummerspärrat"
5703236942,195703236942,"Forsman, Ann-Sofie",,Fysiska personer,Ej aktiebolag,2026-04-07,,,Normalläge,Har aldrig varit verksam,Okänd,00000,Västerås,Västmanland,Västerås,SLÖJMOLNSVÄGEN 23,743 35,STORVRETA,,,Har aldrig varit registrerad för F-skatt,Har aldrig varit registrerad för moms,Är registrerad som privatarbetsgivare,0 anställda,Postadress är OK,"Tar emot reklam, ej telefonnummerspärrat"
5706052114,195706052114,"Eghtesadi, Majid",,Fysiska personer,Ej aktiebolag,2026-04-07,2026-04-07,,Normalläge,Är verksam,Teknisk konsultverksamhet inom bygg- och anläggningsteknik,71121,Sollentuna,Stockholm,Stockholm/Södertälje,LOMVÄGEN 307,192 56,SOLLENTUNA,,,Är registrerad för F-skatt,Har aldrig varit registrerad för moms,Har aldrig varit registrerad som arbetsgivare,0 anställda,Postadress är OK,"Tar emot reklam, ej telefonnummerspärrat"
5707290887,195707290887,"Vasiljkovic, Ana",,Fysiska personer,Ej aktiebolag,2026-04-07,2026-04-07,,Normalläge,Är verksam,Restaurangverksamhet,56110,Göteborg,Västra Götaland,Göteborg,SENAPSGATAN 12  LGH 1103,424 43,ANGERED,,,Är registrerad för F-skatt,Är registrerad för moms,Har aldrig varit registrerad som arbetsgivare,0 anställda,Postadress är OK,"Tar emot reklam, ej telefonnummerspärrat"
5708264618,195708264618,"Svensson, Leif",,Fysiska personer,Ej aktiebolag,2026-04-07,,,Normalläge,Har aldrig varit verksam,Okänd,00000,Falkenberg,Halland,Falkenberg/Varberg,LILLA KULLEVÄGEN 7,311 34,FALKENBERG,,,Har aldrig varit registrerad för F-skatt,Har aldrig varit registrerad för moms,Är registrerad som privatarbetsgivare,0 anställda,Postadress är OK,"Tar emot reklam, ej telefonnummerspärrat"
5709107832,195709107832,"Jonsson, Gudmund",,Fysiska personer,Ej aktiebolag,2026-04-07,,,Normalläge,Har aldrig varit verksam,Okänd,00000,Örnsköldsvik,Västernorrland,Örnsköldsvik,VECKESTRAND 120,891 30,ÖRNSKÖLDSVIK,,,Har aldrig varit registrerad för F-skatt,Har aldrig varit registrerad för moms,Är registrerad som privatarbetsgivare,0 anställda,Postadress är OK,"Tar emot reklam, ej telefonnummerspärrat"
5710217810,195710217810,"Harbom, Tomas",,Fysiska personer,Ej aktiebolag,2026-04-07,,,Normalläge,Har aldrig varit verksam,Konsultverksamhet avseende företags organisation,70200,Stockholm,Stockholm,Stockholm/Södertälje,FLINTBACKEN 4  LGH 1704,118 42,STOCKHOLM,,,Har aldrig varit registrerad för F-skatt,Har aldrig varit registrerad för moms,Är registrerad som privatarbetsgivare,0 anställda,Postadress är OK,"Tar emot reklam, ej telefonnummerspärrat"
5712115681,195712115681,"Rutte, Maria Theodora Johanna",,Fysiska personer,Ej aktiebolag,2026-04-07,2026-04-07,,Normalläge,Är verksam,Förmedling avseende hotell- och logiverksamhet,55400,Kristinehamn,Värmland,Kristinehamn,HJÄLMARSNÄSVÄGEN 1,681 95,KRISTINEHAMN,,,Har aldrig varit registrerad för F-skatt,Är registrerad för moms,Har aldrig varit registrerad som arbetsgivare,0 anställda,Postadress är OK,"Tar emot reklam, ej telefonnummerspärrat"
5803074342,195803074342,"Burnett-Cargill, Susanne",,Fysiska personer,Ej aktiebolag,2026-04-07,2026-04-07,,Normalläge,Är verksam,Tillverkning av diverse övriga beklädnadsvaror och tillbehör,14290,Karlskrona,Blekinge,Karlskrona,TORAS VÄG 16  LGH 0901,371 65,LYCKEBY,,,Är registrerad för F-skatt,Är registrerad för moms,Har aldrig varit registrerad som arbetsgivare,0 anställda,Postadress är OK,"Tar emot reklam, ej telefonnummerspärrat"
5806162722,195806162722,"Svensson, Ing-Mari",,Fysiska personer,Ej aktiebolag,2026-04-07,,,Normalläge,Har aldrig varit verksam,Okänd,00000,Växjö,Kronoberg,Växjö,VALLMOVÄGEN 7,363 30,ROTTNE,,,Har aldrig varit registrerad för F-skatt,Har aldrig varit registrerad för moms,Är registrerad som privatarbetsgivare,0 anställda,Postadress är OK,"Tar emot reklam, ej telefonnummerspärrat"
5806305628,195806305628,"Kjellin, Berit",,Fysiska personer,Ej aktiebolag,2026-04-07,2026-04-07,,Normalläge,Är verksam,Skogsförvaltning,02101,Bengtsfors,Västra Götaland,Säffle/Åmål,EKMANS GRÄND 2,666 31,BENGTSFORS,,,Har aldrig varit registrerad för F-skatt,Är registrerad för moms,Har aldrig varit registrerad som arbetsgivare,0 anställda,Postadress är OK,"Tar emot reklam, ej telefonnummerspärrat"
5808045941,195808045941,"Johansson, Mari",,Fysiska personer,Ej aktiebolag,2026-04-07,,,Normalläge,Har aldrig varit verksam,Okänd,00000,Trelleborg,Skåne,Malmö/Lund/Trelleborg,ÅKERBÄRSVÄGEN 12,231 38,TRELLEBORG,,,Har aldrig varit registrerad för F-skatt,Har aldrig varit registrerad för moms,Är registrerad som privatarbetsgivare,0 anställda,Postadress är OK,"Tar emot reklam, ej telefonnummerspärrat"
5810055532,195810055532,"Johansson, Sören",,Fysiska personer,Ej aktiebolag,2026-04-07,2026-04-07,,Normalläge,Är verksam,"Tillverkning av smycken, guld- och silversmedsvaror",32120,Landskrona,Skåne,Helsingborg/Landskrona,ÖSTERGATAN 220,261 51,LANDSKRONA,,,Är registrerad för F-skatt,Är registrerad för moms,Har aldrig varit registrerad som arbetsgivare,0 anställda,Postadress är OK,"Tar emot reklam, ej telefonnummerspärrat"
5904301222,195904301222,"Olsson, Viveka Kristina",,Fysiska personer,Ej aktiebolag,2026-04-07,,,Normalläge,Har aldrig varit verksam,Okänd,00000,Södertälje,Stockholm,Stockholm/Södertälje,SLEIPNERS VÄG 7,155 34,NYKVARN,,,Har aldrig varit registrerad för F-skatt,Har aldrig varit registrerad för moms,Är registrerad som privatarbetsgivare,0 anställda,Postadress är OK,"Tar emot reklam, ej telefonnummerspärrat"
5905297106,195905297106,"Rapp, Marianne",,Fysiska personer,Ej aktiebolag,2026-04-07,2026-04-07,,Normalläge,Är verksam,Skogsförvaltning,02101,Falun,Dalarna,Borlänge/Falun,ÖVRE GRUVRISVÄGEN 80,791 61,FALUN,,,Har aldrig varit registrerad för F-skatt,Är registrerad för moms,Har aldrig varit registrerad som arbetsgivare,0 anställda,Postadress är OK,"Tar emot reklam, ej telefonnummerspärrat"
5906088652,195906088652,"Olovsson, Mikael",,Fysiska personer,Ej aktiebolag,2026-04-07,2026-04-07,,Normalläge,Är verksam,Skogsförvaltning,02101,Nordmaling,Västerbotten,Umeå,BAGGÅRD 17,914 91,NORDMALING,,,Har aldrig varit registrerad för F-skatt,Är registrerad för moms,Har aldrig varit registrerad som arbetsgivare,0 anställda,Postadress är OK,"Tar emot reklam, ej telefonnummerspärrat"
5906222236,195906222236,"Roguszny, Antoni",,Fysiska personer,Ej aktiebolag,2026-04-07,2026-04-07,,Normalläge,Är verksam,Byggande av bostadshus och andra byggnader,41000,Göteborg,Västra Götaland,Göteborg,WRANGELSGATAN 8 A LGH 1001,416 62,GÖTEBORG,,,Är registrerad för F-skatt,Är registrerad för moms,Är registrerad som vanlig arbetsgivare,1-9 anställda,Postadress är OK,"Tar emot reklam, ej telefonnummerspärrat"
5908016271,195908016271,"Lantz, Jan",,Fysiska personer,Ej aktiebolag,2026-04-07,2026-04-07,,Normalläge,Är verksam,"Vägtransport, godstrafik",49410,Kil,Värmland,Karlstad,TORS VÄG 12,665 33,KIL,,,Är registrerad för F-skatt,Är registrerad för moms,Har aldrig varit registrerad som arbetsgivare,0 anställda,Postadress är OK,"Tar emot reklam, ej telefonnummerspärrat"
5909246604,195909246604,"Karlsson Sigfridsson, Annette",,Fysiska personer,Ej aktiebolag,2026-04-07,2026-04-07,,Normalläge,Är verksam,Diverse övriga konsumenttjänster,96990,Hällefors,Örebro,Lindesberg,HAGVÄGEN 1,712 33,HÄLLEFORS,,,Är registrerad för F-skatt,Har aldrig varit registrerad för moms,Har aldrig varit registrerad som arbetsgivare,0 anställda,Postadress är OK,"Tar emot reklam, ej telefonnummerspärrat"
5910077147,195910077147,"Schiller, Karin",,Fysiska personer,Ej aktiebolag,2026-04-07,2026-04-07,,Normalläge,Är verksam,Inredningsdesign,74130,Stockholm,Stockholm,Stockholm/Södertälje,RUNEBERGSGATAN 3  LGH 1403,114 29,STOCKHOLM,,,Är registrerad för F-skatt,Är registrerad för moms,Har aldrig varit registrerad som arbetsgivare,0 anställda,Postadress är OK,"Tar emot reklam, ej telefonnummerspärrat"
5910193316,195910193316,"Grönlund, Sune",,Fysiska personer,Ej aktiebolag,2026-04-07,,,Normalläge,Har aldrig varit verksam,Okänd,00000,Nyköping,Södermanland,Nyköping,FOTBOLLSVÄGEN 30 A LGH 1103,611 68,NYKÖPING,,,Har aldrig varit registrerad för F-skatt,Har aldrig varit registrerad för moms,Är registrerad som privatarbetsgivare,0 anställda,Postadress är OK,"Tar emot reklam, ej telefonnummerspärrat"
5912218939,195912218939,"Olausson, Mats",,Fysiska personer,Ej aktiebolag,2026-04-07,2026-04-07,,Normalläge,Är verksam,Scenkonst,90200,Boden,Norrbotten,Luleå/Boden,KULLENVÄGEN 3,961 51,BODEN,,,Är registrerad för F-skatt,Har aldrig varit registrerad för moms,Har aldrig varit registrerad som arbetsgivare,0 anställda,Postadress är OK,"Tar emot reklam, ej telefonnummerspärrat"
6001111902,196001111902,"Ahl Mellgren, Anne-Marie",,Fysiska personer,Ej aktiebolag,2026-04-07,2026-04-07,,Normalläge,Är verksam,Skogsförvaltning,02101,Sollentuna,Stockholm,Stockholm/Södertälje,SKILLINGEVÄGEN 14 B,192 71,SOLLENTUNA,,,Har aldrig varit registrerad för F-skatt,Är registrerad för moms,Har aldrig varit registrerad som arbetsgivare,0 anställda,Postadress är OK,"Tar emot reklam, ej telefonnummerspärrat"
6001137121,196001137121,"Ros, Yvonne",,Fysiska personer,Ej aktiebolag,2026-04-07,,,Normalläge,Har aldrig varit verksam,Okänd,00000,Avesta,Dalarna,Avesta/Hedemora,BJÖRNSTIGEN 14,738 30,NORBERG,,,Har aldrig varit registrerad för F-skatt,Har aldrig varit registrerad för moms,Är registrerad som privatarbetsgivare,0 anställda,Postadress är OK,"Tar emot reklam, ej telefonnummerspärrat"
6002121132,196002121132,"Thomée, Håkan",,Fysiska personer,Ej aktiebolag,2026-04-07,2026-04-07,,Normalläge,Är verksam,Reparation och underhåll av övriga hushållsartiklar och varor för personligt bruk,95290,Stockholm,Stockholm,Stockholm/Södertälje,TORNBACKEN 9 A,163 54,SPÅNGA,,,Är registrerad för F-skatt,Är registrerad för moms,Har aldrig varit registrerad som arbetsgivare,0 anställda,Postadress är OK,"Tar emot reklam, ej telefonnummerspärrat"
6003050215,196003050215,"Lund, Kristian",,Fysiska personer,Ej aktiebolag,2026-04-07,2026-04-07,,Normalläge,Är verksam,Skogsförvaltning,02101,Helsingborg,Skåne,Helsingborg/Landskrona,JAKTFALKSGATAN 44,254 49,HELSINGBORG,,,Har aldrig varit registrerad för F-skatt,Är registrerad för moms,Har aldrig varit registrerad som arbetsgivare,0 anställda,Postadress är OK,"Tar emot reklam, ej telefonnummerspärrat"
6003163521,196003163521,"Nilsson, Agneta",,Fysiska personer,Ej aktiebolag,2026-04-07,2026-04-07,,Normalläge,Är verksam,"Dagspa, bastu och ångbastu",96230,Kristianstad,Skåne,Kristianstad,HJALMAR SÖDERBERGS VÄG 13  LGH 1002,291 45,KRISTIANSTAD,,,Är registrerad för F-skatt,Har aldrig varit registrerad för moms,Har aldrig varit registrerad som arbetsgivare,0 anställda,Postadress är OK,"Tar emot reklam, ej telefonnummerspärrat"
6004112766,196004112766,"Erlandsson, Carina",,Fysiska personer,Ej aktiebolag,2026-04-07,,,Normalläge,Har aldrig varit verksam,Okänd,00000,Växjö,Kronoberg,Växjö,SKIFTESVÄGEN 123  LGH 1203,352 53,VÄXJÖ,,,Har aldrig varit registrerad för F-skatt,Har aldrig varit registrerad för moms,Är registrerad som privatarbetsgivare,0 anställda,Postadress är OK,"Tar emot reklam, ej telefonnummerspärrat"
6007111724,196007111724,"Hellgren, Birgit",,Fysiska personer,Ej aktiebolag,2026-04-07,2026-04-07,,Normalläge,Är verksam,Skogsförvaltning,02101,Botkyrka,Stockholm,Stockholm/Södertälje,KASTANJEVÄGEN 14,146 52,TULLINGE,,,Har aldrig varit registrerad för F-skatt,Är registrerad för moms,Har aldrig varit registrerad som arbetsgivare,0 anställda,Postadress är OK,"Tar emot reklam, ej telefonnummerspärrat"
6008279017,196008279017,"Nordlund, Anders",,Fysiska personer,Ej aktiebolag,2026-04-07,2026-04-07,,Normalläge,Är verksam,Övrig stödverksamhet för utbildningsväsendet,85690,Älvsbyn,Norrbotten,Piteå,HÄLLAN 14,942 92,ÄLVSBYN,,,Är registrerad för F-skatt,Är registrerad för moms,Har aldrig varit registrerad som arbetsgivare,0 anställda,Postadress är OK,"Tar emot reklam, ej telefonnummerspärrat"
6009101012,196009101012,"Söderberg, Tord",,Fysiska personer,Ej aktiebolag,2026-04-07,,,Normalläge,Har aldrig varit verksam,Okänd,00000,Norrtälje,Stockholm,Norrtälje,KLINTBOL 32,748 92,ÖSTERBYBRUK,,,Har aldrig varit registrerad för F-skatt,Har aldrig varit registrerad för moms,Är registrerad som privatarbetsgivare,0 anställda,Postadress är OK,"Tar emot reklam, ej telefonnummerspärrat"
6011057509,196011057509,"Dahl, Margareta",,Fysiska personer,Ej aktiebolag,2026-04-07,,,Normalläge,Har aldrig varit verksam,Okänd,00000,Bollnäs,Gävleborg,Bollnäs/Söderhamn,GRANBERGSHÖJDEN 5 B LGH 1001,821 41,BOLLNÄS,,,Har aldrig varit registrerad för F-skatt,Har aldrig varit registrerad för moms,Är registrerad som privatarbetsgivare,0 anställda,Postadress är OK,"Tar emot reklam, ej telefonnummerspärrat"
6011223952,196011223952,"Olsson, Sven Håkan",,Fysiska personer,Ej aktiebolag,2026-04-07,,,Normalläge,Har aldrig varit verksam,Okänd,00000,Trelleborg,Skåne,Malmö/Lund/Trelleborg,TULLAREVÄGEN 5,231 32,TRELLEBORG,,,Har aldrig varit registrerad för F-skatt,Har aldrig varit registrerad för moms,Är registrerad som privatarbetsgivare,0 anställda,Postadress är OK,"Tar emot reklam, ej telefonnummerspärrat"
6102138242,196102138242,"Elfqvist, Eva",,Fysiska personer,Ej aktiebolag,2026-04-07,2026-04-07,,Normalläge,Är verksam,Skogsförvaltning,02101,Gävle,Gävleborg,Gävle/Sandviken,FÄLTSPATVÄGEN 25 A,806 31,GÄVLE,,,Har aldrig varit registrerad för F-skatt,Är registrerad för moms,Har aldrig varit registrerad som arbetsgivare,0 anställda,Postadress är OK,"Tar emot reklam, ej telefonnummerspärrat"
6104201998,196104201998,"Bergkvist, Peter",,Fysiska personer,Ej aktiebolag,2026-04-07,2026-04-07,,Normalläge,Är verksam,Kyl- och frysinstallationsarbeten,43223,Katrineholm,Södermanland,Katrineholm,DJULÖNÄS 38,641 92,KATRINEHOLM,,,Är registrerad för F-skatt,Har aldrig varit registrerad för moms,Har aldrig varit registrerad som arbetsgivare,0 anställda,Postadress är OK,"Tar emot reklam, ej telefonnummerspärrat"
6104282659,196104282659,"Carapic, Slobodan",,Fysiska personer,Ej aktiebolag,2026-04-07,2026-04-07,,Normalläge,Är verksam,Övrig stödverksamhet för utbildningsväsendet,85690,Södertälje,Stockholm,Stockholm/Södertälje,PÄRLÄNGSVÄGEN 18,153 38,JÄRNA,,,Är registrerad för F-skatt,Har aldrig varit registrerad för moms,Har aldrig varit registrerad som arbetsgivare,0 anställda,Postadress är OK,"Tar emot reklam, ej telefonnummerspärrat"
6106099473,196106099473,"Porhonar, Khosro",,Fysiska personer,Ej aktiebolag,2026-04-07,2026-04-07,,Normalläge,Är verksam,Reparation av datorer och kringutrustning,95101,Göteborg,Västra Götaland,Göteborg,VÅRVÄDERSGATAN 17  LGH 1201,418 31,GÖTEBORG,,,Är registrerad för F-skatt,Har aldrig varit registrerad för moms,Har aldrig varit registrerad som arbetsgivare,0 anställda,Postadress är OK,"Tar emot reklam, ej telefonnummerspärrat"
6106180042,196106180042,"Wastesson, Anna Katarina",,Fysiska personer,Ej aktiebolag,2026-04-07,,,Normalläge,Har aldrig varit verksam,Okänd,00000,Stockholm,Stockholm,Stockholm/Södertälje,ÄLGSTIGEN 37,183 56,TÄBY,,,Har aldrig varit registrerad för F-skatt,Har aldrig varit registrerad för moms,Är registrerad som privatarbetsgivare,0 anställda,Postadress är OK,"Tar emot reklam, ej telefonnummerspärrat"
6109011053,196109011053,"Britts, Anders Torbjörn",,Fysiska personer,Ej aktiebolag,2026-04-07,2026-04-07,,Normalläge,Är verksam,Blandat jordbruk,01500,Motala,Östergötland,Mjölby/Motala,SONNORP FRÄLSEGÅRDEN 42,591 91,MOTALA,,,Är registrerad för F-skatt,Är registrerad för moms,Har aldrig varit registrerad som arbetsgivare,0 anställda,Postadress är OK,"Tar emot reklam, ej telefonnummerspärrat"
6109170073,196109170073,"Boman, Jan",,Fysiska personer,Ej aktiebolag,2026-04-07,2026-04-07,,Normalläge,Är verksam,Fastighetsrelaterad stödverksamhet,81100,Örebro,Örebro,Örebro,LANDBOTORPSALLÉN 62 A LGH 1002,702 26,ÖREBRO,,,Är registrerad för F-skatt,Är registrerad för moms,Har aldrig varit registrerad som arbetsgivare,0 anställda,Postadress är OK,"Tar emot reklam, ej telefonnummerspärrat"
6110062871,196110062871,"Kuruc, Drago",,Fysiska personer,Ej aktiebolag,2026-04-07,,,Normalläge,Har aldrig varit verksam,Okänd,00000,Halmstad,Halland,Halmstad,KLACKENS KORTGRÄND 8,302 61,HALMSTAD,,,Har aldrig varit registrerad för F-skatt,Har aldrig varit registrerad för moms,Är registrerad som privatarbetsgivare,0 anställda,Postadress är OK,"Tar emot reklam, ej telefonnummerspärrat"
6112107542,196112107542,"Hagman, Christina",,Fysiska personer,Ej aktiebolag,2026-04-07,2026-04-07,,Normalläge,Är verksam,Annan övrig hälso- och sjukvård,86999,Mellerud,Västra Götaland,Trollhättan/Vänersborg,POSTGATAN 8 A LGH 1203,464 30,MELLERUD,,,Är registrerad för F-skatt,Har aldrig varit registrerad för moms,Har aldrig varit registrerad som arbetsgivare,0 anställda,Postadress är OK,"Tar emot reklam, ej telefonnummerspärrat"
6112250821,196112250821,"Schilling, Anne-Mette",,Fysiska personer,Ej aktiebolag,2026-04-07,2026-04-07,,Normalläge,Är verksam,Utgivning av böcker,58110,Gislaved,Jönköping,Värnamo,PRÄSTGÅRDEN,333 92,BROARYD,,,Är registrerad för F-skatt,Är registrerad för moms,Har aldrig varit registrerad som arbetsgivare,0 anställda,Postadress är OK,"Tar emot reklam, ej telefonnummerspärrat"
6201261317,196201261317,"Suleiman, Hekmat",,Fysiska personer,Ej aktiebolag,2026-04-07,2026-04-07,,Normalläge,Är verksam,"Livsmedelshandel med brett sortiment, ej varuhus eller stormarknad",47112,Gävle,Gävleborg,Gävle/Sandviken,FÄBODVÄGEN 3 A,804 26,GÄVLE,,,Är registrerad för F-skatt,Är registrerad för moms,Är registrerad som vanlig arbetsgivare,1-9 anställda,Postadress är OK,"Tar emot reklam, ej telefonnummerspärrat"
6204122490,196204122490,"Karlsson, Henrik",,Fysiska personer,Ej aktiebolag,2026-04-07,2026-04-07,,Normalläge,Är verksam,Tillverkning av kontors- och butiksmöbler,31001,Nässjö,Jönköping,Eksjö/Nässjö/Vetlanda,NORRHAGAGATAN 14,571 37,NÄSSJÖ,,,Är registrerad för F-skatt,Har aldrig varit registrerad för moms,Har aldrig varit registrerad som arbetsgivare,0 anställda,Postadress är OK,"Tar emot reklam, ej telefonnummerspärrat"
6206052075,196206052075,"Nolinge, Peter",,Fysiska personer,Ej aktiebolag,2026-04-07,2026-04-07,,Normalläge,Är verksam,"Efterproduktion av film, video och tv-program",59120,Linköping,Östergötland,Linköping,FÅRBETESVÄGEN 133 A,586 66,LINKÖPING,,,Är registrerad för F-skatt,Är registrerad för moms,Har aldrig varit registrerad som arbetsgivare,0 anställda,Postadress är OK,"Tar emot reklam, ej telefonnummerspärrat"
6207225431,196207225431,"Fleifel, Bashir Shamil",,Fysiska personer,Ej aktiebolag,2026-04-07,,,Normalläge,Har aldrig varit verksam,Okänd,00000,Ovanåker,Gävleborg,Bollnäs/Söderhamn,SNICKARBACKEN 4,827 52,JÄRVSÖ,,,Har aldrig varit registrerad för F-skatt,Har aldrig varit registrerad för moms,Är registrerad som privatarbetsgivare,0 anställda,Postadress är OK,"Tar emot reklam, ej telefonnummerspärrat"
6209076261,196209076261,"Edström, Britt-Marie",,Fysiska personer,Ej aktiebolag,2026-04-07,2026-04-07,,Normalläge,Är verksam,Översättning och tolkning,74300,Linköping,Östergötland,Linköping,FJÄRDINGGATAN 19,587 39,LINKÖPING,,,Är registrerad för F-skatt,Är registrerad för moms,Har aldrig varit registrerad som arbetsgivare,0 anställda,Postadress är OK,"Tar emot reklam, ej telefonnummerspärrat"
6212167859,196212167859,"Johansson, Sven",,Fysiska personer,Ej aktiebolag,2026-04-07,,,Normalläge,Har aldrig varit verksam,Okänd,00000,Sandviken,Gävleborg,Gävle/Sandviken,SÖDRA STAPELTORGSGATAN 3 A LGH 1001,802 55,GÄVLE,,,Har aldrig varit registrerad för F-skatt,Har aldrig varit registrerad för moms,Är registrerad som privatarbetsgivare,0 anställda,Postadress är OK,"Tar emot reklam, ej telefonnummerspärrat"
6303274382,196303274382,"Lund, Monika",,Fysiska personer,Ej aktiebolag,2026-04-07,,,Normalläge,Har aldrig varit verksam,Okänd,00000,Södertälje,Stockholm,Stockholm/Södertälje,TÄPPGATAN 4,151 33,SÖDERTÄLJE,,,Har aldrig varit registrerad för F-skatt,Har aldrig varit registrerad för moms,Är registrerad som privatarbetsgivare,0 anställda,Postadress är OK,"Tar emot reklam, ej telefonnummerspärrat"
6304193961,196304193961,"Petersen, Elisabeth",,Fysiska personer,Ej aktiebolag,2026-04-07,,,Normalläge,Har aldrig varit verksam,Okänd,00000,Helsingborg,Skåne,Helsingborg/Landskrona,BÄRNSTENSVÄGEN 5,284 35,PERSTORP,,,Har aldrig varit registrerad för F-skatt,Har aldrig varit registrerad för moms,Är registrerad som privatarbetsgivare,0 anställda,Postadress är OK,"Tar emot reklam, ej telefonnummerspärrat"
6305066927,196305066927,"Dujmusic, Leila",,Fysiska personer,Ej aktiebolag,2026-04-07,2026-04-07,,Normalläge,Är verksam,Restaurangverksamhet,56110,Strömstad,Västra Götaland,Uddevalla,KARLSGATAN 19  LGH 1001,452 30,STRÖMSTAD,,,Är registrerad för F-skatt,Har aldrig varit registrerad för moms,Har aldrig varit registrerad som arbetsgivare,0 anställda,Postadress är OK,"Tar emot reklam, ej telefonnummerspärrat"
6308178653,196308178653,"Henning, Fredrik",,Fysiska personer,Ej aktiebolag,2026-04-07,,,Normalläge,Har aldrig varit verksam,Okänd,00000,Hässleholm,Skåne,Hässleholm,KÖPMANSGATAN 15 A LGH 1103,269 33,BÅSTAD,,,Har aldrig varit registrerad för F-skatt,Har aldrig varit registrerad för moms,Är registrerad som privatarbetsgivare,0 anställda,Postadress är OK,"Tar emot reklam, ej telefonnummerspärrat"
6309124359,196309124359,"Vallin, Joakim",,Fysiska personer,Ej aktiebolag,2026-04-07,,,Normalläge,Har aldrig varit verksam,Okänd,00000,Malmö,Skåne,Malmö/Lund/Trelleborg,HENRIK MENANDERS VÄG 46  LGH 1103,215 84,MALMÖ,,,Har aldrig varit registrerad för F-skatt,Har aldrig varit registrerad för moms,Är registrerad som privatarbetsgivare,0 anställda,Postadress är OK,"Tar emot reklam, ej telefonnummerspärrat"
6311122730,196311122730,"Magnusson, Roger",,Fysiska personer,Ej aktiebolag,2026-04-07,2026-04-07,,Normalläge,Är verksam,Lokalvård,81210,Växjö,Kronoberg,Växjö,DALBOVÄGEN 7 C LGH 1304,352 38,VÄXJÖ,,,Är registrerad för F-skatt,Har aldrig varit registrerad för moms,Har aldrig varit registrerad som arbetsgivare,0 anställda,Postadress är OK,"Tar emot reklam, ej telefonnummerspärrat"
6312030403,196312030403,"Blomqvist, Maria",,Fysiska personer,Ej aktiebolag,2026-04-07,,,Normalläge,Har aldrig varit verksam,Okänd,00000,Leksand,Dalarna,Borlänge/Falun,NORR LINDBERG LINDBERGSVÄGEN 250,793 90,LEKSAND,,,Har aldrig varit registrerad för F-skatt,Har aldrig varit registrerad för moms,Är registrerad som privatarbetsgivare,0 anställda,Postadress är OK,"Tar emot reklam, ej telefonnummerspärrat"
6401094880,196401094880,"Ligardh, Inger Margareta",,Fysiska personer,Ej aktiebolag,2026-04-07,,,Normalläge,Har aldrig varit verksam,Okänd,00000,Kungälv,Västra Götaland,Göteborg,HUSFREJAGATAN 8  LGH 1002,442 39,KUNGÄLV,,,Har aldrig varit registrerad för F-skatt,Har aldrig varit registrerad för moms,Är registrerad som privatarbetsgivare,0 anställda,Postadress är OK,"Tar emot reklam, ej telefonnummerspärrat"
6403032490,196403032490,"Theorin, Stefan",,Fysiska personer,Ej aktiebolag,2026-04-07,2026-04-07,,Normalläge,Är verksam,Skogsförvaltning,02101,Gislaved,Jönköping,Värnamo,BRÖTTJARYD KNORPEBO,333 92,BROARYD,,,Har aldrig varit registrerad för F-skatt,Är registrerad för moms,Har aldrig varit registrerad som arbetsgivare,0 anställda,Postadress är OK,"Tar emot reklam, ej telefonnummerspärrat"
6405105575,196405105575,"Karlsson, Thomas",,Fysiska personer,Ej aktiebolag,2026-04-07,2026-04-07,,Normalläge,Är verksam,Teknisk konsultverksamhet inom industriteknik,71122,Uppvidinge,Kronoberg,Växjö,KÄLLEFLAGA APLALUND,364 33,ÅSEDA,,,Är registrerad för F-skatt,Är registrerad för moms,Har aldrig varit registrerad som arbetsgivare,0 anställda,Postadress är OK,"Tar emot reklam, ej telefonnummerspärrat"
6405150118,196405150118,"Sindemark, Göran",,Fysiska personer,Ej aktiebolag,2026-04-07,2026-04-07,,Normalläge,Är verksam,Byggande av bostadshus och andra byggnader,41000,Österåker,Stockholm,Stockholm/Södertälje,LÅNGSJÖVÄGEN 4,184 91,ÅKERSBERGA,,,Är registrerad för F-skatt,Är registrerad för moms,Har aldrig varit registrerad som arbetsgivare,0 anställda,Postadress är OK,"Tar emot reklam, ej telefonnummerspärrat"
6409281604,196409281604,"Liljeholm, Marita",,Fysiska personer,Ej aktiebolag,2026-04-07,2026-04-07,,Normalläge,Är verksam,Skogsförvaltning,02101,Norrtälje,Stockholm,Norrtälje,GRÅSKASLINGAN 22,763 91,HALLSTAVIK,,,Är registrerad för F-skatt,Är registrerad för moms,Har aldrig varit registrerad som arbetsgivare,0 anställda,Postadress är OK,"Tar emot reklam, ej telefonnummerspärrat"
6411072470,196411072470,"Karlsson, Crister",,Fysiska personer,Ej aktiebolag,2026-04-07,2026-04-07,,Normalläge,Är verksam,Skogsförvaltning,02101,Värnamo,Jönköping,Värnamo,JONGLÖRVÄGEN 37,331 53,VÄRNAMO,,,Har aldrig varit registrerad för F-skatt,Är registrerad för moms,Har aldrig varit registrerad som arbetsgivare,0 anställda,Postadress är OK,"Tar emot reklam, ej telefonnummerspärrat"
6502063271,196502063271,"Nyström, Sven",,Fysiska personer,Ej aktiebolag,2026-04-07,2026-04-07,,Normalläge,Är verksam,Konsultverksamhet avseende företags organisation,70200,Värmdö,Stockholm,Stockholm/Södertälje,KLOBBVÄGEN 14,139 70,STAVSNÄS,,,Är registrerad för F-skatt,Är registrerad för moms,Har aldrig varit registrerad som arbetsgivare,0 anställda,Postadress är OK,"Tar emot reklam, ej telefonnummerspärrat"
6505086246,196505086246,"Hansson, Helena",,Fysiska personer,Ej aktiebolag,2026-04-07,2026-04-07,,Normalläge,Är verksam,Primärvårdsmottagningar med läkare m.m.,86211,Rättvik,Dalarna,Borlänge/Falun,KAPLASKOGEN 13,795 32,RÄTTVIK,,,Är registrerad för F-skatt,Är registrerad för moms,Har aldrig varit registrerad som arbetsgivare,0 anställda,Postadress är OK,"Tar emot reklam, ej telefonnummerspärrat"
6506145504,196506145504,"Rosen, Anne-Marie",,Fysiska personer,Ej aktiebolag,2026-04-07,,,Normalläge,Har aldrig varit verksam,Okänd,00000,Sigtuna,Stockholm,Stockholm/Södertälje,ORIONGATAN 195,195 55,MÄRSTA,,,Har aldrig varit registrerad för F-skatt,Har aldrig varit registrerad för moms,Är registrerad som privatarbetsgivare,0 anställda,Postadress är OK,"Tar emot reklam, ej telefonnummerspärrat"
6506307567,196506307567,"Sjöberg Åhs, Monika",,Fysiska personer,Ej aktiebolag,2026-04-07,2026-04-07,,Normalläge,Är verksam,Skogsförvaltning,02101,Gävle,Gävleborg,Gävle/Sandviken,BJÖRKSTIGEN 8,817 93,HAMRÅNGEFJÄRDEN,,,Är registrerad för F-skatt,Är registrerad för moms,Har aldrig varit registrerad som arbetsgivare,0 anställda,Postadress är OK,"Tar emot reklam, ej telefonnummerspärrat"
6507159017,196507159017,"Edin, Torbjörn",,Fysiska personer,Ej aktiebolag,2026-04-07,2026-04-07,,Normalläge,Är verksam,Skogsförvaltning,02101,Botkyrka,Stockholm,Stockholm/Södertälje,MELLANBERGSVÄGEN 31,146 52,TULLINGE,,,Har aldrig varit registrerad för F-skatt,Är registrerad för moms,Har aldrig varit registrerad som arbetsgivare,0 anställda,Postadress är OK,"Tar emot reklam, ej telefonnummerspärrat"
6508187132,196508187132,"Petersen Nyström, Ulf",,Fysiska personer,Ej aktiebolag,2026-04-07,2026-04-07,,Normalläge,Är verksam,Mark- och grundarbeten,43120,Håbo,Uppsala,Enköping,LINNEAVÄGEN 6,746 51,BÅLSTA,,,Är registrerad för F-skatt,Är registrerad för moms,Har aldrig varit registrerad som arbetsgivare,0 anställda,Postadress är OK,"Tar emot reklam, ej telefonnummerspärrat"
6508213987,196508213987,"Thulin, Anette",,Fysiska personer,Ej aktiebolag,2026-04-07,2026-04-07,,Normalläge,Är verksam,Potatisodling,01131,Höör,Skåne,Eslöv,BLÅKLOCKEVÄGEN 16,243 39,HÖÖR,,,Är registrerad för F-skatt,Är registrerad för moms,Har aldrig varit registrerad som arbetsgivare,0 anställda,Postadress är OK,"Tar emot reklam, ej telefonnummerspärrat"
6602128230,196602128230,"Salomonsson, Roger",,Fysiska personer,Ej aktiebolag,2026-04-07,,,Normalläge,Har aldrig varit verksam,Okänd,00000,Östersund,Jämtland,Östersund,SKOGSBRUKSVÄGEN 1  LGH 1003,831 78,ÖSTERSUND,,,Har aldrig varit registrerad för F-skatt,Har aldrig varit registrerad för moms,Är registrerad som privatarbetsgivare,0 anställda,Postadress är OK,"Tar emot reklam, ej telefonnummerspärrat"
6605110193,196605110193,"Lundström, Peter",,Fysiska personer,Ej aktiebolag,2026-04-07,2026-04-07,,Normalläge,Är verksam,Förmedling avseende specialiserad detaljhandel,47920,Botkyrka,Stockholm,Stockholm/Södertälje,NORRBYVRETSVÄGEN 14 A,147 63,UTTRAN,,,Är registrerad för F-skatt,Har aldrig varit registrerad för moms,Har aldrig varit registrerad som arbetsgivare,0 anställda,Postadress är OK,"Tar emot reklam, ej telefonnummerspärrat"
6606047600,196606047600,"Hallenberg, Susanna",,Fysiska personer,Ej aktiebolag,2026-04-07,2026-04-07,,Normalläge,Är verksam,Restaurangverksamhet,56110,Älvkarleby,Uppsala,Gävle/Sandviken,SVEAGATAN 7,814 40,SKUTSKÄR,,,Är registrerad för F-skatt,Är registrerad för moms,Har aldrig varit registrerad som arbetsgivare,0 anställda,Postadress är OK,"Tar emot reklam, ej telefonnummerspärrat"
6606126651,196606126651,"Alexandre, Kenneth",,Fysiska personer,Ej aktiebolag,2026-04-07,2026-04-07,,Normalläge,Är verksam,Skogsförvaltning,02101,Lindesberg,Örebro,Lindesberg,VÄSTRA LÖA NYA FALLET 175,714 94,KOPPARBERG,,,Är registrerad för F-skatt,Är registrerad för moms,Har aldrig varit registrerad som arbetsgivare,0 anställda,Postadress är OK,"Tar emot reklam, ej telefonnummerspärrat"
6606273941,196606273941,"Horn, Camilla",,Fysiska personer,Ej aktiebolag,2026-04-07,2026-04-07,,Normalläge,Är verksam,Litterärt skapande och musikkomposition,90110,Göteborg,Västra Götaland,Göteborg,BOKEKULLSGATAN 7 A LGH 1302,414 75,GÖTEBORG,,,Är registrerad för F-skatt,Har aldrig varit registrerad för moms,Har aldrig varit registrerad som arbetsgivare,0 anställda,Postadress är OK,"Tar emot reklam, ej telefonnummerspärrat"
6607095608,196607095608,"Albertsen Lidén, Tina",,Fysiska personer,Ej aktiebolag,2026-04-07,2026-04-07,,Normalläge,Är verksam,Partihandel med kläder och skodon,46420,Göteborg,Västra Götaland,Göteborg,SMÖJTRÄVÄGEN 37,425 43,HISINGS KÄRRA,,,Är registrerad för F-skatt,Har aldrig varit registrerad för moms,Har aldrig varit registrerad som arbetsgivare,0 anställda,Postadress är OK,"Tar emot reklam, ej telefonnummerspärrat"
6608140205,196608140205,"Jansson, Ylva",,Fysiska personer,Ej aktiebolag,2026-04-07,2026-04-07,,Normalläge,Är verksam,Fotoverksamhet,74200,Ystad,Skåne,Ystad/Simrishamn,VÄSTERPORTSTORG 1 D,271 44,YSTAD,,,Är registrerad för F-skatt,Är registrerad för moms,Har aldrig varit registrerad som arbetsgivare,0 anställda,Postadress är OK,"Tar emot reklam, ej telefonnummerspärrat"
6608161300,196608161300,"Ghebreselasie, Aster",,Fysiska personer,Ej aktiebolag,2026-04-07,,,Normalläge,Har aldrig varit verksam,Okänd,00000,Sollentuna,Stockholm,Stockholm/Södertälje,BUSSENHUSVÄGEN 4  LGH 1504,163 62,SPÅNGA,,,Har aldrig varit registrerad för F-skatt,Har aldrig varit registrerad för moms,Är registrerad som privatarbetsgivare,0 anställda,Postadress är OK,"Tar emot reklam, ej telefonnummerspärrat"
6608213507,196608213507,"Markendahl Duda, Katarina",,Fysiska personer,Ej aktiebolag,2026-04-07,2026-04-07,,Normalläge,Är verksam,Scenkonst,90200,Stockholm,Stockholm,Stockholm/Södertälje,PETTERSBERGSVÄGEN 63 A,129 40,HÄGERSTEN,,,Är registrerad för F-skatt,Har aldrig varit registrerad för moms,Har aldrig varit registrerad som arbetsgivare,0 anställda,Postadress är OK,"Tar emot reklam, ej telefonnummerspärrat"
6609163594,196609163594,"Ora, Juha-Matti Pentti",,Fysiska personer,Ej aktiebolag,2026-04-07,2026-04-07,,Normalläge,Är verksam,Litterärt skapande och musikkomposition,90110,Värmdö,Stockholm,Stockholm/Södertälje,RENVÄGEN 4  LGH 1001,134 34,GUSTAVSBERG,,,Är registrerad för F-skatt,Är registrerad för moms,Har aldrig varit registrerad som arbetsgivare,0 anställda,Postadress är OK,"Tar emot reklam, ej telefonnummerspärrat"
6610054634,196610054634,"Jönsson, Leif",,Fysiska personer,Ej aktiebolag,2026-04-07,2026-04-07,,Normalläge,Är verksam,Fysioterapeutisk verksamhet,86950,Halmstad,Halland,Halmstad,BLOMBERGSVÄGEN 2  LGH 1201,305 72,STENINGE,,,Är registrerad för F-skatt,Har aldrig varit registrerad för moms,Har aldrig varit registrerad som arbetsgivare,0 anställda,Postadress är OK,"Tar emot reklam, ej telefonnummerspärrat"
6610206895,196610206895,"Dakhil, Khalid Aziz",,Fysiska personer,Ej aktiebolag,2026-04-07,2026-04-07,,Normalläge,Är verksam,Konsultverksamhet avseende företags organisation,70200,Kumla,Örebro,Örebro,LOVISELUNDSGATAN 1,692 71,KUMLA,,,Är registrerad för F-skatt,Är registrerad för moms,Har aldrig varit registrerad som arbetsgivare,0 anställda,Postadress är OK,"Tar emot reklam, ej telefonnummerspärrat"
6701088558,196701088558,"Ögren, Fredrik",,Fysiska personer,Ej aktiebolag,2026-04-07,2026-04-07,,Normalläge,Är verksam,Skogsförvaltning,02101,Skellefteå,Västerbotten,Skellefteå,ÖGRENSGATAN 20,931 54,SKELLEFTEÅ,,,Har aldrig varit registrerad för F-skatt,Är registrerad för moms,Har aldrig varit registrerad som arbetsgivare,0 anställda,Postadress är OK,"Tar emot reklam, ej telefonnummerspärrat"
6702286920,196702286920,"Malmström, Lena",,Fysiska personer,Ej aktiebolag,2026-04-07,2026-04-07,,Normalläge,Är verksam,"Dagspa, bastu och ångbastu",96230,Helsingborg,Skåne,Helsingborg/Landskrona,PÅLSJÖGATAN 21 E LGH 1203,254 40,HELSINGBORG,,,Är registrerad för F-skatt,Har aldrig varit registrerad för moms,Har aldrig varit registrerad som arbetsgivare,0 anställda,Postadress är OK,"Tar emot reklam, ej telefonnummerspärrat"
6703115060,196703115060,"Bjerger, Christina",,Fysiska personer,Ej aktiebolag,2026-04-07,2026-04-07,,Normalläge,Är verksam,Arkitektverksamhet,71110,Laholm,Halland,Halmstad,VEINGE BY 118  NILSTORP,312 92,LAHOLM,,,Är registrerad för F-skatt,Är registrerad för moms,Har aldrig varit registrerad som arbetsgivare,0 anställda,Postadress är OK,"Tar emot reklam, ej telefonnummerspärrat"
6703248523,196703248523,"Marklund, Susanne",,Fysiska personer,Ej aktiebolag,2026-04-07,2026-04-07,,Normalläge,Är verksam,Skogsförvaltning,02101,Skellefteå,Västerbotten,Skellefteå,ÅSGATAN 8  LGH 1101,931 41,SKELLEFTEÅ,,,Är registrerad för F-skatt,Har aldrig varit registrerad för moms,Har aldrig varit registrerad som arbetsgivare,0 anställda,Postadress är OK,"Tar emot reklam, ej telefonnummerspärrat"
6703286945,196703286945,"Lepistö, Anneli",,Fysiska personer,Ej aktiebolag,2026-04-07,2026-04-07,,Normalläge,Är verksam,Förmedling avseende icke-specialiserad detaljhandel,47910,Göteborg,Västra Götaland,Göteborg,BRUNKEBERGSGATAN 8 B LGH 1102,416 62,GÖTEBORG,,,Är registrerad för F-skatt,Är registrerad för moms,Har aldrig varit registrerad som arbetsgivare,0 anställda,Postadress är OK,"Tar emot reklam, ej telefonnummerspärrat"
6705316799,196705316799,"Lindström, Tomas",,Fysiska personer,Ej aktiebolag,2026-04-07,2026-04-07,,Normalläge,Är verksam,Skogsförvaltning,02101,Örebro,Örebro,Örebro,UNIVERSITETSALLÉN 24  LGH 1304,702 80,ÖREBRO,,,Har aldrig varit registrerad för F-skatt,Är registrerad för moms,Har aldrig varit registrerad som arbetsgivare,0 anställda,Postadress är OK,"Tar emot reklam, ej telefonnummerspärrat"
6706021083,196706021083,"Möller, Isabelle",,Fysiska personer,Ej aktiebolag,2026-04-07,2026-04-07,,Normalläge,Är verksam,Övrig specialiserad detaljhandel,47789,Borgholm,Kalmar,Kalmar/Nybro,ÖSTRA ALVARAGATAN 4,387 73,LÖTTORP,,,Är registrerad för F-skatt,Har aldrig varit registrerad för moms,Har aldrig varit registrerad som arbetsgivare,0 anställda,Postadress är OK,"Tar emot reklam, ej telefonnummerspärrat"
6706022859,196706022859,"Trad, Mohamed",,Fysiska personer,Ej aktiebolag,2026-04-07,2026-04-07,,Normalläge,Är verksam,Partihandel med andra livsmedel,46380,Uddevalla,Västra Götaland,Uddevalla,TVÅKRONORSVÄGEN 6,451 73,UDDEVALLA,,,Är registrerad för F-skatt,Har aldrig varit registrerad för moms,Har aldrig varit registrerad som arbetsgivare,0 anställda,Postadress är OK,"Tar emot reklam, ej telefonnummerspärrat"
6708173197,196708173197,"Czinkoczky, Csaba",,Fysiska personer,Ej aktiebolag,2026-04-07,2026-04-07,,Normalläge,Är verksam,Fastighetsrelaterad stödverksamhet,81100,Värmdö,Stockholm,Stockholm/Södertälje,STAMGATAN 90,125 74,ÄLVSJÖ,,,Är registrerad för F-skatt,Har aldrig varit registrerad för moms,Har aldrig varit registrerad som arbetsgivare,0 anställda,Postadress är OK,"Tar emot reklam, ej telefonnummerspärrat"
6709267659,196709267659,"Othzén, Markus",,Fysiska personer,Ej aktiebolag,2026-04-07,2026-04-07,,Normalläge,Är verksam,Reparation och underhåll av maskiner,33120,Sandviken,Gävleborg,Gävle/Sandviken,FÖRETVÄGEN 5,811 35,SANDVIKEN,,,Är registrerad för F-skatt,Är registrerad för moms,Har aldrig varit registrerad som arbetsgivare,0 anställda,Postadress är OK,"Tar emot reklam, ej telefonnummerspärrat"
6710276673,196710276673,"Pettersson, Morgan",,Fysiska personer,Ej aktiebolag,2026-04-07,2026-04-07,,Normalläge,Är verksam,Scenkonst,90200,Örebro,Örebro,Örebro,BOSKÄRSGATAN 19,702 44,ÖREBRO,,,Är registrerad för F-skatt,Har aldrig varit registrerad för moms,Har aldrig varit registrerad som arbetsgivare,0 anställda,Postadress är OK,"Tar emot reklam, ej telefonnummerspärrat"
6711061090,196711061090,"Hägg, Anders",,Fysiska personer,Ej aktiebolag,2026-04-07,2026-04-07,,Normalläge,Är verksam,Skogsförvaltning,02101,Östhammar,Uppsala,Uppsala,GETSKÄRSUDDEN 11,742 96,GRÄSÖ,,,Är registrerad för F-skatt,Är registrerad för moms,Har aldrig varit registrerad som arbetsgivare,0 anställda,Postadress är OK,"Tar emot reklam, ej telefonnummerspärrat"
6711126927,196711126927,"Holmberg, Åsa",,Fysiska personer,Ej aktiebolag,2026-04-07,2026-04-07,,Normalläge,Är verksam,Skogsförvaltning,02101,Strängnäs,Södermanland,Eskilstuna,ORRSPELSVÄGEN 3 C LGH 1001,645 40,STRÄNGNÄS,,,Har aldrig varit registrerad för F-skatt,Är registrerad för moms,Har aldrig varit registrerad som arbetsgivare,0 anställda,Postadress är OK,"Tar emot reklam, ej telefonnummerspärrat"
6712165551,196712165551,"Ferm, Patrik",,Fysiska personer,Ej aktiebolag,2026-04-07,2026-04-07,,Normalläge,Är verksam,Uthyrning och förvaltning av egna eller arrenderade industrilokaler,68202,Mellerud,Västra Götaland,Trollhättan/Vänersborg,KAMBOL 1,464 94,MELLERUD,,,Är registrerad för F-skatt,Är registrerad för moms,Har aldrig varit registrerad som arbetsgivare,0 anställda,Postadress är OK,"Tar emot reklam, ej telefonnummerspärrat"
6801317832,196801317832,"Andersson, Tommy",,Fysiska personer,Ej aktiebolag,2026-04-07,2026-04-07,,Normalläge,Är verksam,Skogsförvaltning,02101,Östersund,Jämtland,Östersund,HÄRKEVÄGEN 44,832 96,FRÖSÖN,,,Är registrerad för F-skatt,Är registrerad för moms,Har aldrig varit registrerad som arbetsgivare,0 anställda,Postadress är OK,"Tar emot reklam, ej telefonnummerspärrat"
6803271532,196803271532,"Liffgård, Bengt Patrik",,Fysiska personer,Ej aktiebolag,2026-04-07,2026-04-07,,Normalläge,Är verksam,"Odling av spannmål (utom ris), baljväxter och oljeväxter",01110,Uppsala,Uppsala,Uppsala,NORRTÄLJEGATAN 1 A LGH 1204,753 27,UPPSALA,,,Är registrerad för F-skatt,Har aldrig varit registrerad för moms,Har aldrig varit registrerad som arbetsgivare,0 anställda,Postadress är OK,"Tar emot reklam, ej telefonnummerspärrat"
6804062989,196804062989,"Karlsson, Ulrika",,Fysiska personer,Ej aktiebolag,2026-04-07,2026-04-07,,Normalläge,Är verksam,Detaljhandel med övriga begagnade varor,47792,Kalmar,Kalmar,Kalmar/Nybro,SKAFFAREVÄGEN 7,393 64,KALMAR,,,Är registrerad för F-skatt,Är registrerad för moms,Har aldrig varit registrerad som arbetsgivare,0 anställda,Postadress är OK,"Tar emot reklam, ej telefonnummerspärrat"
6805106454,196805106454,"Omar, Ahmed Nasser",,Fysiska personer,Ej aktiebolag,2026-04-07,2026-04-07,,Normalläge,Är verksam,"Passagerartrafik på beställning, fordon med förare",49330,Göteborg,Västra Götaland,Göteborg,MANDOLINGATAN 37  LGH 1102,421 45,VÄSTRA FRÖLUNDA,,,Är registrerad för F-skatt,Är registrerad för moms,Har aldrig varit registrerad som arbetsgivare,0 anställda,Postadress är OK,"Tar emot reklam, ej telefonnummerspärrat"
6805308779,196805308779,"Koopmans, Ijmelines Jan",Södergård Service,Fysiska personer,Ej aktiebolag,2026-04-07,,,Normalläge,Har aldrig varit verksam,Okänd,00000,Sävsjö,Jönköping,Eksjö/Nässjö/Vetlanda,HÄLLARYD SÖDERGÅRD 3,576 95,STOCKARYD,y.koopmanshallaryd68@gmail.com,,Har aldrig varit registrerad för F-skatt,Har aldrig varit registrerad för moms,Har aldrig varit registrerad som arbetsgivare,0 anställda,Postadress är OK,"Tar emot reklam, ej telefonnummerspärrat"
6806015902,196806015902,"Fogelström, Camilla",Camilla Fogelström Konstnär,Fysiska personer,Ej aktiebolag,2026-04-07,,,Normalläge,Har aldrig varit verksam,Okänd,00000,Skövde,Västra Götaland,Skövde,BARKVÄGEN 13 C,549 61,SKÖVDE,camillafogelstrom@live.se,,Har aldrig varit registrerad för F-skatt,Har aldrig varit registrerad för moms,Har aldrig varit registrerad som arbetsgivare,0 anställda,Postadress är OK,"Tar emot reklam, ej telefonnummerspärrat"
6807080160,196807080160,"Strömberg, Maria Elisabeth",,Fysiska personer,Ej aktiebolag,2026-04-07,,,Normalläge,Har aldrig varit verksam,Okänd,00000,Uppsala,Uppsala,Uppsala,KVARNKULLSVÄGEN 22,754 45,UPPSALA,,,Har aldrig varit registrerad för F-skatt,Har aldrig varit registrerad för moms,Är registrerad som privatarbetsgivare,0 anställda,Postadress är OK,"Tar emot reklam, ej telefonnummerspärrat"
6807096943,196807096943,"Danielsson, Ulla",,Fysiska personer,Ej aktiebolag,2026-04-07,,,Normalläge,Har aldrig varit verksam,Okänd,00000,Västerås,Västmanland,Västerås,FUNKISGATAN 10,723 46,VÄSTERÅS,,,Har aldrig varit registrerad för F-skatt,Har aldrig varit registrerad för moms,Är registrerad som privatarbetsgivare,0 anställda,Postadress är OK,"Tar emot reklam, ej telefonnummerspärrat"
6808106667,196808106667,"Ernestam, Ingela",,Fysiska personer,Ej aktiebolag,2026-04-07,2026-04-07,,Normalläge,Är verksam,Konsultverksamhet avseende företags organisation,70200,Örebro,Örebro,Örebro,FÅSJÖHYTTAN 446,713 93,NORA,,,Är registrerad för F-skatt,Är registrerad för moms,Har aldrig varit registrerad som arbetsgivare,0 anställda,Postadress är OK,"Tar emot reklam, ej telefonnummerspärrat"
6808135799,196808135799,"Boluijt, Paulus",,Fysiska personer,Ej aktiebolag,2026-04-07,2026-04-07,,Normalläge,Är verksam,Diverse övriga konsumenttjänster,96990,Stockholm,Stockholm,Stockholm/Södertälje,TENGDAHLSGATAN 19  LGH 1304,116 48,STOCKHOLM,,,Är registrerad för F-skatt,Är registrerad för moms,Har aldrig varit registrerad som arbetsgivare,0 anställda,Postadress är OK,"Tar emot reklam, ej telefonnummerspärrat"
6808152513,196808152513,"Björkman, Ulf",,Fysiska personer,Ej aktiebolag,2026-04-07,2026-04-07,,Normalläge,Är verksam,Skogsförvaltning,02101,Tranås,Jönköping,Tranås,SÄTTRA 7,573 97,TRANÅS,,,Har aldrig varit registrerad för F-skatt,Är registrerad för moms,Har aldrig varit registrerad som arbetsgivare,0 anställda,Postadress är OK,"Tar emot reklam, ej telefonnummerspärrat"
6809229419,196809229419,"Tanner, Petri",,Fysiska personer,Ej aktiebolag,2026-04-07,,,Normalläge,Har aldrig varit verksam,Okänd,00000,Stockholm,Stockholm,Stockholm/Södertälje,GREV TUREGATAN 37  LGH 1304,114 38,STOCKHOLM,,,Har aldrig varit registrerad för F-skatt,Har aldrig varit registrerad för moms,Är registrerad som privatarbetsgivare,0 anställda,Postadress är OK,"Tar emot reklam, ej telefonnummerspärrat"
6812295043,196812295043,"Svernfors, Mia",,Fysiska personer,Ej aktiebolag,2026-04-07,,,Normalläge,Har aldrig varit verksam,Okänd,00000,Göteborg,Västra Götaland,Göteborg,ORGANISTVÄGEN 2,423 34,TORSLANDA,,,Har aldrig varit registrerad för F-skatt,Har aldrig varit registrerad för moms,Är registrerad som privatarbetsgivare,0 anställda,Postadress är OK,"Tar emot reklam, ej telefonnummerspärrat"
6902164117,196902164117,"Carlin, Claes Henrik David",,Fysiska personer,Ej aktiebolag,2026-04-07,,,Normalläge,Har aldrig varit verksam,Okänd,00000,Malmö,Skåne,Malmö/Lund/Trelleborg,PRUNUSGATAN 20,212 32,MALMÖ,,,Har aldrig varit registrerad för F-skatt,Har aldrig varit registrerad för moms,Är registrerad som privatarbetsgivare,0 anställda,Postadress är OK,"Tar emot reklam, ej telefonnummerspärrat"
6903043625,196903043625,"Nilsson, Mari",,Fysiska personer,Ej aktiebolag,2026-04-07,2026-04-07,,Normalläge,Är verksam,Skogsförvaltning,02101,Kristianstad,Skåne,Kristianstad,HALLINGAVÄGEN 62,291 69,FJÄLKINGE,,,Är registrerad för F-skatt,Är registrerad för moms,Har aldrig varit registrerad som arbetsgivare,0 anställda,Postadress är OK,"Tar emot reklam, ej telefonnummerspärrat"
6904161616,196904161616,"Fransson, Tomas",,Fysiska personer,Ej aktiebolag,2026-04-07,2026-04-07,,Normalläge,Är verksam,Skogsförvaltning,02101,Vingåker,Södermanland,Katrineholm,BODA 1,643 93,VINGÅKER,,,Är registrerad för F-skatt,Är registrerad för moms,Har aldrig varit registrerad som arbetsgivare,0 anställda,Postadress är OK,"Tar emot reklam, ej telefonnummerspärrat"
6906270340,196906270340,"Mickleson, Anna",,Fysiska personer,Ej aktiebolag,2026-04-07,2026-04-07,,Normalläge,Är verksam,Veterinärverksamhet,75000,Stockholm,Stockholm,Stockholm/Södertälje,BRUKSVÄGEN 62,165 65,HÄSSELBY,,,Är registrerad för F-skatt,Är registrerad för moms,Har aldrig varit registrerad som arbetsgivare,0 anställda,Postadress är OK,"Tar emot reklam, ej telefonnummerspärrat"
6907011628,196907011628,"Eklund, Helene",,Fysiska personer,Ej aktiebolag,2026-04-07,,,Normalläge,Har aldrig varit verksam,Okänd,00000,Nyköping,Södermanland,Nyköping,FOTBOLLSVÄGEN 30 A LGH 1101,611 68,NYKÖPING,,,Har aldrig varit registrerad för F-skatt,Har aldrig varit registrerad för moms,Är registrerad som privatarbetsgivare,0 anställda,Postadress är OK,"Tar emot reklam, ej telefonnummerspärrat"
6907080235,196907080235,"Ribohn Kubin, Robert",,Fysiska personer,Ej aktiebolag,2026-04-07,2026-04-07,,Normalläge,Är verksam,Insamling av icke-farligt avfall,38110,Eskilstuna,Södermanland,Eskilstuna,RUBINGÅNGEN 11  LGH 1103,632 34,ESKILSTUNA,,,Är registrerad för F-skatt,Är registrerad för moms,Har aldrig varit registrerad som arbetsgivare,0 anställda,Postadress är OK,"Tar emot reklam, ej telefonnummerspärrat"
6907207515,196907207515,"Fält, Magnus",,Fysiska personer,Ej aktiebolag,2026-04-07,,,Normalläge,Har aldrig varit verksam,Okänd,00000,Ockelbo,Gävleborg,Gävle/Sandviken,ÅBRO SKOLVÄG 18,816 90,OCKELBO,,,Har aldrig varit registrerad för F-skatt,Har aldrig varit registrerad för moms,Är registrerad som privatarbetsgivare,0 anställda,Postadress är OK,"Tar emot reklam, ej telefonnummerspärrat"
6907301623,196907301623,"Sundström, Ann-Louise",,Fysiska personer,Ej aktiebolag,2026-04-07,2026-04-07,,Normalläge,Är verksam,Övrig fritids- och nöjesverksamhet,93290,Eskilstuna,Södermanland,Eskilstuna,STAVHÄLL 1,635 12,ESKILSTUNA,,,Är registrerad för F-skatt,Har aldrig varit registrerad för moms,Är registrerad som vanlig arbetsgivare,1-9 anställda,Postadress är OK,"Tar emot reklam, ej telefonnummerspärrat"
6909061167,196909061167,"Russell, Sara",,Fysiska personer,Ej aktiebolag,2026-04-07,2026-04-07,,Normalläge,Är verksam,Frisörer och barberare,96210,Sollentuna,Stockholm,Stockholm/Södertälje,BYGDEVÄGEN 25 C LGH 1001,191 46,SOLLENTUNA,,,Är registrerad för F-skatt,Har aldrig varit registrerad för moms,Har aldrig varit registrerad som arbetsgivare,0 anställda,Postadress är OK,"Tar emot reklam, ej telefonnummerspärrat"
6909273507,196909273507,"Lundahl, Ann Ulrika",,Fysiska personer,Ej aktiebolag,2026-04-07,,,Normalläge,Har aldrig varit verksam,Okänd,00000,Örkelljunga,Skåne,Ängelholm,SONNARPSVÄGEN 1 C LGH 1003,286 32,ÖRKELLJUNGA,,,Har aldrig varit registrerad för F-skatt,Har aldrig varit registrerad för moms,Är registrerad som privatarbetsgivare,0 anställda,Postadress är OK,"Tar emot reklam, ej telefonnummerspärrat"
6910086682,196910086682,"Podgornik, Maria",,Fysiska personer,Ej aktiebolag,2026-04-07,2026-04-07,,Normalläge,Är verksam,Skogsförvaltning,02101,Avesta,Dalarna,Avesta/Hedemora,ÅSGÅRDSVÄGEN 13 A LGH 1302,774 60,AVESTA,,,Har aldrig varit registrerad för F-skatt,Är registrerad för moms,Har aldrig varit registrerad som arbetsgivare,0 anställda,Postadress är OK,"Tar emot reklam, ej telefonnummerspärrat"
6911217591,196911217591,"Johansson, Magnus",,Fysiska personer,Ej aktiebolag,2026-04-07,2026-04-07,,Normalläge,Är verksam,Skogsförvaltning,02101,Söderhamn,Gävleborg,Bollnäs/Söderhamn,MARÅKERS BRUK 709,826 77,LJUSNE,,,Är registrerad för F-skatt,Är registrerad för moms,Har aldrig varit registrerad som arbetsgivare,0 anställda,Postadress är OK,"Tar emot reklam, ej telefonnummerspärrat"
6912078232,196912078232,"Kristiansson, Patric",,Fysiska personer,Ej aktiebolag,2026-04-07,2026-04-07,,Normalläge,Är verksam,Förmedling avseende icke-specialiserad detaljhandel,47910,Östersund,Jämtland,Östersund,REGEMENTSGATAN 17  LGH 1102,831 41,ÖSTERSUND,,,Är registrerad för F-skatt,Är registrerad för moms,Har aldrig varit registrerad som arbetsgivare,0 anställda,Postadress är OK,"Tar emot reklam, ej telefonnummerspärrat"
6912264865,196912264865,"Larsson, Annika",,Fysiska personer,Ej aktiebolag,2026-04-07,2026-04-07,,Normalläge,Är verksam,Okänd,00000,Göteborg,Västra Götaland,Göteborg,UTLANDAGATAN 17,412 61,GÖTEBORG,,,Har aldrig varit registrerad för F-skatt,Är registrerad för moms,Har aldrig varit registrerad som arbetsgivare,0 anställda,Postadress är OK,"Tar emot reklam, ej telefonnummerspärrat"
7179059212,167179059212,NÖTMARKENS VÄGSAMFÄLLIGHET,,Samfälligheter,Ej aktiebolag,2026-04-07,,,Normalläge,Har aldrig varit verksam,Okänd,00000,Sala,Västmanland,Sala,PL 1260,730 70,VÄSTERFÄRNEBO,,,Har aldrig varit registrerad för F-skatt,Har aldrig varit registrerad för moms,Har aldrig varit registrerad som arbetsgivare,0 anställda,Postadress är OK,"Tar emot reklam, ej telefonnummerspärrat"
7179250266,167179250266,Råhult-Svanaryd-Sjöåkra samfällighetsförening,,Samfälligheter,Ej aktiebolag,2026-04-07,,,Normalläge,Har aldrig varit verksam,Okänd,00000,Värnamo,Jönköping,Värnamo,LEDA NYBYGGET 1,331 96,VÄRNAMO,,,Har aldrig varit registrerad för F-skatt,Har aldrig varit registrerad för moms,Har aldrig varit registrerad som arbetsgivare,0 anställda,Postadress är OK,"Tar emot reklam, ej telefonnummerspärrat"
7179250274,167179250274,Södra Stavsudda samfällighetsförening,,Samfälligheter,Ej aktiebolag,2026-04-07,,,Normalläge,Har aldrig varit verksam,Okänd,00000,Värmdö,Stockholm,Stockholm/Södertälje,BJÖRNSTIGEN 3,185 41,VAXHOLM,,,Har aldrig varit registrerad för F-skatt,Har aldrig varit registrerad för moms,Har aldrig varit registrerad som arbetsgivare,0 anställda,Postadress är OK,"Tar emot reklam, ej telefonnummerspärrat"
7179250282,167179250282,Idre Fjällvidd Samfällighetsförening,,Samfälligheter,Ej aktiebolag,2026-04-07,,,Normalläge,Har aldrig varit verksam,Okänd,00000,Älvdalen,Dalarna,Mora,HANS JÄRTAS VÄG 3,791 37,FALUN,,,Har aldrig varit registrerad för F-skatt,Har aldrig varit registrerad för moms,Har aldrig varit registrerad som arbetsgivare,0 anställda,Postadress är OK,"Tar emot reklam, ej telefonnummerspärrat"
7179250290,167179250290,Öfvre Strandpromenadens Samfällighetsförening,,Samfälligheter,Ej aktiebolag,2026-04-07,,,Normalläge,Har aldrig varit verksam,Okänd,00000,Växjö,Kronoberg,Växjö,INGELSTADSVÄGEN 27 A,352 34,VÄXJÖ,,,Har aldrig varit registrerad för F-skatt,Har aldrig varit registrerad för moms,Har aldrig varit registrerad som arbetsgivare,0 anställda,Postadress är OK,"Tar emot reklam, ej telefonnummerspärrat"
7179250308,167179250308,Harklöversvägens samfällighetsförening,,Samfälligheter,Ej aktiebolag,2026-04-07,,,Normalläge,Har aldrig varit verksam,Okänd,00000,Gävle,Gävleborg,Gävle/Sandviken,HAGALUNDSVÄGEN 27,818 45,HEDESUNDA,,,Har aldrig varit registrerad för F-skatt,Har aldrig varit registrerad för moms,Har aldrig varit registrerad som arbetsgivare,0 anställda,Postadress är OK,"Tar emot reklam, ej telefonnummerspärrat"
7696437115,167696437115,Bostadsrättsföreningen Idre Fjällvidd 4,,Bostadsrättsföreningar,Ej aktiebolag,2026-04-07,,,Normalläge,Har aldrig varit verksam,Förvaltning i bostadsrättsföreningar,68204,Älvdalen,Dalarna,Mora,HANS JÄRTAS VÄG 3,791 37,FALUN,maria.rydqvist@vildhem.se,,Har aldrig varit registrerad för F-skatt,Har aldrig varit registrerad för moms,Har aldrig varit registrerad som arbetsgivare,0 anställda,Postadress är OK,"Tar emot reklam, ej telefonnummerspärrat"
7696437123,167696437123,Bostadsrättsföreningen Sillahusen Nedre,,Bostadsrättsföreningar,Ej aktiebolag,2026-04-07,,,Normalläge,Har aldrig varit verksam,Förvaltning i bostadsrättsföreningar,68204,Simrishamn,Skåne,Ystad/Simrishamn,STAPELBÄDDSGATAN 16,211 75,MALMÖ,,,Har aldrig varit registrerad för F-skatt,Har aldrig varit registrerad för moms,Har aldrig varit registrerad som arbetsgivare,0 anställda,Postadress är OK,"Tar emot reklam, ej telefonnummerspärrat"
7696437131,167696437131,Bostadsrättsföreningen Iskuben,,Bostadsrättsföreningar,Ej aktiebolag,2026-04-07,,,Normalläge,Har aldrig varit verksam,Förvaltning i bostadsrättsföreningar,68204,Härjedalen,Jämtland,Östersund,JUNGFRUBERGSVÄGEN 16,589 31,LINKÖPING,julia@tjfastigheter.se,,Har aldrig varit registrerad för F-skatt,Har aldrig varit registrerad för moms,Har aldrig varit registrerad som arbetsgivare,0 anställda,Postadress är OK,"Tar emot reklam, ej telefonnummerspärrat"
7696437149,167696437149,Tjim ekonomisk förening,,Ekonomiska föreningar,Ej aktiebolag,2026-04-07,2026-04-07,,Normalläge,Är verksam,Scenkonst,90200,Stockholm,Stockholm,Stockholm/Södertälje,BÅGVÄGEN 7,191 43,SOLLENTUNA,tjim.mp3@gmail.com,,Är registrerad för F-skatt,Har aldrig varit registrerad för moms,Har aldrig varit registrerad som arbetsgivare,0 anställda,Postadress är OK,"Tar emot reklam, ej telefonnummerspärrat"
7001298517,197001298517,"Forsman, Ivan",,Fysiska personer,Ej aktiebolag,2026-04-07,2026-04-07,,Normalläge,Är verksam,Skogsförvaltning,02101,Storuman,Västerbotten,Lycksele,BYAVÄGEN 23,923 96,BARSELE,,,Är registrerad för F-skatt,Är registrerad för moms,Har aldrig varit registrerad som arbetsgivare,0 anställda,Postadress är OK,"Tar emot reklam, ej telefonnummerspärrat"
7002125651,197002125651,"Asplund, Dan-Fredrik",Dan-Fredriks Handel,Fysiska personer,Ej aktiebolag,2026-04-07,,,Normalläge,Har aldrig varit verksam,Okänd,00000,Ljusdal,Gävleborg,Hudiksvall/Ljusdal,STATIONSGATAN 21 B LGH 1102,827 50,JÄRVSÖ,dan.f.asplund@gmail.com,,Har aldrig varit registrerad för F-skatt,Har aldrig varit registrerad för moms,Har aldrig varit registrerad som arbetsgivare,0 anställda,Postadress är OK,"Tar emot reklam, ej telefonnummerspärrat"
7002209364,197002209364,"Bengtsson, Zvezdana Madeleine",,Fysiska personer,Ej aktiebolag,2026-04-07,,,Normalläge,Har aldrig varit verksam,Okänd,00000,Göteborg,Västra Götaland,Göteborg,ELLIOTS VÄG 51,443 51,LERUM,,,Har aldrig varit registrerad för F-skatt,Har aldrig varit registrerad för moms,Är registrerad som privatarbetsgivare,0 anställda,Postadress är OK,"Tar emot reklam, ej telefonnummerspärrat"
7005083956,197005083956,"Thulin, Jerry",,Fysiska personer,Ej aktiebolag,2026-04-07,,,Normalläge,Har aldrig varit verksam,Okänd,00000,Sjöbo,Skåne,Ystad/Simrishamn,HÖRLINS VÄG 35,274 60,RYDSGÅRD,,,Har aldrig varit registrerad för F-skatt,Har aldrig varit registrerad för moms,Är registrerad som privatarbetsgivare,0 anställda,Postadress är OK,"Tar emot reklam, ej telefonnummerspärrat"
7005202879,197005202879,"Najjar, Alaiddin",,Fysiska personer,Ej aktiebolag,2026-04-07,2026-04-07,,Normalläge,Är verksam,Byggande av bostadshus och andra byggnader,41000,Vänersborg,Västra Götaland,Trollhättan/Vänersborg,STOREGÅRDSVÄGEN 6 B LGH 1101,468 30,VARGÖN,,,Är registrerad för F-skatt,Är registrerad för moms,Har aldrig varit registrerad som arbetsgivare,0 anställda,Postadress är OK,"Tar emot reklam, ej telefonnummerspärrat"
7005218214,197005218214,"Olsson, Lars Kenneth",,Fysiska personer,Ej aktiebolag,2026-04-07,2026-04-07,,Normalläge,Är verksam,Skogsförvaltning,02101,Krokom,Jämtland,Östersund,TREFALDIGHETSVÄGEN 6,835 61,FÖLLINGE,,,Är registrerad för F-skatt,Är registrerad för moms,Har aldrig varit registrerad som arbetsgivare,0 anställda,Postadress är OK,"Tar emot reklam, ej telefonnummerspärrat"
7005293076,197005293076,"Lindahl, Alexander",,Fysiska personer,Ej aktiebolag,2026-04-07,2026-04-07,,Normalläge,Är verksam,Skogsskötsel,02102,Södertälje,Stockholm,Stockholm/Södertälje,BLOMSTERVÄGEN 3  LGH 1001,151 60,SÖDERTÄLJE,,,Är registrerad för F-skatt,Är registrerad för moms,Har aldrig varit registrerad som arbetsgivare,0 anställda,Postadress är OK,"Tar emot reklam, ej telefonnummerspärrat"
7006070119,197006070119,"Eriksson, Johan",,Fysiska personer,Ej aktiebolag,2026-04-07,2026-04-07,,Normalläge,Är verksam,Värme- och sanitetsarbeten,43221,Heby,Uppsala,Sala,SÄBY 116,744 95,VITTINGE,eriksson.h@telia.com,,Är registrerad för F-skatt,Har aldrig varit registrerad för moms,Har aldrig varit registrerad som arbetsgivare,0 anställda,Postadress är OK,"Tar emot reklam, ej telefonnummerspärrat"
7006143577,197006143577,"Thulin, Niklas",,Fysiska personer,Ej aktiebolag,2026-04-07,2026-04-07,,Normalläge,Är verksam,Datakonsultverksamhet,62201,Lomma,Skåne,Malmö/Lund/Trelleborg,BÜLOWS VÄG 3,237 36,BJÄRRED,,,Är registrerad för F-skatt,Har aldrig varit registrerad för moms,Har aldrig varit registrerad som arbetsgivare,0 anställda,Postadress är OK,"Tar emot reklam, ej telefonnummerspärrat"
7009158515,197009158515,"Sandström, Thomas",,Fysiska personer,Ej aktiebolag,2026-04-07,,,Normalläge,Har aldrig varit verksam,Okänd,00000,Arvidsjaur,Norrbotten,Piteå,LANKER 311,933 91,ARVIDSJAUR,,,Har aldrig varit registrerad för F-skatt,Har aldrig varit registrerad för moms,Är registrerad som privatarbetsgivare,0 anställda,Postadress är OK,"Tar emot reklam, ej telefonnummerspärrat"
7010014244,197010014244,"Olsson, Birgitta",,Fysiska personer,Ej aktiebolag,2026-04-07,2026-04-07,,Normalläge,Är verksam,"Uthyrning och förvaltning av egna eller arrenderade, andra lokaler",68203,Skurup,Skåne,Ystad/Simrishamn,ANNAVÄLLA 12,274 91,SKURUP,,,Är registrerad för F-skatt,Är registrerad för moms,Har aldrig varit registrerad som arbetsgivare,0 anställda,Postadress är OK,"Tar emot reklam, ej telefonnummerspärrat"
7011194037,197011194037,"Kvist, Christian",,Fysiska personer,Ej aktiebolag,2026-04-07,2026-04-07,,Normalläge,Är verksam,Scenkonst,90200,Linköping,Östergötland,Linköping,BJÖRKÄNGSGATAN 9 A,585 72,LJUNGSBRO,,,Är registrerad för F-skatt,Har aldrig varit registrerad för moms,Har aldrig varit registrerad som arbetsgivare,0 anställda,Postadress är OK,"Tar emot reklam, ej telefonnummerspärrat"
7103155672,197103155672,"Nobelius, Tomas",,Fysiska personer,Ej aktiebolag,2026-04-07,2026-04-07,,Normalläge,Är verksam,Tillverkning av övriga byggnads- och inredningssnickerier,16239,Lerum,Västra Götaland,Göteborg,BECKMANS VÄG 46,443 51,LERUM,,,Är registrerad för F-skatt,Har aldrig varit registrerad för moms,Har aldrig varit registrerad som arbetsgivare,0 anställda,Postadress är OK,"Tar emot reklam, ej telefonnummerspärrat"
7103292582,197103292582,"Faleskog Revsäter, Sofia",,Fysiska personer,Ej aktiebolag,2026-04-07,2026-04-07,,Normalläge,Är verksam,"Psykologi- och psykoterapiverksamhet, utom läkare",86930,Stockholm,Stockholm,Stockholm/Södertälje,DUVBOVÄGEN 61,163 43,SPÅNGA,,,Är registrerad för F-skatt,Har aldrig varit registrerad för moms,Har aldrig varit registrerad som arbetsgivare,0 anställda,Postadress är OK,"Tar emot reklam, ej telefonnummerspärrat"
7104220202,197104220202,"Türkekol, Ylva",,Fysiska personer,Ej aktiebolag,2026-04-07,2026-04-07,,Normalläge,Är verksam,Sport- och fritidsutbildning,85510,Knivsta,Uppsala,Uppsala,HÄLLEBORGSGATAN 7  LGH 1001,741 47,KNIVSTA,,,Är registrerad för F-skatt,Är registrerad för moms,Har aldrig varit registrerad som arbetsgivare,0 anställda,Postadress är OK,"Tar emot reklam, ej telefonnummerspärrat"
7104278200,197104278200,"Hermansson, Elisabeth",,Fysiska personer,Ej aktiebolag,2026-04-07,2026-04-07,,Normalläge,Är verksam,Skogsförvaltning,02101,Härjedalen,Jämtland,Östersund,ÄGGARVÄGEN 3,842 31,SVEG,,,Har aldrig varit registrerad för F-skatt,Är registrerad för moms,Har aldrig varit registrerad som arbetsgivare,0 anställda,Postadress är OK,"Tar emot reklam, ej telefonnummerspärrat"
7107010469,197107010469,"Gunnarsson, Ann-Sofi",,Fysiska personer,Ej aktiebolag,2026-04-07,2026-04-07,,Normalläge,Är verksam,Metallegoarbeten,25530,Kungsör,Västmanland,Köping,DAMMENVÄGEN 10,736 91,KUNGSÖR,,,Är registrerad för F-skatt,Är registrerad för moms,Har aldrig varit registrerad som arbetsgivare,0 anställda,Postadress är OK,"Tar emot reklam, ej telefonnummerspärrat"
7107114030,197107114030,"Österlind, Mattias",,Fysiska personer,Ej aktiebolag,2026-04-07,2026-04-07,,Normalläge,Är verksam,Detaljhandel via internet eller postorder med brett sortiment,47123,Stockholm,Stockholm,Stockholm/Södertälje,KRONOBERGSGATAN 25 A LGH 1402,112 33,STOCKHOLM,,,Är registrerad för F-skatt,Har aldrig varit registrerad för moms,Har aldrig varit registrerad som arbetsgivare,0 anställda,Postadress är OK,"Tar emot reklam, ej telefonnummerspärrat"
7107265790,197107265790,"Dunant, Jeroen",,Fysiska personer,Ej aktiebolag,2026-04-07,2026-04-07,,Normalläge,Är verksam,Diverse övrig stödverksamhet till företag,82990,Ludvika,Dalarna,Ludvika,KARLSÄNGSVÄGEN 43,770 14,NYHAMMAR,,,Är registrerad för F-skatt,Är registrerad för moms,Har aldrig varit registrerad som arbetsgivare,0 anställda,Postadress är OK,"Tar emot reklam, ej telefonnummerspärrat"
7112215517,197112215517,"Gravitis, Thomas",,Fysiska personer,Ej aktiebolag,2026-04-07,,,Normalläge,Har aldrig varit verksam,Okänd,00000,Borås,Västra Götaland,Borås,KVARNGATAN 22 C LGH 1001,503 36,BORÅS,,,Har aldrig varit registrerad för F-skatt,Har aldrig varit registrerad för moms,Är registrerad som privatarbetsgivare,0 anställda,Postadress är OK,"Tar emot reklam, ej telefonnummerspärrat"
7202035197,197202035197,"Möller, Anders",,Fysiska personer,Ej aktiebolag,2026-04-07,2026-04-07,,Normalläge,Är verksam,Eftergymnasial utbildning vid annat än universitet eller högskola,85330,Kungälv,Västra Götaland,Göteborg,VÄSTRA PORTEN 34,442 51,YTTERBY,,,Är registrerad för F-skatt,Är registrerad för moms,Har aldrig varit registrerad som arbetsgivare,0 anställda,Postadress är OK,"Tar emot reklam, ej telefonnummerspärrat"
7202054875,197202054875,"Larsson, Stefan",,Fysiska personer,Ej aktiebolag,2026-04-07,2026-04-07,,Normalläge,Är verksam,Detaljhandel via internet eller postorder med brett sortiment,47123,Örnsköldsvik,Västernorrland,Örnsköldsvik,EKVÄGEN 5 B LGH 1101,891 44,ÖRNSKÖLDSVIK,,,Är registrerad för F-skatt,Har aldrig varit registrerad för moms,Har aldrig varit registrerad som arbetsgivare,0 anställda,Postadress är OK,"Tar emot reklam, ej telefonnummerspärrat"
7203081687,197203081687,"Karlsson, Annika",,Fysiska personer,Ej aktiebolag,2026-04-07,2026-04-07,,Normalläge,Är verksam,Skogsförvaltning,02101,Vingåker,Södermanland,Katrineholm,BODA 1,643 93,VINGÅKER,,,Är registrerad för F-skatt,Är registrerad för moms,Har aldrig varit registrerad som arbetsgivare,0 anställda,Postadress är OK,"Tar emot reklam, ej telefonnummerspärrat"
7205086841,197205086841,"Puskás, Tünde",,Fysiska personer,Ej aktiebolag,2026-04-07,2026-04-07,,Normalläge,Är verksam,Skogsförvaltning,02101,Norrköping,Östergötland,Norrköping,SANDGATAN 22 A LGH 1302,602 47,NORRKÖPING,,,Har aldrig varit registrerad för F-skatt,Är registrerad för moms,Har aldrig varit registrerad som arbetsgivare,0 anställda,Postadress är OK,"Tar emot reklam, ej telefonnummerspärrat"
7206154911,197206154911,"Olofsson, Niklas",,Fysiska personer,Ej aktiebolag,2026-04-07,2026-04-07,,Normalläge,Är verksam,Kontorstjänster,82100,Orust,Västra Götaland,Uddevalla,MORLANDAVÄGEN 18  LGH 1102,474 31,ELLÖS,,,Är registrerad för F-skatt,Har aldrig varit registrerad för moms,Har aldrig varit registrerad som arbetsgivare,0 anställda,Postadress är OK,"Tar emot reklam, ej telefonnummerspärrat"
7206196052,197206196052,"Rådmark, Andreas",,Fysiska personer,Ej aktiebolag,2026-04-07,2026-04-07,,Normalläge,Är verksam,Hotellverksamhet utan restaurangrörelse,55103,Mariestad,Västra Götaland,Mariestad,JOHN HEDINS VÄG 22  LGH 1101,542 43,MARIESTAD,,,Är registrerad för F-skatt,Är registrerad för moms,Är registrerad som vanlig arbetsgivare,1-9 anställda,Postadress är OK,"Tar emot reklam, ej telefonnummerspärrat"
7206224862,197206224862,"Pettersson, Gunilla Irene",,Fysiska personer,Ej aktiebolag,2026-04-07,2026-04-07,,Normalläge,Är verksam,Lokalvård,81210,Skara,Västra Götaland,Lidköping/Skara,VINKÖL TOMTEN 4,532 94,SKARA,nillapettersson@icloud.com,,Är registrerad för F-skatt,Har aldrig varit registrerad för moms,Har aldrig varit registrerad som arbetsgivare,0 anställda,Postadress är OK,"Tar emot reklam, ej telefonnummerspärrat"
7207033403,197207033403,"Grün, Sabine",,Fysiska personer,Ej aktiebolag,2026-04-07,2026-04-07,,Normalläge,Är verksam,Turist- och bokningsverksamhet,79900,Stockholm,Stockholm,Stockholm/Södertälje,LÄMMELGRÄND 7  LGH 1403,167 57,BROMMA,,,Är registrerad för F-skatt,Är registrerad för moms,Har aldrig varit registrerad som arbetsgivare,0 anställda,Postadress är OK,"Tar emot reklam, ej telefonnummerspärrat"
7207046314,197207046314,"Karlsson, Per",,Fysiska personer,Ej aktiebolag,2026-04-07,2026-04-07,,Normalläge,Är verksam,Skogsförvaltning,02101,Säffle,Värmland,Säffle/Åmål,ÄSKETANS GÅRD 2,661 95,VÄRMLANDS NYSÄTER,,,Är registrerad för F-skatt,Är registrerad för moms,Har aldrig varit registrerad som arbetsgivare,0 anställda,Postadress är OK,"Tar emot reklam, ej telefonnummerspärrat"
7210158965,197210158965,"Karlsson, Lena",,Fysiska personer,Ej aktiebolag,2026-04-07,2026-04-07,,Normalläge,Är verksam,Kontorstjänster,82100,Kalix,Norrbotten,Haparanda/Kalix,FRAMIBYVÄGEN 11,952 51,KALIX,,,Är registrerad för F-skatt,Har aldrig varit registrerad för moms,Har aldrig varit registrerad som arbetsgivare,0 anställda,Postadress är OK,"Tar emot reklam, ej telefonnummerspärrat"
7211152512,197211152512,"Miletic, Goran",Civoxa,Fysiska personer,Ej aktiebolag,2026-04-07,,,Normalläge,Har aldrig varit verksam,Okänd,00000,Stockholm,Stockholm,Stockholm/Södertälje,GLINDRAGRÄND 12  LGH 1202,120 50,ÅRSTA,goran@goranmiletic.com,,Har aldrig varit registrerad för F-skatt,Har aldrig varit registrerad för moms,Har aldrig varit registrerad som arbetsgivare,0 anställda,Postadress är OK,"Tar emot reklam, ej telefonnummerspärrat"
7212080472,197212080472,"Byström, Tony",,Fysiska personer,Ej aktiebolag,2026-04-07,2026-04-07,,Normalläge,Är verksam,Byggnadssnickeriarbeten,43320,Örebro,Örebro,Örebro,VENAVÄGEN 29  LGH 1101,703 65,ÖREBRO,,,Är registrerad för F-skatt,Är registrerad för moms,Har aldrig varit registrerad som arbetsgivare,0 anställda,Postadress är OK,"Tar emot reklam, ej telefonnummerspärrat"
7212301456,197212301456,"Lundmark, Anders Johan",,Fysiska personer,Ej aktiebolag,2026-04-07,2026-04-07,,Normalläge,Är verksam,Dataprogrammering,62100,Sollentuna,Stockholm,Stockholm/Södertälje,IDROTTSVÄGEN 29,192 66,SOLLENTUNA,,,Är registrerad för F-skatt,Är registrerad för moms,Har aldrig varit registrerad som arbetsgivare,0 anställda,Postadress är OK,"Tar emot reklam, ej telefonnummerspärrat"
7301023631,197301023631,"Diriye, Hussen Khalif",,Fysiska personer,Ej aktiebolag,2026-04-07,2026-04-07,,Normalläge,Är verksam,"Icke-reguljär vägtransport, passagerartrafik",49320,Köping,Västmanland,Köping,FURUVÄGEN 10  LGH 1801,731 40,KÖPING,,,Är registrerad för F-skatt,Är registrerad för moms,Har aldrig varit registrerad som arbetsgivare,0 anställda,Postadress är OK,"Tar emot reklam, ej telefonnummerspärrat"
7301220237,197301220237,"Pareklev, Mikael",,Fysiska personer,Ej aktiebolag,2026-04-07,2026-04-07,,Normalläge,Är verksam,Annan övrig utbildning,85599,Trollhättan,Västra Götaland,Trollhättan/Vänersborg,MAGNUS ÅBERGSGATAN 12 B,461 32,TROLLHÄTTAN,,,Är registrerad för F-skatt,Är registrerad för moms,Har aldrig varit registrerad som arbetsgivare,0 anställda,Postadress är OK,"Tar emot reklam, ej telefonnummerspärrat"
7301246380,197301246380,"Estragadinho Boleto Brandão, Sara Li",,Fysiska personer,Ej aktiebolag,2026-04-07,2026-04-07,,Normalläge,Är verksam,"Produktion av film, video och tv-program",59110,Knivsta,Uppsala,Uppsala,TORPÄNGSGATAN 8  LGH 1403,741 30,KNIVSTA,,,Är registrerad för F-skatt,Har aldrig varit registrerad för moms,Har aldrig varit registrerad som arbetsgivare,0 anställda,Postadress är OK,"Tar emot reklam, ej telefonnummerspärrat"
7302085076,197302085076,"Johansson, Jan-Krister",,Fysiska personer,Ej aktiebolag,2026-04-07,,,Normalläge,Har aldrig varit verksam,Okänd,00000,Lysekil,Västra Götaland,Uddevalla,TUNTORP 554,454 92,BRASTAD,,,Har aldrig varit registrerad för F-skatt,Har aldrig varit registrerad för moms,Är registrerad som privatarbetsgivare,0 anställda,Postadress är OK,"Tar emot reklam, ej telefonnummerspärrat"
7303053578,197303053578,"Nyberg, Kristian",,Fysiska personer,Ej aktiebolag,2026-04-07,,,Normalläge,Har aldrig varit verksam,Okänd,00000,Örkelljunga,Skåne,Ängelholm,SKYTTEPARKSVÄGEN 98,286 37,ÖRKELLJUNGA,,,Har aldrig varit registrerad för F-skatt,Har aldrig varit registrerad för moms,Är registrerad som privatarbetsgivare,0 anställda,Postadress är OK,"Tar emot reklam, ej telefonnummerspärrat"
7303115161,197303115161,"Dorj, Buyanjargal",,Fysiska personer,Ej aktiebolag,2026-04-07,2026-04-07,,Normalläge,Är verksam,Okänd,00000,Botkyrka,Stockholm,Stockholm/Södertälje,FLOTTILJVÄGEN 182  LGH 1102,146 34,TULLINGE,,,Har aldrig varit registrerad för F-skatt,Är registrerad för moms,Har aldrig varit registrerad som arbetsgivare,0 anställda,Postadress är OK,"Tar emot reklam, ej telefonnummerspärrat"
7303204023,197303204023,"Kristjansson, Charlotte",,Fysiska personer,Ej aktiebolag,2026-04-07,2026-04-07,,Normalläge,Är verksam,Redovisning och bokföring; skatterådgivning,69201,Nacka,Stockholm,Stockholm/Södertälje,DRABANTVÄGEN 70,132 47,SALTSJÖ-BOO,,,Är registrerad för F-skatt,Är registrerad för moms,Har aldrig varit registrerad som arbetsgivare,0 anställda,Postadress är OK,"Tar emot reklam, ej telefonnummerspärrat"
7304219236,197304219236,"Ekbladh, Eddie",,Fysiska personer,Ej aktiebolag,2026-04-07,,,Normalläge,Har aldrig varit verksam,Okänd,00000,Norrtälje,Stockholm,Norrtälje,ARHOLMAGATAN 12 B LGH 1004,761 61,NORRTÄLJE,,,Har aldrig varit registrerad för F-skatt,Har aldrig varit registrerad för moms,Är registrerad som privatarbetsgivare,0 anställda,Postadress är OK,"Tar emot reklam, ej telefonnummerspärrat"
7305150299,197305150299,"Larsson, Stefan",,Fysiska personer,Ej aktiebolag,2026-04-07,2026-04-07,,Normalläge,Är verksam,Skogsförvaltning,02101,Nordanstig,Gävleborg,Hudiksvall/Ljusdal,BERGE 228,829 91,ILSBO,,,Är registrerad för F-skatt,Är registrerad för moms,Har aldrig varit registrerad som arbetsgivare,0 anställda,Postadress är OK,"Tar emot reklam, ej telefonnummerspärrat"
7306202032,197306202032,"Törnström, Mikael",,Fysiska personer,Ej aktiebolag,2026-04-07,2026-04-07,,Normalläge,Är verksam,Konsultverksamhet avseende företags organisation,70200,Linköping,Östergötland,Linköping,SÖDRA KRÄNGEVÄGEN 11,585 99,LINKÖPING,,,Är registrerad för F-skatt,Har aldrig varit registrerad för moms,Har aldrig varit registrerad som arbetsgivare,0 anställda,Postadress är OK,"Tar emot reklam, ej telefonnummerspärrat"
7309152424,197309152424,"Frisk, Johanna Kristina",,Fysiska personer,Ej aktiebolag,2026-04-07,,,Normalläge,Har aldrig varit verksam,Okänd,00000,Värnamo,Jönköping,Värnamo,GJUTERIGATAN 22,331 40,VÄRNAMO,,,Har aldrig varit registrerad för F-skatt,Har aldrig varit registrerad för moms,Är registrerad som privatarbetsgivare,0 anställda,Postadress är OK,"Tar emot reklam, ej telefonnummerspärrat"
7309247885,197309247885,"Malmgren, Maria",,Fysiska personer,Ej aktiebolag,2026-04-07,2026-04-07,,Normalläge,Är verksam,Sport- och fritidsutbildning,85510,Stockholm,Stockholm,Stockholm/Södertälje,ERIK DAHLBERGSGATAN 14  LGH 1501,115 32,STOCKHOLM,,,Är registrerad för F-skatt,Är registrerad för moms,Har aldrig varit registrerad som arbetsgivare,0 anställda,Postadress är OK,"Tar emot reklam, ej telefonnummerspärrat"
7311205574,197311205574,"Landgren, Jonas",,Fysiska personer,Ej aktiebolag,2026-04-07,2026-04-07,,Normalläge,Är verksam,Ljudinspelning och musikutgivning,59200,Vänersborg,Västra Götaland,Trollhättan/Vänersborg,NYBÖLE 110,462 93,VÄNERSBORG,,,Är registrerad för F-skatt,Har aldrig varit registrerad för moms,Har aldrig varit registrerad som arbetsgivare,0 anställda,Postadress är OK,"Tar emot reklam, ej telefonnummerspärrat"
7312164838,197312164838,"Persson, Niklas",,Fysiska personer,Ej aktiebolag,2026-04-07,2026-04-07,,Normalläge,Är verksam,Övrig teknisk konsultverksamhet,71129,Uddevalla,Västra Götaland,Uddevalla,FÄRGAREGATAN 12 A LGH 1202,451 32,UDDEVALLA,,,Är registrerad för F-skatt,Har aldrig varit registrerad för moms,Har aldrig varit registrerad som arbetsgivare,0 anställda,Postadress är OK,"Tar emot reklam, ej telefonnummerspärrat"
7402151422,197402151422,"Frödin, Irene Cecilia",Irenes Stil & Inredning,Fysiska personer,Ej aktiebolag,2026-04-07,2026-04-07,,Normalläge,Är verksam,Inredningsdesign,74130,Norrtälje,Stockholm,Norrtälje,ENBÄCKSVÄGEN 12 A LGH 1001,761 52,NORRTÄLJE,hej@irenesstilochinredning.se,,Är registrerad för F-skatt,Har aldrig varit registrerad för moms,Har aldrig varit registrerad som arbetsgivare,0 anställda,Postadress är OK,"Tar emot reklam, ej telefonnummerspärrat"
7402158237,197402158237,"Holmqvist, Tony",,Fysiska personer,Ej aktiebolag,2026-04-07,2026-04-07,,Normalläge,Är verksam,Skogsförvaltning,02101,Umeå,Västerbotten,Umeå,RÅBERGSVÄGEN 15,922 76,BOTSMARK,,,Har aldrig varit registrerad för F-skatt,Är registrerad för moms,Har aldrig varit registrerad som arbetsgivare,0 anställda,Postadress är OK,"Tar emot reklam, ej telefonnummerspärrat"
7403044634,197403044634,"Ladeborn, Tobias",,Fysiska personer,Ej aktiebolag,2026-04-07,2026-04-07,,Normalläge,Är verksam,"Produktion av film, video och tv-program",59110,Göteborg,Västra Götaland,Göteborg,SIRIUSGATAN 32  LGH 1501,415 52,GÖTEBORG,,,Är registrerad för F-skatt,Är registrerad för moms,Har aldrig varit registrerad som arbetsgivare,0 anställda,Postadress är OK,"Tar emot reklam, ej telefonnummerspärrat"
7403277556,197403277556,"Asplin, Jonas",,Fysiska personer,Ej aktiebolag,2026-04-07,2026-04-07,,Normalläge,Är verksam,Blandat jordbruk,01500,Hudiksvall,Gävleborg,Hudiksvall/Ljusdal,HÅLSJÖ 74  PERJACKS,824 67,NÄSVIKEN,,,Har aldrig varit registrerad för F-skatt,Är registrerad för moms,Har aldrig varit registrerad som arbetsgivare,0 anställda,Postadress är OK,"Tar emot reklam, ej telefonnummerspärrat"
7406157631,197406157631,"Muse, Adam Abdi Hakim",IQRA Travel,Fysiska personer,Ej aktiebolag,2026-04-07,2026-04-07,,Normalläge,Är verksam,Resebyråverksamhet,79110,Kumla,Örebro,Örebro,ANDRÉNS VÄG 16  LGH 1102,692 37,KUMLA,abdihakim.muse@hotmail.com,,Är registrerad för F-skatt,Har aldrig varit registrerad för moms,Har aldrig varit registrerad som arbetsgivare,0 anställda,Postadress är OK,"Tar emot reklam, ej telefonnummerspärrat"
7407279376,197407279376,"Algéus, Eskil",,Fysiska personer,Ej aktiebolag,2026-04-07,2026-04-07,,Normalläge,Är verksam,Skogsförvaltning,02101,Lomma,Skåne,Malmö/Lund/Trelleborg,BJÖRNBÄRSGATAN 20,234 43,LOMMA,,,Har aldrig varit registrerad för F-skatt,Är registrerad för moms,Har aldrig varit registrerad som arbetsgivare,0 anställda,Postadress är OK,"Tar emot reklam, ej telefonnummerspärrat"
7408086283,197408086283,"Nygren, Vicktoria",,Fysiska personer,Ej aktiebolag,2026-04-07,2026-04-07,,Normalläge,Är verksam,Skogsförvaltning,02101,Arvika,Värmland,Arvika,MARIELUNDSVÄGEN 18,671 95,KLÄSSBOL,,,Har aldrig varit registrerad för F-skatt,Är registrerad för moms,Har aldrig varit registrerad som arbetsgivare,0 anställda,Postadress är OK,"Tar emot reklam, ej telefonnummerspärrat"
7409070559,197409070559,"Villablanca Duarte, Cristian",,Fysiska personer,Ej aktiebolag,2026-04-07,2026-04-07,,Normalläge,Är verksam,Rengöring av byggnader,81221,Malmö,Skåne,Malmö/Lund/Trelleborg,ANNEBERGSGATAN 19 A LGH 1103,214 66,MALMÖ,,,Är registrerad för F-skatt,Är registrerad för moms,Har aldrig varit registrerad som arbetsgivare,0 anställda,Postadress är OK,"Tar emot reklam, ej telefonnummerspärrat"
7410114974,197410114974,"Gonzalez Cabrera, Julio",,Fysiska personer,Ej aktiebolag,2026-04-07,2026-04-07,,Normalläge,Är verksam,Annan fastighetsförmedling och fastighetsförvaltning på uppdrag,68320,Stockholm,Stockholm,Stockholm/Södertälje,KÖRSBÄRSVÄGEN 14  LGH 1202,114 23,STOCKHOLM,,,Är registrerad för F-skatt,Har aldrig varit registrerad för moms,Har aldrig varit registrerad som arbetsgivare,0 anställda,Postadress är OK,"Tar emot reklam, ej telefonnummerspärrat"
7410161496,197410161496,"Attwater, Simon",,Fysiska personer,Ej aktiebolag,2026-04-07,2026-04-07,,Normalläge,Är verksam,Grafisk design och visuell kommunikation,74120,Härryda,Västra Götaland,Göteborg,NÄCKROSVÄGEN 119,435 40,MÖLNLYCKE,,,Är registrerad för F-skatt,Är registrerad för moms,Har aldrig varit registrerad som arbetsgivare,0 anställda,Postadress är OK,"Tar emot reklam, ej telefonnummerspärrat"
7410211143,197410211143,"Negri, Foos",,Fysiska personer,Ej aktiebolag,2026-04-07,2026-04-07,,Normalläge,Är verksam,Lokalvård,81210,Örebro,Örebro,Örebro,BALLADGATAN 8 A LGH 1101,703 73,ÖREBRO,,,Är registrerad för F-skatt,Är registrerad för moms,Har aldrig varit registrerad som arbetsgivare,0 anställda,Postadress är OK,"Tar emot reklam, ej telefonnummerspärrat"
7412292935,197412292935,"Jaensson, Sven Jonas Peter",,Fysiska personer,Ej aktiebolag,2026-04-07,,,Normalläge,Har aldrig varit verksam,Okänd,00000,Mörbylånga,Kalmar,Kalmar/Nybro,MUSSERONGATAN 1,386 32,FÄRJESTADEN,,,Har aldrig varit registrerad för F-skatt,Har aldrig varit registrerad för moms,Är registrerad som privatarbetsgivare,0 anställda,Postadress är OK,"Tar emot reklam, ej telefonnummerspärrat"
7501107556,197501107556,"Persson, Stefan",,Fysiska personer,Ej aktiebolag,2026-04-07,2026-04-07,,Normalläge,Är verksam,Skogsförvaltning,02101,Sandviken,Gävleborg,Gävle/Sandviken,FURUVÄGEN 17 A LGH 1102,812 31,STORVIK,,,Har aldrig varit registrerad för F-skatt,Är registrerad för moms,Har aldrig varit registrerad som arbetsgivare,0 anställda,Postadress är OK,"Tar emot reklam, ej telefonnummerspärrat"
7502087617,197502087617,"Hagelin, Joakim",,Fysiska personer,Ej aktiebolag,2026-04-07,2026-04-07,,Normalläge,Är verksam,Redovisning och bokföring; skatterådgivning,69201,Gävle,Gävleborg,Gävle/Sandviken,KVARNVÄGEN 54,806 48,GÄVLE,,,Är registrerad för F-skatt,Är registrerad för moms,Har aldrig varit registrerad som arbetsgivare,0 anställda,Postadress är OK,"Tar emot reklam, ej telefonnummerspärrat"
7502127884,197502127884,"Mohamed Rabah, Laila",,Fysiska personer,Ej aktiebolag,2026-04-07,2026-04-07,,Normalläge,Är verksam,"Traditionell, komplementär och alternativ medicin",86960,Malmö,Skåne,Malmö/Lund/Trelleborg,KANTATGATAN 29  LGH 1101,215 70,MALMÖ,cterapiaszen@gmail.com,,Är registrerad för F-skatt,Är registrerad för moms,Har aldrig varit registrerad som arbetsgivare,0 anställda,Postadress är OK,"Tar emot reklam, ej telefonnummerspärrat"
7502245504,197502245504,"Johansson, Ellinore",,Fysiska personer,Ej aktiebolag,2026-04-07,2026-04-07,,Normalläge,Är verksam,Diverse övriga konsumenttjänster,96990,Svenljunga,Västra Götaland,Borås,GRIMSTORP ÖVERGÅRDEN 2,512 92,SVENLJUNGA,,,Är registrerad för F-skatt,Har aldrig varit registrerad för moms,Har aldrig varit registrerad som arbetsgivare,0 anställda,Postadress är OK,"Tar emot reklam, ej telefonnummerspärrat"
7503026937,197503026937,"Lindh, Thomas",,Fysiska personer,Ej aktiebolag,2026-04-07,2026-04-07,,Normalläge,Är verksam,Skogsförvaltning,02101,Åtvidaberg,Östergötland,Linköping,ADELSNÄS NYA GROPSTUGAN,597 91,ÅTVIDABERG,,,Är registrerad för F-skatt,Är registrerad för moms,Har aldrig varit registrerad som arbetsgivare,0 anställda,Postadress är OK,"Tar emot reklam, ej telefonnummerspärrat"
7504162087,197504162087,"Nordell Magnusson, Eleonor",,Fysiska personer,Ej aktiebolag,2026-04-07,2026-04-07,,Normalläge,Är verksam,"Detaljhandel med kosmetika och hygienartiklar, utom via internet eller postorder",47751,Vaggeryd,Jönköping,Jönköping,THURE BRUCES VÄG 2,567 93,HOK,,,Är registrerad för F-skatt,Är registrerad för moms,Har aldrig varit registrerad som arbetsgivare,0 anställda,Postadress är OK,"Tar emot reklam, ej telefonnummerspärrat"
7504290037,197504290037,"Piehl, Henrik",,Fysiska personer,Ej aktiebolag,2026-04-07,2026-04-07,,Normalläge,Är verksam,Skogsförvaltning,02101,Upplands Väsby,Stockholm,Stockholm/Södertälje,KVARNGÅRDSVÄGEN 13,194 92,UPPLANDS VÄSBY,,,Är registrerad för F-skatt,Är registrerad för moms,Har aldrig varit registrerad som arbetsgivare,0 anställda,Postadress är OK,"Tar emot reklam, ej telefonnummerspärrat"
7504295127,197504295127,"Ali, Serine",,Fysiska personer,Ej aktiebolag,2026-04-07,2026-04-07,,Normalläge,Är verksam,Trafikskoleverksamhet,85530,Malmö,Skåne,Malmö/Lund/Trelleborg,TORNFALKSGATAN 1 A LGH 1001,215 60,MALMÖ,,,Är registrerad för F-skatt,Är registrerad för moms,Har aldrig varit registrerad som arbetsgivare,0 anställda,Postadress är OK,"Tar emot reklam, ej telefonnummerspärrat"
7505097175,197505097175,"Liss, Martin",,Fysiska personer,Ej aktiebolag,2026-04-07,2026-04-07,,Normalläge,Är verksam,Dataprogrammering,62100,Göteborg,Västra Götaland,Göteborg,UNGMÄSTAREGATAN 63,415 73,GÖTEBORG,,,Är registrerad för F-skatt,Är registrerad för moms,Har aldrig varit registrerad som arbetsgivare,0 anställda,Postadress är OK,"Tar emot reklam, ej telefonnummerspärrat"
7505266978,197505266978,"Johansson, Anders",,Fysiska personer,Ej aktiebolag,2026-04-07,2026-04-07,,Normalläge,Är verksam,"Uthyrning och förvaltning av egna eller arrenderade, andra lokaler",68203,Sala,Västmanland,Sala,KUMLA VÄSTERBY ERLANDSBO 175,733 98,RANSTA,,,Är registrerad för F-skatt,Är registrerad för moms,Har aldrig varit registrerad som arbetsgivare,0 anställda,Postadress är OK,"Tar emot reklam, ej telefonnummerspärrat"
7507251630,197507251630,"Andersson, Claes",,Fysiska personer,Ej aktiebolag,2026-04-07,2026-04-07,,Normalläge,Är verksam,Skogsförvaltning,02101,Eskilstuna,Södermanland,Eskilstuna,TALLSTUVÄGEN 2,633 69,SKOGSTORP,,,Är registrerad för F-skatt,Är registrerad för moms,Har aldrig varit registrerad som arbetsgivare,0 anställda,Postadress är OK,"Tar emot reklam, ej telefonnummerspärrat"
7602136256,197602136256,"Nyman, Jonas",,Fysiska personer,Ej aktiebolag,2026-04-07,2026-04-07,,Normalläge,Är verksam,Allmän service och reparation av motorfordon utom motorcyklar,95311,Åmål,Västra Götaland,Säffle/Åmål,FRYXELLSGATAN 58,662 35,ÅMÅL,,,Är registrerad för F-skatt,Har aldrig varit registrerad för moms,Har aldrig varit registrerad som arbetsgivare,0 anställda,Postadress är OK,"Tar emot reklam, ej telefonnummerspärrat"
7603128534,197603128534,"Johansson, Tommy",,Fysiska personer,Ej aktiebolag,2026-04-07,2026-04-07,,Normalläge,Är verksam,Skogsförvaltning,02101,Umeå,Västerbotten,Umeå,KRONOSKOGSVÄGEN 95  LGH 1103,903 61,UMEÅ,,,Har aldrig varit registrerad för F-skatt,Är registrerad för moms,Har aldrig varit registrerad som arbetsgivare,0 anställda,Postadress är OK,"Tar emot reklam, ej telefonnummerspärrat"
7603158051,197603158051,"Grasso, Sebastian",,Fysiska personer,Ej aktiebolag,2026-04-07,2026-04-07,,Normalläge,Är verksam,Byggnadssnickeriarbeten,43320,Stockholm,Stockholm,Stockholm/Södertälje,RINGVÄGEN 39 A LGH 1001,118 63,STOCKHOLM,,,Är registrerad för F-skatt,Är registrerad för moms,Har aldrig varit registrerad som arbetsgivare,0 anställda,Postadress är OK,"Tar emot reklam, ej telefonnummerspärrat"
7604136205,197604136205,"Wahlmark, Anette",,Fysiska personer,Ej aktiebolag,2026-04-07,2026-04-07,,Normalläge,Är verksam,Äggproduktion (för försäljning),01471,Söderköping,Östergötland,Norrköping,ULVEBO 1,614 96,ÖSTRA RYD,,,Är registrerad för F-skatt,Är registrerad för moms,Har aldrig varit registrerad som arbetsgivare,0 anställda,Postadress är OK,"Tar emot reklam, ej telefonnummerspärrat"
7608033317,197608033317,"Olsson, Johan Fredrik",,Fysiska personer,Ej aktiebolag,2026-04-07,2026-04-07,,Normalläge,Är verksam,Blandat jordbruk,01500,Karlshamn,Blekinge,Karlshamn,BJÄRNÖSUNDSVÄGEN 35-0,374 96,TRENSUM,,,Är registrerad för F-skatt,Är registrerad för moms,Har aldrig varit registrerad som arbetsgivare,0 anställda,Postadress är OK,"Tar emot reklam, ej telefonnummerspärrat"
7608221292,197608221292,"Alkafri, Loui",,Fysiska personer,Ej aktiebolag,2026-04-07,2026-04-07,,Normalläge,Är verksam,Annan övrig utbildning,85599,Kristianstad,Skåne,Kristianstad,HJALMAR SÖDERBERGS VÄG 10  LGH 1205,291 45,KRISTIANSTAD,,,Är registrerad för F-skatt,Är registrerad för moms,Har aldrig varit registrerad som arbetsgivare,0 anställda,Postadress är OK,"Tar emot reklam, ej telefonnummerspärrat"
7610080306,197610080306,"Engmarker, Angelica",,Fysiska personer,Ej aktiebolag,2026-04-07,2026-04-07,,Normalläge,Är verksam,Diverse övriga konsumenttjänster,96990,Nacka,Stockholm,Stockholm/Södertälje,BLOMSTERVÄGEN 30  LGH 1102,131 37,NACKA,,,Är registrerad för F-skatt,Har aldrig varit registrerad för moms,Har aldrig varit registrerad som arbetsgivare,0 anställda,Postadress är OK,"Tar emot reklam, ej telefonnummerspärrat"
7611234621,197611234621,"Andersson, Malin",,Fysiska personer,Ej aktiebolag,2026-04-07,2026-04-07,,Normalläge,Är verksam,Odling av plantskoleväxter i växthus,01301,Varberg,Halland,Falkenberg/Varberg,VÄSTRA SANDDAMMSVÄGEN 2,432 64,BUA,,,Har aldrig varit registrerad för F-skatt,Är registrerad för moms,Har aldrig varit registrerad som arbetsgivare,0 anställda,Postadress är OK,"Tar emot reklam, ej telefonnummerspärrat"
7612138524,197612138524,"Klemensson, Margareta",,Fysiska personer,Ej aktiebolag,2026-04-07,2026-04-07,,Normalläge,Är verksam,Översättning och tolkning,74300,Krokom,Jämtland,Östersund,FRANKRIKEVALLEN 105,835 98,OFFERDAL,,,Är registrerad för F-skatt,Är registrerad för moms,Har aldrig varit registrerad som arbetsgivare,0 anställda,Postadress är OK,"Tar emot reklam, ej telefonnummerspärrat"
7612298518,197612298518,"Holmgren, Anders",,Fysiska personer,Ej aktiebolag,2026-04-07,2026-04-07,,Normalläge,Är verksam,Utgivning av annan programvara,58290,Umeå,Västerbotten,Umeå,SOFIEHEMSVÄGEN 59,907 38,UMEÅ,,,Är registrerad för F-skatt,Är registrerad för moms,Har aldrig varit registrerad som arbetsgivare,0 anställda,Postadress är OK,"Tar emot reklam, ej telefonnummerspärrat"
7701121472,197701121472,"Al-Osimy, Shaker Mejbel",,Fysiska personer,Ej aktiebolag,2026-04-07,2026-04-07,,Normalläge,Är verksam,"Passagerartrafik på beställning, fordon med förare",49330,Eslöv,Skåne,Eslöv,STATIONSVÄGEN 19,241 65,HARLÖSA,,,Är registrerad för F-skatt,Är registrerad för moms,Har aldrig varit registrerad som arbetsgivare,0 anställda,Postadress är OK,"Tar emot reklam, ej telefonnummerspärrat"
7701213014,197701213014,"Munevar Naranjo, Jhon Freyman",JF Emerald 4You,Fysiska personer,Ej aktiebolag,2026-04-07,2026-04-07,,Normalläge,Är verksam,"Tillverkning av smycken, guld- och silversmedsvaror",32120,Trelleborg,Skåne,Malmö/Lund/Trelleborg,HESEKILLEGATAN 37 B LGH 1203,231 54,TRELLEBORG,,,Är registrerad för F-skatt,Är registrerad för moms,Har aldrig varit registrerad som arbetsgivare,0 anställda,Postadress är OK,"Tar emot reklam, ej telefonnummerspärrat"
7701221413,197701221413,"Gustafsson, Daniel",,Fysiska personer,Ej aktiebolag,2026-04-07,2026-04-07,,Normalläge,Är verksam,Skogsförvaltning,02101,Uppsala,Uppsala,Uppsala,KLARBÄRSGATAN 111  LGH 1002,754 52,UPPSALA,,,Är registrerad för F-skatt,Är registrerad för moms,Har aldrig varit registrerad som arbetsgivare,0 anställda,Postadress är OK,"Tar emot reklam, ej telefonnummerspärrat"
7701309325,197701309325,"Bagler, Erica",,Fysiska personer,Ej aktiebolag,2026-04-07,,,Normalläge,Har aldrig varit verksam,Okänd,00000,Norrköping,Östergötland,Norrköping,ÄGOGÅNGEN 16  LGH 1201,602 11,NORRKÖPING,erica.bagler@gmail.com,,Har aldrig varit registrerad för F-skatt,Har aldrig varit registrerad för moms,Har aldrig varit registrerad som arbetsgivare,0 anställda,Postadress är OK,"Tar emot reklam, ej telefonnummerspärrat"
7702751335,197702751335,"Zakrzewski, Tomasz",,Fysiska personer,Ej aktiebolag,2026-04-07,2026-04-07,,Normalläge,Är verksam,Byggnadssnickeriarbeten,43320,Kommunkod saknas,Län okänd,A-region okänd,SANDÅKER BACKEN 1,452 93,STRÖMSTAD,,,Är registrerad för F-skatt,Har aldrig varit registrerad för moms,Har aldrig varit registrerad som arbetsgivare,0 anställda,Postadress är OK,"Tar emot reklam, ej telefonnummerspärrat"
7703133988,197703133988,"Norin, Lizette",,Fysiska personer,Ej aktiebolag,2026-04-07,2026-04-07,,Normalläge,Är verksam,Grafisk design och visuell kommunikation,74120,Lund,Skåne,Malmö/Lund/Trelleborg,KONVENTSVÄGEN 3,247 51,DALBY,,,Är registrerad för F-skatt,Är registrerad för moms,Har aldrig varit registrerad som arbetsgivare,0 anställda,Postadress är OK,"Tar emot reklam, ej telefonnummerspärrat"
7704297220,197704297220,"Prgomet, Marija",,Fysiska personer,Ej aktiebolag,2026-04-07,2026-04-07,,Normalläge,Är verksam,Redovisning och bokföring; skatterådgivning,69201,Haninge,Stockholm,Stockholm/Södertälje,RIBBY ALLÉ 71 C,137 42,VÄSTERHANINGE,,,Är registrerad för F-skatt,Är registrerad för moms,Har aldrig varit registrerad som arbetsgivare,0 anställda,Postadress är OK,"Tar emot reklam, ej telefonnummerspärrat"
7706185233,197706185233,"Ubaka, Ikechukwu Ekene",,Fysiska personer,Ej aktiebolag,2026-04-07,2026-04-07,,Normalläge,Är verksam,Detaljhandel via internet eller postorder med brett sortiment,47123,Skellefteå,Västerbotten,Skellefteå,HEMMANSGATAN 225,931 56,SKELLEFTEÅ,,,Är registrerad för F-skatt,Är registrerad för moms,Har aldrig varit registrerad som arbetsgivare,0 anställda,Postadress är OK,"Tar emot reklam, ej telefonnummerspärrat"
7707128935,197707128935,"Lundström, Johan",,Fysiska personer,Ej aktiebolag,2026-04-07,2026-04-07,,Normalläge,Är verksam,Skogsförvaltning,02101,Älvsbyn,Norrbotten,Piteå,ALTERVATTNET 101,942 93,ÄLVSBYN,,,Har aldrig varit registrerad för F-skatt,Är registrerad för moms,Har aldrig varit registrerad som arbetsgivare,0 anställda,Postadress är OK,"Tar emot reklam, ej telefonnummerspärrat"
7707168501,197707168501,"Andersson, Kerstin",,Fysiska personer,Ej aktiebolag,2026-04-07,2026-04-07,,Normalläge,Är verksam,Skogsförvaltning,02101,Sundsvall,Västernorrland,Sundsvall,PÅLÄNG 121,853 59,SUNDSVALL,,,Är registrerad för F-skatt,Är registrerad för moms,Har aldrig varit registrerad som arbetsgivare,0 anställda,Postadress är OK,"Tar emot reklam, ej telefonnummerspärrat"
7708221952,197708221952,"Glanz, Wilhelm",,Fysiska personer,Ej aktiebolag,2026-04-07,2026-04-07,,Normalläge,Är verksam,Scenkonst,90200,Linköping,Östergötland,Linköping,KVINNEBYVÄGEN 138,589 33,LINKÖPING,,,Är registrerad för F-skatt,Har aldrig varit registrerad för moms,Har aldrig varit registrerad som arbetsgivare,0 anställda,Postadress är OK,"Tar emot reklam, ej telefonnummerspärrat"
7708245597,197708245597,"Högnert, Svante Andreas",,Fysiska personer,Ej aktiebolag,2026-04-07,2026-04-07,,Normalläge,Är verksam,Jakt och stödverksamhet i anslutning härtill,01700,Trollhättan,Västra Götaland,Trollhättan/Vänersborg,KADETTVÄGEN 15,461 98,TROLLHÄTTAN,,,Är registrerad för F-skatt,Har aldrig varit registrerad för moms,Har aldrig varit registrerad som arbetsgivare,0 anställda,Postadress är OK,"Tar emot reklam, ej telefonnummerspärrat"
7711282454,197711282454,"Holmberg, Mathias",,Fysiska personer,Ej aktiebolag,2026-04-07,2026-04-07,,Normalläge,Är verksam,"Datainfrastruktur, databehandling, hosting o.d.",63100,Tranås,Jönköping,Tranås,SKOGSGATAN 8,573 40,TRANÅS,,,Är registrerad för F-skatt,Är registrerad för moms,Har aldrig varit registrerad som arbetsgivare,0 anställda,Postadress är OK,"Tar emot reklam, ej telefonnummerspärrat"
7712160832,197712160832,"Kronvold, Thomas",,Fysiska personer,Ej aktiebolag,2026-04-07,2026-04-07,,Normalläge,Är verksam,Dataprogrammering,62100,Partille,Västra Götaland,Göteborg,DOMAREVÄGEN 31  LGH 1202,433 44,PARTILLE,,,Är registrerad för F-skatt,Har aldrig varit registrerad för moms,Har aldrig varit registrerad som arbetsgivare,0 anställda,Postadress är OK,"Tar emot reklam, ej telefonnummerspärrat"
7712303325,197712303325,"Ohlsson-Åkerhielm, Linda",,Fysiska personer,Ej aktiebolag,2026-04-07,2026-04-07,,Normalläge,Är verksam,Skönhetsvård och andra skönhetsbehandlingar,96220,Kalmar,Kalmar,Kalmar/Nybro,STYRBORDSVÄGEN 17,395 94,ROCKNEBY,,,Är registrerad för F-skatt,Är registrerad för moms,Har aldrig varit registrerad som arbetsgivare,0 anställda,Postadress är OK,"Tar emot reklam, ej telefonnummerspärrat"
7801266748,197801266748,"Lee, Ramona",,Fysiska personer,Ej aktiebolag,2026-04-07,2026-04-07,,Normalläge,Är verksam,Tillverkning av kryddor och andra smaksättare,10840,Malmö,Skåne,Malmö/Lund/Trelleborg,LUTHERSGATAN 13,214 34,MALMÖ,,,Är registrerad för F-skatt,Är registrerad för moms,Har aldrig varit registrerad som arbetsgivare,0 anställda,Postadress är OK,"Tar emot reklam, ej telefonnummerspärrat"
7802166285,197802166285,"Jonan, Suham Toma",,Fysiska personer,Ej aktiebolag,2026-04-07,2026-04-07,,Normalläge,Är verksam,Skönhetsvård och andra skönhetsbehandlingar,96220,Botkyrka,Stockholm,Stockholm/Södertälje,SOLTORPSVÄGEN 21 A,147 32,TUMBA,,,Är registrerad för F-skatt,Har aldrig varit registrerad för moms,Har aldrig varit registrerad som arbetsgivare,0 anställda,Postadress är OK,"Tar emot reklam, ej telefonnummerspärrat"
7803029060,197803029060,"Vagionaki, Maria",,Fysiska personer,Ej aktiebolag,2026-04-07,2026-04-07,,Normalläge,Är verksam,"Detaljhandel via internet eller postorder med ur, guldsmedsvaror och smycken",47772,Österåker,Stockholm,Stockholm/Södertälje,MARGRETELUNDSVÄGEN 3 E LGH 1302,184 39,ÅKERSBERGA,,,Är registrerad för F-skatt,Är registrerad för moms,Har aldrig varit registrerad som arbetsgivare,0 anställda,Postadress är OK,"Tar emot reklam, ej telefonnummerspärrat"
7803200372,197803200372,"Nelson Tomisic, Daniel",,Fysiska personer,Ej aktiebolag,2026-04-07,2026-04-07,,Normalläge,Är verksam,Arbetsmarknadsutbildning,85591,Stockholm,Stockholm,Stockholm/Södertälje,PERSTORPSVÄGEN 211  LGH 1304,123 64,FARSTA,,,Är registrerad för F-skatt,Har aldrig varit registrerad för moms,Har aldrig varit registrerad som arbetsgivare,0 anställda,Postadress är OK,"Tar emot reklam, ej telefonnummerspärrat"
7803276943,197803276943,"Kråik Åström, Anna",,Fysiska personer,Ej aktiebolag,2026-04-07,2026-04-07,,Normalläge,Är verksam,Scenkonst,90200,Östersund,Jämtland,Östersund,MARIEBYVÄGEN 12 H BV,834 34,BRUNFLO,,,Är registrerad för F-skatt,Är registrerad för moms,Har aldrig varit registrerad som arbetsgivare,0 anställda,Postadress är OK,"Tar emot reklam, ej telefonnummerspärrat"
7804244890,197804244890,"Blomberg, Per",,Fysiska personer,Ej aktiebolag,2026-04-07,,,Normalläge,Har aldrig varit verksam,Okänd,00000,Göteborg,Västra Götaland,Göteborg,SALSAVÄGEN 44,424 54,ANGERED,,,Har aldrig varit registrerad för F-skatt,Har aldrig varit registrerad för moms,Är registrerad som privatarbetsgivare,0 anställda,Postadress är OK,"Tar emot reklam, ej telefonnummerspärrat"
7805278558,197805278558,"Johansson, Jimmy",,Fysiska personer,Ej aktiebolag,2026-04-07,2026-04-07,,Normalläge,Är verksam,Skogsförvaltning,02101,Umeå,Västerbotten,Umeå,STORGATAN 11 C LGH 1101,903 21,UMEÅ,,,Har aldrig varit registrerad för F-skatt,Är registrerad för moms,Har aldrig varit registrerad som arbetsgivare,0 anställda,Postadress är OK,"Tar emot reklam, ej telefonnummerspärrat"
7808180397,197808180397,"Gaete Valenzuela, Gigo",,Fysiska personer,Ej aktiebolag,2026-04-07,2026-04-07,,Normalläge,Är verksam,Annan övrig specialiserad bygg- och anläggningsverksamhet,43999,Huddinge,Stockholm,Stockholm/Södertälje,MANGÅRDSVÄGEN 3  LGH 1301,141 51,HUDDINGE,,,Är registrerad för F-skatt,Har aldrig varit registrerad för moms,Har aldrig varit registrerad som arbetsgivare,0 anställda,Postadress är OK,"Tar emot reklam, ej telefonnummerspärrat"
7808314863,197808314863,"Palmgren, Anna",,Fysiska personer,Ej aktiebolag,2026-04-07,2026-04-07,,Normalläge,Är verksam,Detaljhandel med bröd och konditorivaror,47241,Lund,Skåne,Malmö/Lund/Trelleborg,NYGATAN 3 A LGH 1101,222 29,LUND,,,Är registrerad för F-skatt,Har aldrig varit registrerad för moms,Har aldrig varit registrerad som arbetsgivare,0 anställda,Postadress är OK,"Tar emot reklam, ej telefonnummerspärrat"
7809277895,197809277895,"Ström, Andreas",,Fysiska personer,Ej aktiebolag,2026-04-07,2026-04-07,,Normalläge,Är verksam,Skogsförvaltning,02101,Sundsvall,Västernorrland,Sundsvall,PÅLÄNG 121,853 59,SUNDSVALL,,,Är registrerad för F-skatt,Är registrerad för moms,Har aldrig varit registrerad som arbetsgivare,0 anställda,Postadress är OK,"Tar emot reklam, ej telefonnummerspärrat"
7810055587,197810055587,"Andersson, Isabelle",,Fysiska personer,Ej aktiebolag,2026-04-07,2026-04-07,,Normalläge,Är verksam,Skogsförvaltning,02101,Borås,Västra Götaland,Borås,HULTAVÄGEN 51,516 77,MÅLSRYD,,,Har aldrig varit registrerad för F-skatt,Är registrerad för moms,Har aldrig varit registrerad som arbetsgivare,0 anställda,Postadress är OK,"Tar emot reklam, ej telefonnummerspärrat"
7901267588,197901267588,"Johansson, Johanna",,Fysiska personer,Ej aktiebolag,2026-04-07,2026-04-07,,Normalläge,Är verksam,Skogsförvaltning,02101,Hudiksvall,Gävleborg,Hudiksvall/Ljusdal,LÅNGSJÖN VIA 14,824 94,HUDIKSVALL,,,Har aldrig varit registrerad för F-skatt,Är registrerad för moms,Har aldrig varit registrerad som arbetsgivare,0 anställda,Postadress är OK,"Tar emot reklam, ej telefonnummerspärrat"
7905136920,197905136920,"Lundkvist, Anette",,Fysiska personer,Ej aktiebolag,2026-04-07,2026-04-07,,Normalläge,Är verksam,Bildkonst,90120,Örebro,Örebro,Örebro,BERGHULTSVÄGEN 17  LGH 1004,702 25,ÖREBRO,,,Är registrerad för F-skatt,Är registrerad för moms,Har aldrig varit registrerad som arbetsgivare,0 anställda,Postadress är OK,"Tar emot reklam, ej telefonnummerspärrat"
7906025833,197906025833,"Yousef, Suliman",,Fysiska personer,Ej aktiebolag,2026-04-07,2026-04-07,,Normalläge,Är verksam,Öppna sociala insatser för personer med funktionsnedsättning,88102,Södertälje,Stockholm,Stockholm/Södertälje,FINA SVENSÉNS GATA 51,152 59,SÖDERTÄLJE,,,Har aldrig varit registrerad för F-skatt,Har aldrig varit registrerad för moms,Är registrerad som vanlig arbetsgivare,1-9 anställda,Postadress är OK,"Tar emot reklam, ej telefonnummerspärrat"
7908013555,197908013555,"Kel Memet Könick, Martin",,Fysiska personer,Ej aktiebolag,2026-04-07,2026-04-07,,Normalläge,Är verksam,Annan övrig utbildning,85599,Eslöv,Skåne,Eslöv,PLATANVÄGEN 12,247 47,FLYINGE,,,Är registrerad för F-skatt,Är registrerad för moms,Har aldrig varit registrerad som arbetsgivare,0 anställda,Postadress är OK,"Tar emot reklam, ej telefonnummerspärrat"
7910290290,197910290290,"Bonardi, Jonas",,Fysiska personer,Ej aktiebolag,2026-04-07,,,Normalläge,Har aldrig varit verksam,Okänd,00000,Nacka,Stockholm,Stockholm/Södertälje,DUVNÄSVÄGEN 31,131 50,SALTSJÖ-DUVNÄS,,,Har aldrig varit registrerad för F-skatt,Har aldrig varit registrerad för moms,Är registrerad som privatarbetsgivare,0 anställda,Postadress är OK,"Tar emot reklam, ej telefonnummerspärrat"
7911181449,197911181449,"Gustafsson, Anne-Sofie",,Fysiska personer,Ej aktiebolag,2026-04-07,2026-04-07,,Normalläge,Är verksam,Diverse övriga konsumenttjänster,96990,Östhammar,Uppsala,Uppsala,SPÅNGA 109,747 91,ALUNDA,,,Är registrerad för F-skatt,Är registrerad för moms,Har aldrig varit registrerad som arbetsgivare,0 anställda,Postadress är OK,"Tar emot reklam, ej telefonnummerspärrat"
8024828421,168024828421,RIDSPORTENS MÄSTERSKAPSSTIFTELSE,,Övriga stiftelser och fonder,Ej aktiebolag,2026-04-07,,,Normalläge,Har aldrig varit verksam,Sportklubbars och idrottsföreningars verksamhet,93120,Stockholm,Stockholm,Stockholm/Södertälje,BOX 2094,103 13,STOCKHOLM,,,Har aldrig varit registrerad för F-skatt,Har aldrig varit registrerad för moms,Har aldrig varit registrerad som arbetsgivare,0 anställda,Postadress är OK,"Tar emot reklam, ej telefonnummerspärrat"
8025560288,168025560288,VIKINGA SCHACKKLUBB,,Ideella föreningar,Ej aktiebolag,2026-04-07,,,Normalläge,Har aldrig varit verksam,Verksamhet i diverse övriga intresseorganisationer,94990,Falkenberg,Halland,Falkenberg/Varberg,BERGÅSAVÄGEN 1 A,311 78,FALKENBERG,,,Har aldrig varit registrerad för F-skatt,Har aldrig varit registrerad för moms,Har aldrig varit registrerad som arbetsgivare,0 anställda,Postadress är OK,"Tar emot reklam, ej telefonnummerspärrat"
8025560296,168025560296,"ALBANIAN FOLK GROUP ""TRADITA""",,Ideella föreningar,Ej aktiebolag,2026-04-07,,,Normalläge,Har aldrig varit verksam,Verksamhet i diverse övriga intresseorganisationer,94990,Botkyrka,Stockholm,Stockholm/Södertälje,LINVÄGEN 5  LGH 1701,145 67,NORSBORG,,,Har aldrig varit registrerad för F-skatt,Har aldrig varit registrerad för moms,Har aldrig varit registrerad som arbetsgivare,0 anställda,Postadress är OK,"Tar emot reklam, ej telefonnummerspärrat"
8025560304,168025560304,GÄVLE GYMNASIE KRÖNIKA FÖRENING,,Ideella föreningar,Ej aktiebolag,2026-04-07,,,Normalläge,Har aldrig varit verksam,Verksamhet i diverse övriga intresseorganisationer,94990,Gävle,Gävleborg,Gävle/Sandviken,NORRA KUNGSGATAN 15,803 20,GÄVLE,,,Har aldrig varit registrerad för F-skatt,Har aldrig varit registrerad för moms,Har aldrig varit registrerad som arbetsgivare,0 anställda,Postadress är OK,"Tar emot reklam, ej telefonnummerspärrat"
8025560312,168025560312,KURDISKA UNGDOMSFÖRENINGEN GÖTEBORG,,Ideella föreningar,Ej aktiebolag,2026-04-07,,,Normalläge,Har aldrig varit verksam,Verksamhet i diverse övriga intresseorganisationer,94990,Göteborg,Västra Götaland,Göteborg,BOLEROVÄGEN 14,424 54,ANGERED,,,Har aldrig varit registrerad för F-skatt,Har aldrig varit registrerad för moms,Har aldrig varit registrerad som arbetsgivare,0 anställda,Postadress är OK,"Tar emot reklam, ej telefonnummerspärrat"
8025560320,168025560320,HANDBOLLSBAJARE TIFO,,Ideella föreningar,Ej aktiebolag,2026-04-07,,,Normalläge,Har aldrig varit verksam,Verksamhet i diverse övriga intresseorganisationer,94990,Stockholm,Stockholm,Stockholm/Södertälje,SMEDTORPSVÄGEN 20,761 41,NORRTÄLJE,,,Har aldrig varit registrerad för F-skatt,Har aldrig varit registrerad för moms,Har aldrig varit registrerad som arbetsgivare,0 anställda,Postadress är OK,"Tar emot reklam, ej telefonnummerspärrat"
8025560338,168025560338,RÖFYRN,,Ideella föreningar,Ej aktiebolag,2026-04-07,,,Normalläge,Har aldrig varit verksam,Verksamhet i diverse övriga intresseorganisationer,94990,Öckerö,Västra Götaland,Göteborg,RADARVÄGEN 3,475 42,HÖNÖ,,,Har aldrig varit registrerad för F-skatt,Har aldrig varit registrerad för moms,Har aldrig varit registrerad som arbetsgivare,0 anställda,Postadress är OK,"Tar emot reklam, ej telefonnummerspärrat"
8025560346,168025560346,SFC - SWEDISH FORZA CHAMPIONSHIP,,Ideella föreningar,Ej aktiebolag,2026-04-07,,,Normalläge,Har aldrig varit verksam,Verksamhet i diverse övriga intresseorganisationer,94990,Göteborg,Västra Götaland,Göteborg,FIOLGATAN 8,421 41,VÄSTRA FRÖLUNDA,,,Har aldrig varit registrerad för F-skatt,Har aldrig varit registrerad för moms,Har aldrig varit registrerad som arbetsgivare,0 anställda,Postadress är OK,"Tar emot reklam, ej telefonnummerspärrat"
8025560353,168025560353,KNUTSBOLS HÄSTSÄLLSKAP,,Ideella föreningar,Ej aktiebolag,2026-04-07,,,Normalläge,Har aldrig varit verksam,Sportklubbars och idrottsföreningars verksamhet,93120,Degerfors,Örebro,Karlskoga,ANNEDALSGATAN 15,693 34,DEGERFORS,,,Har aldrig varit registrerad för F-skatt,Har aldrig varit registrerad för moms,Har aldrig varit registrerad som arbetsgivare,0 anställda,Postadress är OK,"Tar emot reklam, ej telefonnummerspärrat"
8025560361,168025560361,SKÄVE SKOTERKLUBB,,Ideella föreningar,Ej aktiebolag,2026-04-07,,,Normalläge,Har aldrig varit verksam,Verksamhet i diverse övriga intresseorganisationer,94990,Säter,Dalarna,Borlänge/Falun,YTTERSÄTRA 2,783 92,STORA SKEDVI,,,Har aldrig varit registrerad för F-skatt,Har aldrig varit registrerad för moms,Har aldrig varit registrerad som arbetsgivare,0 anställda,Postadress är OK,"Tar emot reklam, ej telefonnummerspärrat"
8025560379,168025560379,TEAM 019 SPORTS CLUB,,Ideella föreningar,Ej aktiebolag,2026-04-07,,,Normalläge,Har aldrig varit verksam,Sportklubbars och idrottsföreningars verksamhet,93120,Örebro,Örebro,Örebro,BUXBOMSVÄGEN 19,703 75,ÖREBRO,,,Har aldrig varit registrerad för F-skatt,Har aldrig varit registrerad för moms,Har aldrig varit registrerad som arbetsgivare,0 anställda,Postadress är OK,"Tar emot reklam, ej telefonnummerspärrat"
8025560387,168025560387,KULTURFÖRENINGEN GULDFABRIKEN,,Ideella föreningar,Ej aktiebolag,2026-04-07,,,Normalläge,Har aldrig varit verksam,Scenkonst,90200,Stockholm,Stockholm,Stockholm/Södertälje,LINDETORPSVÄGEN 21,121 63,JOHANNESHOV,,,Har aldrig varit registrerad för F-skatt,Har aldrig varit registrerad för moms,Har aldrig varit registrerad som arbetsgivare,0 anställda,Postadress är OK,"Tar emot reklam, ej telefonnummerspärrat"
8025560395,168025560395,SPES NORRBOTTEN,,Ideella föreningar,Ej aktiebolag,2026-04-07,,,Normalläge,Har aldrig varit verksam,Verksamhet i diverse övriga intresseorganisationer,94990,Luleå,Norrbotten,Luleå/Boden,VÄSTRA SOLGATAN 16 B,972 53,LULEÅ,,,Har aldrig varit registrerad för F-skatt,Har aldrig varit registrerad för moms,Har aldrig varit registrerad som arbetsgivare,0 anställda,Postadress är OK,"Tar emot reklam, ej telefonnummerspärrat"
8025560403,168025560403,FORUM RYTMIK IDEELL FÖRENING,,Ideella föreningar,Ej aktiebolag,2026-04-07,,,Normalläge,Har aldrig varit verksam,Verksamhet i diverse övriga intresseorganisationer,94990,Malmö,Skåne,Malmö/Lund/Trelleborg,STORA NYGATAN 53  LGH 1401,211 37,MALMÖ,,,Har aldrig varit registrerad för F-skatt,Har aldrig varit registrerad för moms,Har aldrig varit registrerad som arbetsgivare,0 anställda,Postadress är OK,"Tar emot reklam, ej telefonnummerspärrat"
8025560411,168025560411,FALKÖPINGS FDK,,Ideella föreningar,Ej aktiebolag,2026-04-07,,,Normalläge,Har aldrig varit verksam,Sportklubbars och idrottsföreningars verksamhet,93120,Falköping,Västra Götaland,Falköping,ÄLGSTIGEN 3 B,553 39,JÖNKÖPING,,,Har aldrig varit registrerad för F-skatt,Har aldrig varit registrerad för moms,Har aldrig varit registrerad som arbetsgivare,0 anställda,Postadress är OK,"Tar emot reklam, ej telefonnummerspärrat"
8025560429,168025560429,ANBO SKÅNE,,Ideella föreningar,Ej aktiebolag,2026-04-07,,,Normalläge,Har aldrig varit verksam,Verksamhet i diverse övriga intresseorganisationer,94990,Malmö,Skåne,Malmö/Lund/Trelleborg,BÅTBYGGAREGATAN 110,216 42,LIMHAMN,,,Har aldrig varit registrerad för F-skatt,Har aldrig varit registrerad för moms,Har aldrig varit registrerad som arbetsgivare,0 anställda,Postadress är OK,"Tar emot reklam, ej telefonnummerspärrat"
8025560437,168025560437,JORD-O-MATEN,,Ideella föreningar,Ej aktiebolag,2026-04-07,,,Normalläge,Har aldrig varit verksam,Verksamhet i diverse övriga intresseorganisationer,94990,Alingsås,Västra Götaland,Göteborg,LILLE LÅNGENVÄGEN 6,441 63,ALINGSÅS,,,Har aldrig varit registrerad för F-skatt,Har aldrig varit registrerad för moms,Har aldrig varit registrerad som arbetsgivare,0 anställda,Postadress är OK,"Tar emot reklam, ej telefonnummerspärrat"
8025560445,168025560445,HANDBOLLSKLUBBEN NOVA FILIPSTAD,,Ideella föreningar,Ej aktiebolag,2026-04-07,,,Normalläge,Har aldrig varit verksam,Sportklubbars och idrottsföreningars verksamhet,93120,Filipstad,Värmland,Kristinehamn,ÖSTRA HARBORSHYTTAN VILLA ELLA,682 93,NORDMARKSHYTTAN,,,Har aldrig varit registrerad för F-skatt,Har aldrig varit registrerad för moms,Har aldrig varit registrerad som arbetsgivare,0 anställda,Postadress är OK,"Tar emot reklam, ej telefonnummerspärrat"
8025560452,168025560452,APOLONIA MUSIKTEATER IDEELL FÖRENING,,Ideella föreningar,Ej aktiebolag,2026-04-07,,,Normalläge,Har aldrig varit verksam,Scenkonst,90200,Eslöv,Skåne,Eslöv,VÄSTRA STRÖ SVENSTORP,241 92,ESLÖV,,,Har aldrig varit registrerad för F-skatt,Har aldrig varit registrerad för moms,Har aldrig varit registrerad som arbetsgivare,0 anställda,Postadress är OK,"Tar emot reklam, ej telefonnummerspärrat"
8025560460,168025560460,IFMASA,,Ideella föreningar,Ej aktiebolag,2026-04-07,,,Normalläge,Har aldrig varit verksam,Verksamhet i diverse övriga intresseorganisationer,94990,Göteborg,Västra Götaland,Göteborg,JULIANAS GÅRD 4,414 85,GÖTEBORG,,,Har aldrig varit registrerad för F-skatt,Har aldrig varit registrerad för moms,Har aldrig varit registrerad som arbetsgivare,0 anställda,Postadress är OK,"Tar emot reklam, ej telefonnummerspärrat"
8025560478,168025560478,HEMSÖ FRIVILLIGKASSA INTRESSEFÖRENING,,Ideella föreningar,Ej aktiebolag,2026-04-07,,,Normalläge,Har aldrig varit verksam,Verksamhet i diverse övriga intresseorganisationer,94990,Härnösand,Västernorrland,Härnösand/Kramfors,KLARINETTGATAN 14,871 61,HÄRNÖSAND,,,Har aldrig varit registrerad för F-skatt,Har aldrig varit registrerad för moms,Har aldrig varit registrerad som arbetsgivare,0 anställda,Postadress är OK,"Tar emot reklam, ej telefonnummerspärrat"
8025560486,168025560486,TÖSSEBÄCKENS INTRESSEFÖRENING,,Ideella föreningar,Ej aktiebolag,2026-04-07,,,Normalläge,Har aldrig varit verksam,Verksamhet i diverse övriga intresseorganisationer,94990,Åmål,Västra Götaland,Säffle/Åmål,TÖSSEBÄCKSVÄGEN 31,662 98,TÖSSE,,,Har aldrig varit registrerad för F-skatt,Har aldrig varit registrerad för moms,Har aldrig varit registrerad som arbetsgivare,0 anställda,Postadress är OK,"Tar emot reklam, ej telefonnummerspärrat"
8025560494,168025560494,HOBY EKBACKE IDEELL FÖRENING,,Ideella föreningar,Ej aktiebolag,2026-04-07,,,Normalläge,Har aldrig varit verksam,Verksamhet i diverse övriga intresseorganisationer,94990,Ronneby,Blekinge,Karlskrona,HÄLLKISTVÄGEN 6,372 61,BRÄKNE-HOBY,,,Har aldrig varit registrerad för F-skatt,Har aldrig varit registrerad för moms,Har aldrig varit registrerad som arbetsgivare,0 anställda,Postadress är OK,"Tar emot reklam, ej telefonnummerspärrat"
8025560502,168025560502,NORRTELJES LITTERÄRA SÄLLSKAP,,Ideella föreningar,Ej aktiebolag,2026-04-07,,,Normalläge,Har aldrig varit verksam,Verksamhet i diverse övriga intresseorganisationer,94990,Norrtälje,Stockholm,Norrtälje,HJORTRONVÄGEN 10,761 63,NORRTÄLJE,,,Har aldrig varit registrerad för F-skatt,Har aldrig varit registrerad för moms,Har aldrig varit registrerad som arbetsgivare,0 anställda,Postadress är OK,"Tar emot reklam, ej telefonnummerspärrat"
8025560510,168025560510,PAKISTANSKA KULTUR- OCH IDROTTSFÖRENINGEN I NORRKÖPING,,Ideella föreningar,Ej aktiebolag,2026-04-07,,,Normalläge,Har aldrig varit verksam,Verksamhet i diverse övriga intresseorganisationer,94990,Norrköping,Östergötland,Norrköping,SILVERRINGEN 31  LGH 1302,603 69,NORRKÖPING,,,Har aldrig varit registrerad för F-skatt,Har aldrig varit registrerad för moms,Har aldrig varit registrerad som arbetsgivare,0 anställda,Postadress är OK,"Tar emot reklam, ej telefonnummerspärrat"
8025560528,168025560528,PANJSHIRIERNAS KULTURFÖRENING I SVERIGE,,Ideella föreningar,Ej aktiebolag,2026-04-07,,,Normalläge,Har aldrig varit verksam,Verksamhet i diverse övriga intresseorganisationer,94990,Stockholm,Stockholm,Stockholm/Södertälje,VÅRBERGSVÄGEN 175 B LGH 1301,127 41,SKÄRHOLMEN,,,Har aldrig varit registrerad för F-skatt,Har aldrig varit registrerad för moms,Har aldrig varit registrerad som arbetsgivare,0 anställda,Postadress är OK,"Tar emot reklam, ej telefonnummerspärrat"
8025560536,168025560536,WIST (WOMEN IN STUDENT TEAMS),,Ideella föreningar,Ej aktiebolag,2026-04-07,,,Normalläge,Har aldrig varit verksam,Verksamhet i diverse övriga intresseorganisationer,94990,Göteborg,Västra Götaland,Göteborg,GIBRALTARGATAN 92  LGH 1408,412 79,GÖTEBORG,,,Har aldrig varit registrerad för F-skatt,Har aldrig varit registrerad för moms,Har aldrig varit registrerad som arbetsgivare,0 anställda,Postadress är OK,"Tar emot reklam, ej telefonnummerspärrat"
8025560544,168025560544,CENTERKVINNORNA VÄSTRA VÄRMLAND,,Ideella föreningar,Ej aktiebolag,2026-04-07,,,Normalläge,Har aldrig varit verksam,Verksamhet i politiska organisationer,94920,Arvika,Värmland,Arvika,SOLLIDEN 1  SULVIK,671 93,ARVIKA,,,Har aldrig varit registrerad för F-skatt,Har aldrig varit registrerad för moms,Har aldrig varit registrerad som arbetsgivare,0 anställda,Postadress är OK,"Tar emot reklam, ej telefonnummerspärrat"
8025560551,168025560551,ARCANUM JUVENTUTIS,,Ideella föreningar,Ej aktiebolag,2026-04-07,,,Normalläge,Har aldrig varit verksam,Verksamhet i diverse övriga intresseorganisationer,94990,Nacka,Stockholm,Stockholm/Södertälje,OXELVÄGEN 35  LGH 1501,138 31,ÄLTA,,,Har aldrig varit registrerad för F-skatt,Har aldrig varit registrerad för moms,Har aldrig varit registrerad som arbetsgivare,0 anställda,Postadress är OK,"Tar emot reklam, ej telefonnummerspärrat"
8025560569,168025560569,KULTURFÖRENINGEN HOVEN DROVEN,,Ideella föreningar,Ej aktiebolag,2026-04-07,,,Normalläge,Har aldrig varit verksam,Scenkonst,90200,Östersund,Jämtland,Östersund,MOVIKSVÄGEN 14,835 96,TRÅNGSVIKEN,,,Har aldrig varit registrerad för F-skatt,Har aldrig varit registrerad för moms,Har aldrig varit registrerad som arbetsgivare,0 anställda,Postadress är OK,"Tar emot reklam, ej telefonnummerspärrat"
8025560577,168025560577,C:N,,Ideella föreningar,Ej aktiebolag,2026-04-07,,,Normalläge,Har aldrig varit verksam,Scenkonst,90200,Stockholm,Stockholm,Stockholm/Södertälje,HAVREGATAN 13  LGH 1103,118 59,STOCKHOLM,,,Har aldrig varit registrerad för F-skatt,Har aldrig varit registrerad för moms,Har aldrig varit registrerad som arbetsgivare,0 anställda,Postadress är OK,"Tar emot reklam, ej telefonnummerspärrat"
8025560585,168025560585,AMBITION SVERIGE MARK,,Ideella föreningar,Ej aktiebolag,2026-04-07,,,Normalläge,Har aldrig varit verksam,Verksamhet i politiska organisationer,94920,Mark,Västra Götaland,Borås,HABYVÄGEN 14,511 63,SKENE,,,Har aldrig varit registrerad för F-skatt,Har aldrig varit registrerad för moms,Har aldrig varit registrerad som arbetsgivare,0 anställda,Postadress är OK,"Tar emot reklam, ej telefonnummerspärrat"
8025560593,168025560593,UPPLEVELSER UTAN GRÄNSER,,Ideella föreningar,Ej aktiebolag,2026-04-07,,,Normalläge,Har aldrig varit verksam,Sportklubbars och idrottsföreningars verksamhet,93120,Uddevalla,Västra Götaland,Uddevalla,KANTATVÄGEN 1,451 71,UDDEVALLA,,,Har aldrig varit registrerad för F-skatt,Har aldrig varit registrerad för moms,Har aldrig varit registrerad som arbetsgivare,0 anställda,Postadress är OK,"Tar emot reklam, ej telefonnummerspärrat"
8025560601,168025560601,LIVSLUST & HÅLLBART STÖD,,Ideella föreningar,Ej aktiebolag,2026-04-07,,,Normalläge,Har aldrig varit verksam,Verksamhet i diverse övriga intresseorganisationer,94990,Skellefteå,Västerbotten,Skellefteå,KAMVÄGEN 3,937 31,BURTRÄSK,,,Har aldrig varit registrerad för F-skatt,Har aldrig varit registrerad för moms,Har aldrig varit registrerad som arbetsgivare,0 anställda,Postadress är OK,"Tar emot reklam, ej telefonnummerspärrat"
8026016405,168026016405,SJÖTRÄSK VVO,,"Övr sv jur pers, enl särsk lag",Ej aktiebolag,2026-04-07,,,Normalläge,Har aldrig varit verksam,Jakt och stödverksamhet i anslutning härtill,01700,Arvidsjaur,Norrbotten,Piteå,MAGNUS BERLINVÄGEN 31,933 31,ARVIDSJAUR,,,Har aldrig varit registrerad för F-skatt,Har aldrig varit registrerad för moms,Har aldrig varit registrerad som arbetsgivare,0 anställda,Postadress är OK,"Tar emot reklam, ej telefonnummerspärrat"
8001174666,198001174666,"Darelius, Anna",,Fysiska personer,Ej aktiebolag,2026-04-07,2026-04-07,,Normalläge,Är verksam,Uthyrning och förvaltning av egna eller arrenderade bostäder,68201,Göteborg,Västra Götaland,Göteborg,BERGHÖJDSGATAN 20,422 49,HISINGS BACKA,,,Är registrerad för F-skatt,Har aldrig varit registrerad för moms,Har aldrig varit registrerad som arbetsgivare,0 anställda,Postadress är OK,"Tar emot reklam, ej telefonnummerspärrat"
8001252439,198001252439,"Hult, David",,Fysiska personer,Ej aktiebolag,2026-04-07,2026-04-07,,Normalläge,Är verksam,Skogsförvaltning,02101,Karlstad,Värmland,Karlstad,PERSMÄSSVÄGEN 9,653 46,KARLSTAD,,,Är registrerad för F-skatt,Är registrerad för moms,Har aldrig varit registrerad som arbetsgivare,0 anställda,Postadress är OK,"Tar emot reklam, ej telefonnummerspärrat"
8002111550,198002111550,"Maayouf, Alhasan",,Fysiska personer,Ej aktiebolag,2026-04-07,2026-04-07,,Normalläge,Är verksam,Frisörer och barberare,96210,Varberg,Halland,Falkenberg/Varberg,KANDIDATVÄGEN 11  LGH 1201,432 55,VARBERG,,,Är registrerad för F-skatt,Är registrerad för moms,Har aldrig varit registrerad som arbetsgivare,0 anställda,Postadress är OK,"Tar emot reklam, ej telefonnummerspärrat"
8002124835,198002124835,"Sütcü, Evren",,Fysiska personer,Ej aktiebolag,2026-04-07,2026-04-07,,Normalläge,Är verksam,Datakonsultverksamhet,62201,Svalöv,Skåne,Helsingborg/Landskrona,SNICKAREHUSGATAN 8,268 77,KÅGERÖD,,,Är registrerad för F-skatt,Är registrerad för moms,Har aldrig varit registrerad som arbetsgivare,0 anställda,Postadress är OK,"Tar emot reklam, ej telefonnummerspärrat"
8002149162,198002149162,"Khoshsolouk, Leila",,Fysiska personer,Ej aktiebolag,2026-04-07,2026-04-07,,Normalläge,Är verksam,Restaurangverksamhet,56110,Emmaboda,Kalmar,Kalmar/Nybro,KRONOBERGSGATAN 10,361 32,EMMABODA,,,Är registrerad för F-skatt,Har aldrig varit registrerad för moms,Har aldrig varit registrerad som arbetsgivare,0 anställda,Postadress är OK,"Tar emot reklam, ej telefonnummerspärrat"
8003090456,198003090456,"Sylvén, Niklas Daniel",,Fysiska personer,Ej aktiebolag,2026-04-07,2026-04-07,,Normalläge,Är verksam,Personalutbildning,85594,Järfälla,Stockholm,Stockholm/Södertälje,HÄTTKVARNSGATAN 7  LGH 1302,177 41,JÄRFÄLLA,,,Är registrerad för F-skatt,Har aldrig varit registrerad för moms,Har aldrig varit registrerad som arbetsgivare,0 anställda,Postadress är OK,"Tar emot reklam, ej telefonnummerspärrat"
8003197517,198003197517,"Alneberg, Andreas",,Fysiska personer,Ej aktiebolag,2026-04-07,2026-04-07,,Normalläge,Är verksam,Sågning av trä,16111,Ockelbo,Gävleborg,Gävle/Sandviken,STENBÄCKEN 64,816 93,OCKELBO,,,Är registrerad för F-skatt,Är registrerad för moms,Har aldrig varit registrerad som arbetsgivare,0 anställda,Postadress är OK,"Tar emot reklam, ej telefonnummerspärrat"
8004031434,198004031434,"Olaison, Magnus",,Fysiska personer,Ej aktiebolag,2026-04-07,2026-04-07,,Normalläge,Är verksam,Uthyrning och förvaltning av egna eller arrenderade bostäder,68201,Falun,Dalarna,Borlänge/Falun,LORICHSVÄGEN 7,791 37,FALUN,,,Har aldrig varit registrerad för F-skatt,Är registrerad för moms,Har aldrig varit registrerad som arbetsgivare,0 anställda,Postadress är OK,"Tar emot reklam, ej telefonnummerspärrat"
8005226652,198005226652,"Holmgren, Niclas",,Fysiska personer,Ej aktiebolag,2026-04-07,2026-04-07,,Normalläge,Är verksam,Personaluthyrning,78201,Örebro,Örebro,Örebro,OLLONBORRSTIGEN 15,702 30,ÖREBRO,,,Är registrerad för F-skatt,Har aldrig varit registrerad för moms,Har aldrig varit registrerad som arbetsgivare,0 anställda,Postadress är OK,"Tar emot reklam, ej telefonnummerspärrat"
8008070057,198008070057,"Wall, Fredrik Bernhard",,Fysiska personer,Ej aktiebolag,2026-04-07,2026-04-07,,Normalläge,Är verksam,Övrig trävarutillverkning,16281,Västerås,Västmanland,Västerås,BERGSVÄGEN 17,723 41,VÄSTERÅS,,,Är registrerad för F-skatt,Är registrerad för moms,Har aldrig varit registrerad som arbetsgivare,0 anställda,Postadress är OK,"Tar emot reklam, ej telefonnummerspärrat"
8009729792,198009729792,"Brasoveanu, Constantin",,Fysiska personer,Ej aktiebolag,2026-04-07,2026-04-07,,Normalläge,Är verksam,Reparation och underhåll av maskiner,33120,Kommunkod saknas,Län okänd,A-region okänd,KYRKVÄGEN 5,841 31,ÅNGE,,,Är registrerad för F-skatt,Har aldrig varit registrerad för moms,Har aldrig varit registrerad som arbetsgivare,0 anställda,Postadress är OK,"Tar emot reklam, ej telefonnummerspärrat"
8011167122,198011167122,"Säljgård, Elin",,Fysiska personer,Ej aktiebolag,2026-04-07,2026-04-07,,Normalläge,Är verksam,Diverse övriga konsumenttjänster,96990,Vansbro,Dalarna,Borlänge/Falun,KROKVÄGEN 2,786 72,DALA-JÄRNA,elinsaljgard@live.se,,Är registrerad för F-skatt,Är registrerad för moms,Har aldrig varit registrerad som arbetsgivare,0 anställda,Postadress är OK,"Tar emot reklam, ej telefonnummerspärrat"
8012225606,198012225606,"Eli, Ulrica",,Fysiska personer,Ej aktiebolag,2026-04-07,,,Normalläge,Har aldrig varit verksam,Okänd,00000,Ulricehamn,Västra Götaland,Borås,PILVÄGEN 2,523 96,GRÖNAHÖG,,,Har aldrig varit registrerad för F-skatt,Har aldrig varit registrerad för moms,Är registrerad som privatarbetsgivare,0 anställda,Postadress är OK,"Tar emot reklam, ej telefonnummerspärrat"
8012244904,198012244904,"Katic, Lidija",,Fysiska personer,Ej aktiebolag,2026-04-07,2026-04-07,,Normalläge,Är verksam,"All övrig verksamhet inom juridik, ekonomi, vetenskap och teknik",74990,Göteborg,Västra Götaland,Göteborg,FRAMNÄSGATAN 35 A LGH 1202,412 62,GÖTEBORG,,,Är registrerad för F-skatt,Är registrerad för moms,Har aldrig varit registrerad som arbetsgivare,0 anställda,Postadress är OK,"Tar emot reklam, ej telefonnummerspärrat"
8012301902,198012301902,"Axelsson, Nathalie",,Fysiska personer,Ej aktiebolag,2026-04-07,2026-04-07,,Normalläge,Är verksam,"Dagspa, bastu och ångbastu",96230,Katrineholm,Södermanland,Katrineholm,JÄGAREGATAN 6 B LGH 1202,641 31,KATRINEHOLM,,,Är registrerad för F-skatt,Har aldrig varit registrerad för moms,Har aldrig varit registrerad som arbetsgivare,0 anställda,Postadress är OK,"Tar emot reklam, ej telefonnummerspärrat"
8101077249,198101077249,"Sadjadi, Habiba",,Fysiska personer,Ej aktiebolag,2026-04-07,2026-04-07,,Normalläge,Är verksam,Lokalvård,81210,Kalmar,Kalmar,Kalmar/Nybro,TÖRNEBYVÄGEN 10,392 41,KALMAR,,,Är registrerad för F-skatt,Har aldrig varit registrerad för moms,Har aldrig varit registrerad som arbetsgivare,0 anställda,Postadress är OK,"Tar emot reklam, ej telefonnummerspärrat"
8102058230,198102058230,"Hallin, Tobias",,Fysiska personer,Ej aktiebolag,2026-04-07,,,Normalläge,Har aldrig varit verksam,Okänd,00000,Kommunkod saknas,Län okänd,A-region okänd,BERGVIKSGATAN 12  LGH 1501,152 44,SÖDERTÄLJE,,,Har aldrig varit registrerad för F-skatt,Har aldrig varit registrerad för moms,Är registrerad som privatarbetsgivare,0 anställda,Postadress är OK,"Tar emot reklam, ej telefonnummerspärrat"
8102154245,198102154245,"Schwochow, Doreen",,Fysiska personer,Ej aktiebolag,2026-04-07,2026-04-07,,Normalläge,Är verksam,Annan naturvetenskaplig och teknisk forskning och utveckling,72109,Uppsala,Uppsala,Uppsala,VRETA STRANDVÄG 23,755 91,UPPSALA,,,Är registrerad för F-skatt,Är registrerad för moms,Har aldrig varit registrerad som arbetsgivare,0 anställda,Postadress är OK,"Tar emot reklam, ej telefonnummerspärrat"
8102226522,198102226522,"Sakhi, Latifa",,Fysiska personer,Ej aktiebolag,2026-04-07,2026-04-07,,Normalläge,Är verksam,"Specialistläkarverksamhet inom öppenvård, ej på sjukhus",86222,Malmö,Skåne,Malmö/Lund/Trelleborg,ÄRTGRÄND 5,213 74,MALMÖ,,,Är registrerad för F-skatt,Har aldrig varit registrerad för moms,Har aldrig varit registrerad som arbetsgivare,0 anställda,Postadress är OK,"Tar emot reklam, ej telefonnummerspärrat"
8103017474,198103017474,"Davidsson, Philip",,Fysiska personer,Ej aktiebolag,2026-04-07,,,Normalläge,Har aldrig varit verksam,Okänd,00000,Vaggeryd,Jönköping,Jönköping,FJÄRILSVÄGEN 9 B,331 54,VÄRNAMO,,,Har aldrig varit registrerad för F-skatt,Har aldrig varit registrerad för moms,Är registrerad som privatarbetsgivare,0 anställda,Postadress är OK,"Tar emot reklam, ej telefonnummerspärrat"
8103217132,198103217132,"Hed, Lars-Johan",,Fysiska personer,Ej aktiebolag,2026-04-07,2026-04-07,,Normalläge,Är verksam,Skogsförvaltning,02101,Älvdalen,Dalarna,Mora,HEDPÄRVÄGEN 23  ROT,796 92,ÄLVDALEN,,,Har aldrig varit registrerad för F-skatt,Är registrerad för moms,Har aldrig varit registrerad som arbetsgivare,0 anställda,Postadress är OK,"Tar emot reklam, ej telefonnummerspärrat"
8104202877,198104202877,"Zadiran, Victor",,Fysiska personer,Ej aktiebolag,2026-04-07,2026-04-07,,Normalläge,Är verksam,Dataprogrammering,62100,Nacka,Stockholm,Stockholm/Södertälje,BECKSJUDARVÄGEN 35  LGH 1201,131 36,NACKA,,,Är registrerad för F-skatt,Är registrerad för moms,Har aldrig varit registrerad som arbetsgivare,0 anställda,Postadress är OK,"Tar emot reklam, ej telefonnummerspärrat"
8105020302,198105020302,"Wendborg, Joanna",,Fysiska personer,Ej aktiebolag,2026-04-07,2026-04-07,,Normalläge,Är verksam,Tillverkning av gång- och ytterkläder,14210,Stockholm,Stockholm,Stockholm/Södertälje,BESMANSVÄGEN 25  LGH 1102,168 34,BROMMA,,,Är registrerad för F-skatt,Har aldrig varit registrerad för moms,Har aldrig varit registrerad som arbetsgivare,0 anställda,Postadress är OK,"Tar emot reklam, ej telefonnummerspärrat"
8105119252,198105119252,"Cohen, Gal",,Fysiska personer,Ej aktiebolag,2026-04-07,2026-04-07,,Normalläge,Är verksam,Tillverkning av mjukt matbröd och färska bakverk,10710,Luleå,Norrbotten,Luleå/Boden,LOTTAGATAN 12 D LGH 1304,974 42,LULEÅ,,,Är registrerad för F-skatt,Är registrerad för moms,Har aldrig varit registrerad som arbetsgivare,0 anställda,Postadress är OK,"Tar emot reklam, ej telefonnummerspärrat"
8106057253,198106057253,"Beshar Baroski, Bejer",,Fysiska personer,Ej aktiebolag,2026-04-07,2026-04-07,,Normalläge,Är verksam,Restaurangverksamhet,56110,Umeå,Västerbotten,Umeå,MJÖLKVÄGEN 247,906 28,UMEÅ,,,Är registrerad för F-skatt,Har aldrig varit registrerad för moms,Har aldrig varit registrerad som arbetsgivare,0 anställda,Postadress är OK,"Tar emot reklam, ej telefonnummerspärrat"
8106235958,198106235958,"Janzon, Linus",,Fysiska personer,Ej aktiebolag,2026-04-07,2026-04-07,,Normalläge,Är verksam,Mobil restaurangverksamhet,56120,Tidaholm,Västra Götaland,Falköping,EKEDALEN DJURÅSEN,522 93,TIDAHOLM,,,Är registrerad för F-skatt,Har aldrig varit registrerad för moms,Har aldrig varit registrerad som arbetsgivare,0 anställda,Postadress är OK,"Tar emot reklam, ej telefonnummerspärrat"
8107106257,198107106257,"Nilsson, Tor Erik",,Fysiska personer,Ej aktiebolag,2026-04-07,2026-04-07,,Normalläge,Är verksam,Skogsförvaltning,02101,Karlstad,Värmland,Karlstad,VIKENGATAN 11 C LGH 1103,652 26,KARLSTAD,,,Har aldrig varit registrerad för F-skatt,Är registrerad för moms,Har aldrig varit registrerad som arbetsgivare,0 anställda,Postadress är OK,"Tar emot reklam, ej telefonnummerspärrat"
8108074843,198108074843,"Johansson, Linnea",,Fysiska personer,Ej aktiebolag,2026-04-07,2026-04-07,,Normalläge,Är verksam,Uppfödning av får och getter,01450,Bollebygd,Västra Götaland,Borås,HESTRA TUBBEGÅRDEN 48,517 92,BOLLEBYGD,,,Är registrerad för F-skatt,Är registrerad för moms,Har aldrig varit registrerad som arbetsgivare,0 anställda,Postadress är OK,"Tar emot reklam, ej telefonnummerspärrat"
8109130107,198109130107,"Ingeberg, Sofia",,Fysiska personer,Ej aktiebolag,2026-04-07,2026-04-07,,Normalläge,Är verksam,Annan övrig utbildning,85599,Heby,Uppsala,Sala,STORA HOLVARBO 113,740 48,ÖSTERVÅLA,,,Är registrerad för F-skatt,Har aldrig varit registrerad för moms,Har aldrig varit registrerad som arbetsgivare,0 anställda,Postadress är OK,"Tar emot reklam, ej telefonnummerspärrat"
8110314625,198110314625,"Andersson Modiggård, Karin",,Fysiska personer,Ej aktiebolag,2026-04-07,2026-04-07,,Normalläge,Är verksam,Diverse övriga konsumenttjänster,96990,Varberg,Halland,Falkenberg/Varberg,LEJONGATAN 1,432 37,VARBERG,,,Är registrerad för F-skatt,Är registrerad för moms,Har aldrig varit registrerad som arbetsgivare,0 anställda,Postadress är OK,"Tar emot reklam, ej telefonnummerspärrat"
8111027168,198111027168,"Folkesson, Emma",,Fysiska personer,Ej aktiebolag,2026-04-07,2026-04-07,,Normalläge,Är verksam,Detaljhandel via internet eller postorder med brett sortiment,47123,Älvdalen,Dalarna,Mora,ENSTIGEN 9,796 30,ÄLVDALEN,,,Är registrerad för F-skatt,Är registrerad för moms,Har aldrig varit registrerad som arbetsgivare,0 anställda,Postadress är OK,"Tar emot reklam, ej telefonnummerspärrat"
8201015016,198201015016,"Hayder, Hayder",,Fysiska personer,Ej aktiebolag,2026-04-07,2026-04-07,,Normalläge,Är verksam,Tillverkning av mjukt matbröd och färska bakverk,10710,Helsingborg,Skåne,Helsingborg/Landskrona,LINDFORSGATAN 14,256 54,RAMLÖSA,,,Är registrerad för F-skatt,Är registrerad för moms,Är registrerad som vanlig arbetsgivare,1-9 anställda,Postadress är OK,"Tar emot reklam, ej telefonnummerspärrat"
8201284240,198201284240,"Holm, Veronica",,Fysiska personer,Ej aktiebolag,2026-04-07,,,Normalläge,Har aldrig varit verksam,Okänd,00000,Trelleborg,Skåne,Malmö/Lund/Trelleborg,JAKOB NILSGATAN 23 A,211 21,MALMÖ,,,Har aldrig varit registrerad för F-skatt,Har aldrig varit registrerad för moms,Är registrerad som privatarbetsgivare,0 anställda,Postadress är OK,"Tar emot reklam, ej telefonnummerspärrat"
8203137958,198203137958,"Chapus, Alexandre Jerome",,Fysiska personer,Ej aktiebolag,2026-04-07,2026-04-07,,Normalläge,Är verksam,Byggande av bostadshus och andra byggnader,41000,Borgholm,Kalmar,Kalmar/Nybro,DYESTAD BYGATA 14,386 94,FÄRJESTADEN,,,Är registrerad för F-skatt,Har aldrig varit registrerad för moms,Har aldrig varit registrerad som arbetsgivare,0 anställda,Postadress är OK,"Tar emot reklam, ej telefonnummerspärrat"
8204202926,198204202926,"Einarsson, Sara",,Fysiska personer,Ej aktiebolag,2026-04-07,2026-04-07,,Normalläge,Är verksam,Personalutbildning,85594,Mönsterås,Kalmar,Oskarshamn,NYEBO 107,384 91,BLOMSTERMÅLA,,,Är registrerad för F-skatt,Har aldrig varit registrerad för moms,Har aldrig varit registrerad som arbetsgivare,0 anställda,Postadress är OK,"Tar emot reklam, ej telefonnummerspärrat"
8205261574,198205261574,"Antonsson, Egill",,Fysiska personer,Ej aktiebolag,2026-04-07,2026-04-07,,Normalläge,Är verksam,Dataprogrammering,62100,Stockholm,Stockholm,Stockholm/Södertälje,MOLKOMSBACKEN 35  LGH 1201,123 33,FARSTA,,,Är registrerad för F-skatt,Är registrerad för moms,Har aldrig varit registrerad som arbetsgivare,0 anställda,Postadress är OK,"Tar emot reklam, ej telefonnummerspärrat"
8207276943,198207276943,"Noris, Angela",,Fysiska personer,Ej aktiebolag,2026-04-07,,,Normalläge,Har aldrig varit verksam,Okänd,00000,Västerås,Västmanland,Västerås,BLOMSTERGATAN 2  LGH 1603,722 25,VÄSTERÅS,,,Har aldrig varit registrerad för F-skatt,Har aldrig varit registrerad för moms,Är registrerad som privatarbetsgivare,0 anställda,Postadress är OK,"Tar emot reklam, ej telefonnummerspärrat"
8209225351,198209225351,"Fadaei Heidary, Hamed",,Fysiska personer,Ej aktiebolag,2026-04-07,2026-04-07,,Normalläge,Är verksam,Dataprogrammering,62100,Ale,Västra Götaland,Göteborg,GLIMMERGRÄND 3,445 34,BOHUS,,,Är registrerad för F-skatt,Är registrerad för moms,Har aldrig varit registrerad som arbetsgivare,0 anställda,Postadress är OK,"Tar emot reklam, ej telefonnummerspärrat"
8209248239,198209248239,"Arnsten, Nils Olof Daniel",,Fysiska personer,Ej aktiebolag,2026-04-07,2026-04-07,,Normalläge,Är verksam,Skogsförvaltning,02101,Östersund,Jämtland,Östersund,FÄRGARGRÄND 2  LGH 1203,831 53,ÖSTERSUND,,,Är registrerad för F-skatt,Är registrerad för moms,Har aldrig varit registrerad som arbetsgivare,0 anställda,Postadress är OK,"Tar emot reklam, ej telefonnummerspärrat"
8210175512,198210175512,"Lindstén, Stellan",,Fysiska personer,Ej aktiebolag,2026-04-07,,,Normalläge,Har aldrig varit verksam,Okänd,00000,Borås,Västra Götaland,Borås,DRÖSPHULT 7,516 96,APLARED,,,Har aldrig varit registrerad för F-skatt,Har aldrig varit registrerad för moms,Är registrerad som privatarbetsgivare,0 anställda,Postadress är OK,"Tar emot reklam, ej telefonnummerspärrat"
8210206556,198210206556,"Alig, Mikel",,Fysiska personer,Ej aktiebolag,2026-04-07,,,Normalläge,Har aldrig varit verksam,Okänd,00000,Täby,Stockholm,Stockholm/Södertälje,DRAKSKEPPSVÄGEN 15,183 63,TÄBY,,,Har aldrig varit registrerad för F-skatt,Har aldrig varit registrerad för moms,Är registrerad som privatarbetsgivare,0 anställda,Postadress är OK,"Tar emot reklam, ej telefonnummerspärrat"
8211192490,198211192490,"Yanez Valencia, Diego Maximiliano",,Fysiska personer,Ej aktiebolag,2026-04-07,2026-04-07,,Normalläge,Är verksam,Måleriarbeten,43341,Oxelösund,Södermanland,Nyköping,SKOGSVÄGEN 32  LGH 1101,613 40,OXELÖSUND,,,Är registrerad för F-skatt,Är registrerad för moms,Har aldrig varit registrerad som arbetsgivare,0 anställda,Postadress är OK,"Tar emot reklam, ej telefonnummerspärrat"
8212126190,198212126190,"Svitlyk, Andrii",,Fysiska personer,Ej aktiebolag,2026-04-07,2026-04-07,,Normalläge,Är verksam,Tillverkning av övriga byggnads- och inredningssnickerier,16239,Huddinge,Stockholm,Stockholm/Södertälje,LOFTVÄGEN 12  LGH 1202,142 35,SKOGÅS,,,Är registrerad för F-skatt,Är registrerad för moms,Har aldrig varit registrerad som arbetsgivare,0 anställda,Postadress är OK,"Tar emot reklam, ej telefonnummerspärrat"
8302090082,198302090082,"Egenaes, Karin",,Fysiska personer,Ej aktiebolag,2026-04-07,2026-04-07,,Normalläge,Är verksam,Tillverkning av lagad mat och färdigrätter,10850,Sigtuna,Stockholm,Stockholm/Södertälje,VIDBO NORRBY 112  NORRBY SÄTERI,195 94,MÄRSTA,,,Är registrerad för F-skatt,Är registrerad för moms,Har aldrig varit registrerad som arbetsgivare,0 anställda,Postadress är OK,"Tar emot reklam, ej telefonnummerspärrat"
8302124956,198302124956,"Marogi, Raid",,Fysiska personer,Ej aktiebolag,2026-04-07,2026-04-07,,Normalläge,Är verksam,Restaurangverksamhet,56110,Borås,Västra Götaland,Borås,BJÖRKSÄTERSGATAN 12  LGH 1001,506 46,BORÅS,,,Är registrerad för F-skatt,Är registrerad för moms,Är registrerad som vanlig arbetsgivare,1-9 anställda,Postadress är OK,"Tar emot reklam, ej telefonnummerspärrat"
8303028925,198303028925,"Norlin, Lisa",,Fysiska personer,Ej aktiebolag,2026-04-07,2026-04-07,,Normalläge,Är verksam,"Dagspa, bastu och ångbastu",96230,Uppsala,Uppsala,Uppsala,SVANMOSSVÄGEN 24,754 72,UPPSALA,,,Är registrerad för F-skatt,Har aldrig varit registrerad för moms,Har aldrig varit registrerad som arbetsgivare,0 anställda,Postadress är OK,"Tar emot reklam, ej telefonnummerspärrat"
8303235512,198303235512,"Björk, Johannes",,Fysiska personer,Ej aktiebolag,2026-04-07,2026-04-07,,Normalläge,Är verksam,Litterärt skapande och musikkomposition,90110,Göteborg,Västra Götaland,Göteborg,ELDAREGATAN 10 B LGH 1101,413 15,GÖTEBORG,,,Är registrerad för F-skatt,Har aldrig varit registrerad för moms,Har aldrig varit registrerad som arbetsgivare,0 anställda,Postadress är OK,"Tar emot reklam, ej telefonnummerspärrat"
8304196358,198304196358,"Warden, Ben Raymond",,Fysiska personer,Ej aktiebolag,2026-04-07,2026-04-07,,Normalläge,Är verksam,Reklambyråverksamhet,73111,Ekerö,Stockholm,Stockholm/Södertälje,KVARNBACKEN 27,178 93,DROTTNINGHOLM,,,Är registrerad för F-skatt,Är registrerad för moms,Har aldrig varit registrerad som arbetsgivare,0 anställda,Postadress är OK,"Tar emot reklam, ej telefonnummerspärrat"
8305051438,198305051438,"Källberg, Oskar",Gästrike Byggnadsvård,Fysiska personer,Ej aktiebolag,2026-04-07,2026-04-07,,Normalläge,Är verksam,Måleriarbeten,43341,Gävle,Gävleborg,Gävle/Sandviken,STENBACKAVÄGEN 6,804 24,GÄVLE,oskar_kallberg@hotmail.com,,Är registrerad för F-skatt,Är registrerad för moms,Har aldrig varit registrerad som arbetsgivare,0 anställda,Postadress är OK,"Tar emot reklam, ej telefonnummerspärrat"
8305082557,198305082557,"Nionzima Dynesius, Mike",,Fysiska personer,Ej aktiebolag,2026-04-07,2026-04-07,,Normalläge,Är verksam,Ljudinspelning och musikutgivning,59200,Solna,Stockholm,Stockholm/Södertälje,JÄRVA SKJUTBANEVÄG 58  LGH 1404,170 62,SOLNA,,,Är registrerad för F-skatt,Är registrerad för moms,Har aldrig varit registrerad som arbetsgivare,0 anställda,Postadress är OK,"Tar emot reklam, ej telefonnummerspärrat"
8306189013,198306189013,"Ali Hashi, Mohamed",,Fysiska personer,Ej aktiebolag,2026-04-07,2026-04-07,,Normalläge,Är verksam,"Passagerartrafik på beställning, fordon med förare",49330,Stockholm,Stockholm,Stockholm/Södertälje,DEGERBYGRÄND 7  LGH 1001,163 72,SPÅNGA,,,Är registrerad för F-skatt,Är registrerad för moms,Är registrerad som vanlig arbetsgivare,1-9 anställda,Postadress är OK,"Tar emot reklam, ej telefonnummerspärrat"
8306244909,198306244909,"Diffner, Anna",,Fysiska personer,Ej aktiebolag,2026-04-07,2026-04-07,,Normalläge,Är verksam,Fysioterapeutisk verksamhet,86950,Borås,Västra Götaland,Borås,TEGELVÄGEN 2,516 50,APLARED,,,Är registrerad för F-skatt,Är registrerad för moms,Har aldrig varit registrerad som arbetsgivare,0 anställda,Postadress är OK,"Tar emot reklam, ej telefonnummerspärrat"
8307080328,198307080328,"Berg, Filippa",,Fysiska personer,Ej aktiebolag,2026-04-07,2026-04-07,,Normalläge,Är verksam,Reklambyråverksamhet,73111,Stockholm,Stockholm,Stockholm/Södertälje,EKLÅNGSVÄGEN 22  LGH 1202,120 51,ÅRSTA,,,Är registrerad för F-skatt,Har aldrig varit registrerad för moms,Har aldrig varit registrerad som arbetsgivare,0 anställda,Postadress är OK,"Tar emot reklam, ej telefonnummerspärrat"
8308080228,198308080228,"Eriksson, Natalie",,Fysiska personer,Ej aktiebolag,2026-04-07,2026-04-07,,Normalläge,Är verksam,Lokalvård,81210,Botkyrka,Stockholm,Stockholm/Södertälje,TOPPVÄGEN 7  LGH 1602,147 54,TUMBA,,,Är registrerad för F-skatt,Har aldrig varit registrerad för moms,Har aldrig varit registrerad som arbetsgivare,0 anställda,Postadress är OK,"Tar emot reklam, ej telefonnummerspärrat"
8311253200,198311253200,"Norrby, Frida",,Fysiska personer,Ej aktiebolag,2026-04-07,2026-04-07,,Normalläge,Är verksam,Stödverksamhet avseende husdjursskötsel,01620,Gotland,Gotland,Visby,BURS KÄRNE 411,623 49,STÅNGA,,,Är registrerad för F-skatt,Har aldrig varit registrerad för moms,Har aldrig varit registrerad som arbetsgivare,0 anställda,Postadress är OK,"Tar emot reklam, ej telefonnummerspärrat"
8401091353,198401091353,"Abunofal, Mohanad",,Fysiska personer,Ej aktiebolag,2026-04-07,2026-04-07,,Normalläge,Är verksam,Detaljhandel med kött och charkuterier,47220,Växjö,Kronoberg,Växjö,DANNEBORGSVÄGEN 1 B,352 60,VÄXJÖ,,,Är registrerad för F-skatt,Är registrerad för moms,Har aldrig varit registrerad som arbetsgivare,0 anställda,Postadress är OK,"Tar emot reklam, ej telefonnummerspärrat"
8402042165,198402042165,"Rivero Calle, Vanesa",,Fysiska personer,Ej aktiebolag,2026-04-07,2026-04-07,,Normalläge,Är verksam,Partihandel med parfym och kosmetika,46450,Stockholm,Stockholm,Stockholm/Södertälje,LOVISELUNDSVÄGEN 74,165 59,HÄSSELBY,,,Är registrerad för F-skatt,Är registrerad för moms,Har aldrig varit registrerad som arbetsgivare,0 anställda,Postadress är OK,"Tar emot reklam, ej telefonnummerspärrat"
8402242419,198402242419,"Rudkilde, Christian",,Fysiska personer,Ej aktiebolag,2026-04-07,2026-04-07,,Normalläge,Är verksam,Annan övrig utbildning,85599,Göteborg,Västra Götaland,Göteborg,VASAGATAN 18  LGH 1401,411 24,GÖTEBORG,,,Är registrerad för F-skatt,Är registrerad för moms,Har aldrig varit registrerad som arbetsgivare,0 anställda,Postadress är OK,"Tar emot reklam, ej telefonnummerspärrat"
8403094074,198403094074,"Bosson, Oscar",,Fysiska personer,Ej aktiebolag,2026-04-07,,,Normalläge,Har aldrig varit verksam,Okänd,00000,Stockholm,Stockholm,Stockholm/Södertälje,HACKSPETTSVÄGEN 20,167 65,BROMMA,,,Har aldrig varit registrerad för F-skatt,Har aldrig varit registrerad för moms,Är registrerad som privatarbetsgivare,0 anställda,Postadress är OK,"Tar emot reklam, ej telefonnummerspärrat"
8403165064,198403165064,"Ismaail, Sherin",,Fysiska personer,Ej aktiebolag,2026-04-07,,,Normalläge,Har aldrig varit verksam,Okänd,00000,Sandviken,Gävleborg,Gävle/Sandviken,BARRSÄTRAGATAN 34  LGH 1103,811 30,SANDVIKEN,,,Har aldrig varit registrerad för F-skatt,Har aldrig varit registrerad för moms,Är registrerad som privatarbetsgivare,0 anställda,Postadress är OK,"Tar emot reklam, ej telefonnummerspärrat"
8403288528,198403288528,"Gyllenhammar, Ingela",,Fysiska personer,Ej aktiebolag,2026-04-07,2026-04-07,,Normalläge,Är verksam,Skönhetsvård och andra skönhetsbehandlingar,96220,Nordmaling,Västerbotten,Umeå,ASPEÅ 148,914 92,LÖGDEÅ,,,Är registrerad för F-skatt,Har aldrig varit registrerad för moms,Har aldrig varit registrerad som arbetsgivare,0 anställda,Postadress är OK,"Tar emot reklam, ej telefonnummerspärrat"
8404199252,198404199252,"Ruiz Vazquez, Pedro Alberto",,Fysiska personer,Ej aktiebolag,2026-04-07,2026-04-07,,Normalläge,Är verksam,Detaljhandel med möbler,47551,Malmö,Skåne,Malmö/Lund/Trelleborg,BERGSGATAN 42  LGH 1701,214 22,MALMÖ,,,Är registrerad för F-skatt,Har aldrig varit registrerad för moms,Har aldrig varit registrerad som arbetsgivare,0 anställda,Postadress är OK,"Tar emot reklam, ej telefonnummerspärrat"
8404247853,198404247853,"Byman, Rikard",,Fysiska personer,Ej aktiebolag,2026-04-07,2026-04-07,,Normalläge,Är verksam,Diverse övrig utvinning av mineral,08990,Sundsvall,Västernorrland,Sundsvall,VÄSTANÅ 301,862 95,NJURUNDA,,,Är registrerad för F-skatt,Är registrerad för moms,Har aldrig varit registrerad som arbetsgivare,0 anställda,Postadress är OK,"Tar emot reklam, ej telefonnummerspärrat"
8405090344,198405090344,"Frid, Matilda",,Fysiska personer,Ej aktiebolag,2026-04-07,2026-04-07,,Normalläge,Är verksam,"Tillverkning av smycken, guld- och silversmedsvaror",32120,Nyköping,Södermanland,Nyköping,LID ÖRSTA YNGRES 2,611 91,NYKÖPING,,,Är registrerad för F-skatt,Är registrerad för moms,Har aldrig varit registrerad som arbetsgivare,0 anställda,Postadress är OK,"Tar emot reklam, ej telefonnummerspärrat"
8407110017,198407110017,"Asplind, Tåbbe",MrAspen Tactical Media,Fysiska personer,Ej aktiebolag,2026-04-07,2026-04-07,,Normalläge,Är verksam,"Produktion av film, video och tv-program",59110,Nynäshamn,Stockholm,Stockholm/Södertälje,VALTHORNSVÄGEN 7 C LGH 1101,149 50,NYNÄSHAMN,mraspen@icloud.com,,Är registrerad för F-skatt,Är registrerad för moms,Har aldrig varit registrerad som arbetsgivare,0 anställda,Postadress är OK,"Tar emot reklam, ej telefonnummerspärrat"
8408102542,198408102542,"Wang, Lu",,Fysiska personer,Ej aktiebolag,2026-04-07,2026-04-07,,Normalläge,Är verksam,Övrig specialiserad detaljhandel,47789,Stockholm,Stockholm,Stockholm/Södertälje,ALSTRÖMERGATAN 32 D LGH 1104,112 47,STOCKHOLM,,,Är registrerad för F-skatt,Är registrerad för moms,Har aldrig varit registrerad som arbetsgivare,0 anställda,Postadress är OK,"Tar emot reklam, ej telefonnummerspärrat"
8409040139,198409040139,"Artinian, Paul",,Fysiska personer,Ej aktiebolag,2026-04-07,2026-04-07,,Normalläge,Är verksam,Scenkonst,90200,Södertälje,Stockholm,Stockholm/Södertälje,FLUGFISKEGATAN 18 B,152 59,SÖDERTÄLJE,,,Är registrerad för F-skatt,Är registrerad för moms,Har aldrig varit registrerad som arbetsgivare,0 anställda,Postadress är OK,"Tar emot reklam, ej telefonnummerspärrat"
8409138859,198409138859,"Uçar, Metin",,Fysiska personer,Ej aktiebolag,2026-04-07,2026-04-07,,Normalläge,Är verksam,"Annan förlagsverksamhet, utom utgivning av programvara",58190,Täby,Stockholm,Stockholm/Södertälje,NÄSBYDALSVÄGEN 10  LGH 1403,183 37,TÄBY,,,Är registrerad för F-skatt,Är registrerad för moms,Har aldrig varit registrerad som arbetsgivare,0 anställda,Postadress är OK,"Tar emot reklam, ej telefonnummerspärrat"
8409225987,198409225987,"Shamasaki, Shahrzad",,Fysiska personer,Ej aktiebolag,2026-04-07,2026-04-07,,Normalläge,Är verksam,Skönhetsvård och andra skönhetsbehandlingar,96220,Lerum,Västra Götaland,Göteborg,GRYNINGSVÄGEN 28,448 33,FLODA,sherry@control-z.se,,Är registrerad för F-skatt,Är registrerad för moms,Har aldrig varit registrerad som arbetsgivare,0 anställda,Postadress är OK,"Tar emot reklam, ej telefonnummerspärrat"
8410203957,198410203957,"Kristensson, Johan",,Fysiska personer,Ej aktiebolag,2026-04-07,2026-04-07,,Normalläge,Är verksam,Dataprogrammering,62100,Stockholm,Stockholm,Stockholm/Södertälje,FÅLLNÄSGATAN 23,122 48,ENSKEDE,,,Är registrerad för F-skatt,Är registrerad för moms,Har aldrig varit registrerad som arbetsgivare,0 anställda,Postadress är OK,"Tar emot reklam, ej telefonnummerspärrat"
8412055066,198412055066,"Abbas, Yassmin",,Fysiska personer,Ej aktiebolag,2026-04-07,2026-04-07,,Normalläge,Är verksam,Annan återvinning av avfall,38230,Kungsbacka,Halland,Göteborg,GNEJSVÄGEN 53  LGH 1301,434 51,KUNGSBACKA,,,Är registrerad för F-skatt,Är registrerad för moms,Har aldrig varit registrerad som arbetsgivare,0 anställda,Postadress är OK,"Tar emot reklam, ej telefonnummerspärrat"
8503175815,198503175815,"Jansson, Andreas",,Fysiska personer,Ej aktiebolag,2026-04-07,,,Normalläge,Har aldrig varit verksam,Okänd,00000,Ulricehamn,Västra Götaland,Borås,WRANÉRSGATAN 13 B LGH 1002,272 34,SIMRISHAMN,,,Har aldrig varit registrerad för F-skatt,Har aldrig varit registrerad för moms,Är registrerad som privatarbetsgivare,0 anställda,Postadress är OK,"Tar emot reklam, ej telefonnummerspärrat"
8503196316,198503196316,"Svensson, Richard",,Fysiska personer,Ej aktiebolag,2026-04-07,2026-04-07,,Normalläge,Är verksam,Skogsförvaltning,02101,Kil,Värmland,Karlstad,VIKSTAVÄGEN 2,665 33,KIL,,,Är registrerad för F-skatt,Är registrerad för moms,Har aldrig varit registrerad som arbetsgivare,0 anställda,Postadress är OK,"Tar emot reklam, ej telefonnummerspärrat"
8503280169,198503280169,"Bruylandt, Ulrika",,Fysiska personer,Ej aktiebolag,2026-04-07,2026-04-07,,Normalläge,Är verksam,Teknisk konsultverksamhet inom bygg- och anläggningsteknik,71121,Eskilstuna,Södermanland,Eskilstuna,GILLBERGAVÄGEN 120,632 36,ESKILSTUNA,,,Är registrerad för F-skatt,Är registrerad för moms,Har aldrig varit registrerad som arbetsgivare,0 anställda,Postadress är OK,"Tar emot reklam, ej telefonnummerspärrat"
8504158216,198504158216,"Bergvall, Oscar",,Fysiska personer,Ej aktiebolag,2026-04-07,,,Normalläge,Har aldrig varit verksam,Okänd,00000,Östersund,Jämtland,Östersund,LINVÄGEN 23,831 75,ÖSTERSUND,,,Har aldrig varit registrerad för F-skatt,Har aldrig varit registrerad för moms,Är registrerad som privatarbetsgivare,0 anställda,Postadress är OK,"Tar emot reklam, ej telefonnummerspärrat"
8505186943,198505186943,"Örjansdotter Orr, Sophie",,Fysiska personer,Ej aktiebolag,2026-04-07,2026-04-07,,Normalläge,Är verksam,Primärvårdsmottagningar med läkare m.m.,86211,Malmö,Skåne,Malmö/Lund/Trelleborg,STORA TRÄDGÅRDSGATAN 9  LGH 1101,211 28,MALMÖ,,,Är registrerad för F-skatt,Är registrerad för moms,Har aldrig varit registrerad som arbetsgivare,0 anställda,Postadress är OK,"Tar emot reklam, ej telefonnummerspärrat"
8506234957,198506234957,"Möller, Anders",,Fysiska personer,Ej aktiebolag,2026-04-07,,,Normalläge,Har aldrig varit verksam,Okänd,00000,Lerum,Västra Götaland,Göteborg,CARLSBERGSVÄGEN 11,429 42,SÄRÖ,,,Har aldrig varit registrerad för F-skatt,Har aldrig varit registrerad för moms,Är registrerad som privatarbetsgivare,0 anställda,Postadress är OK,"Tar emot reklam, ej telefonnummerspärrat"
8507203837,198507203837,"Dbiri, Rachid",,Fysiska personer,Ej aktiebolag,2026-04-07,2026-04-07,,Normalläge,Är verksam,Lokalvård,81210,Malmö,Skåne,Malmö/Lund/Trelleborg,KOLLEGIEGATAN 6 D LGH 1002,214 54,MALMÖ,,,Är registrerad för F-skatt,Har aldrig varit registrerad för moms,Har aldrig varit registrerad som arbetsgivare,0 anställda,Postadress är OK,"Tar emot reklam, ej telefonnummerspärrat"
8510025680,198510025680,"Nasir, Saddiqa",,Fysiska personer,Ej aktiebolag,2026-04-07,2026-04-07,,Normalläge,Är verksam,Datakonsultverksamhet,62201,Malmö,Skåne,Malmö/Lund/Trelleborg,KLÅGERUPSVÄGEN 367,212 36,MALMÖ,,,Är registrerad för F-skatt,Är registrerad för moms,Har aldrig varit registrerad som arbetsgivare,0 anställda,Postadress är OK,"Tar emot reklam, ej telefonnummerspärrat"
8510242632,198510242632,"Chalon, Vincent",,Fysiska personer,Ej aktiebolag,2026-04-07,2026-04-07,,Normalläge,Är verksam,Okänd,00000,Örnsköldsvik,Västernorrland,Örnsköldsvik,LÅNGVIKEN 104,897 92,TREHÖRNINGSJÖ,,,Är registrerad för F-skatt,Har aldrig varit registrerad för moms,Har aldrig varit registrerad som arbetsgivare,0 anställda,Postadress är OK,"Tar emot reklam, ej telefonnummerspärrat"
8601208393,198601208393,"Slezak, Sebastian Bogumil",,Fysiska personer,Ej aktiebolag,2026-04-07,2026-04-07,,Normalläge,Är verksam,Tillhandahållande av konsumenttjänster i hemmet,96910,Ludvika,Dalarna,Ludvika,KVARNHEDSVÄGEN 29,770 14,NYHAMMAR,,,Har aldrig varit registrerad för F-skatt,Har aldrig varit registrerad för moms,Är registrerad som vanlig arbetsgivare,0 anställda,Postadress är OK,"Tar emot reklam, ej telefonnummerspärrat"
8601245924,198601245924,"Wetterström, Johanna",,Fysiska personer,Ej aktiebolag,2026-04-07,2026-04-07,,Normalläge,Är verksam,Diverse övriga konsumenttjänster,96990,Skövde,Västra Götaland,Skövde,KAPELLGÅRDSGATAN 4 E LGH 1001,549 66,SKÖVDE,,,Är registrerad för F-skatt,Är registrerad för moms,Har aldrig varit registrerad som arbetsgivare,0 anställda,Postadress är OK,"Tar emot reklam, ej telefonnummerspärrat"
8601290045,198601290045,"Götesjö, Magdalena",,Fysiska personer,Ej aktiebolag,2026-04-07,2026-04-07,,Normalläge,Är verksam,"Odling av spannmål (utom ris), baljväxter och oljeväxter",01110,Lidköping,Västra Götaland,Lidköping/Skara,LAVAD BOTORP ÄNGEN 1,530 30,TUN,,,Är registrerad för F-skatt,Har aldrig varit registrerad för moms,Har aldrig varit registrerad som arbetsgivare,0 anställda,Postadress är OK,"Tar emot reklam, ej telefonnummerspärrat"
8601307575,198601307575,"Alasmi, Zedoun",,Fysiska personer,Ej aktiebolag,2026-04-07,2026-04-07,,Normalläge,Är verksam,Styckning av kött,10112,Halmstad,Halland,Halmstad,STÅLGATAN 36  LGH 1002,302 20,HALMSTAD,,,Är registrerad för F-skatt,Har aldrig varit registrerad för moms,Har aldrig varit registrerad som arbetsgivare,0 anställda,Postadress är OK,"Tar emot reklam, ej telefonnummerspärrat"
8605297210,198605297210,"Grgic, Tomislav",,Fysiska personer,Ej aktiebolag,2026-04-07,2026-04-07,,Normalläge,Är verksam,Scenkonst,90200,Mölndal,Västra Götaland,Göteborg,DALBOGATAN 3 B LGH 1102,431 38,MÖLNDAL,,,Är registrerad för F-skatt,Är registrerad för moms,Har aldrig varit registrerad som arbetsgivare,0 anställda,Postadress är OK,"Tar emot reklam, ej telefonnummerspärrat"
8606061060,198606061060,"Gustafsson, Monika",MG Coaching,Fysiska personer,Ej aktiebolag,2026-04-07,2026-04-07,,Normalläge,Är verksam,"Psykologi- och psykoterapiverksamhet, utom läkare",86930,Linköping,Östergötland,Linköping,RYDSVÄGEN 318 B LGH 1001,584 39,LINKÖPING,monikagustafsson86@gmail.com,,Är registrerad för F-skatt,Har aldrig varit registrerad för moms,Har aldrig varit registrerad som arbetsgivare,0 anställda,Postadress är OK,"Tar emot reklam, ej telefonnummerspärrat"
8606175266,198606175266,"Pontes Da Silva, Luciana",,Fysiska personer,Ej aktiebolag,2026-04-07,2026-04-07,,Normalläge,Är verksam,Bildkonst,90120,Skövde,Västra Götaland,Skövde,LILLEGÅRDSVÄGEN 23  LGH 1401,549 42,SKÖVDE,,,Är registrerad för F-skatt,Har aldrig varit registrerad för moms,Har aldrig varit registrerad som arbetsgivare,0 anställda,Postadress är OK,"Tar emot reklam, ej telefonnummerspärrat"
8607166363,198607166363,"Ringsby, Jenny",,Fysiska personer,Ej aktiebolag,2026-04-07,2026-04-07,,Normalläge,Är verksam,Skötsel och underhåll av grönytor,81300,Arvika,Värmland,Arvika,BJURBÄCKEN BRÅTEN 1,671 96,MANGSKOG,,,Är registrerad för F-skatt,Är registrerad för moms,Har aldrig varit registrerad som arbetsgivare,0 anställda,Postadress är OK,"Tar emot reklam, ej telefonnummerspärrat"
8609045656,198609045656,"Persson, Johan",,Fysiska personer,Ej aktiebolag,2026-04-07,2026-04-07,,Normalläge,Är verksam,Litterärt skapande och musikkomposition,90110,Borås,Västra Götaland,Borås,SVEDJEGATAN 35  LGH 1102,504 45,BORÅS,,,Är registrerad för F-skatt,Har aldrig varit registrerad för moms,Har aldrig varit registrerad som arbetsgivare,0 anställda,Postadress är OK,"Tar emot reklam, ej telefonnummerspärrat"
8609284800,198609284800,"Thomte Andell, Andrea",,Fysiska personer,Ej aktiebolag,2026-04-07,2026-04-07,,Normalläge,Är verksam,Scenkonst,90200,Göteborg,Västra Götaland,Göteborg,RÅSTENSGATAN 16,416 53,GÖTEBORG,,,Är registrerad för F-skatt,Är registrerad för moms,Har aldrig varit registrerad som arbetsgivare,0 anställda,Postadress är OK,"Tar emot reklam, ej telefonnummerspärrat"
8610305958,198610305958,"Lundberg, Anders",,Fysiska personer,Ej aktiebolag,2026-04-07,2026-04-07,,Normalläge,Är verksam,Uppfödning av andra nötkreatur och bufflar,01420,Skara,Västra Götaland,Lidköping/Skara,EGGBY SANDTORP 1,532 92,AXVALL,,,Är registrerad för F-skatt,Är registrerad för moms,Har aldrig varit registrerad som arbetsgivare,0 anställda,Postadress är OK,"Tar emot reklam, ej telefonnummerspärrat"
8611110035,198611110035,"Lundström, Markus",,Fysiska personer,Ej aktiebolag,2026-04-07,,,Normalläge,Har aldrig varit verksam,Okänd,00000,Haninge,Stockholm,Stockholm/Södertälje,ALFABETSVÄGEN 71,136 69,VENDELSÖ,,,Har aldrig varit registrerad för F-skatt,Har aldrig varit registrerad för moms,Är registrerad som privatarbetsgivare,0 anställda,Postadress är OK,"Tar emot reklam, ej telefonnummerspärrat"
8611196414,198611196414,"Tahiri, Elvahar",,Fysiska personer,Ej aktiebolag,2026-04-07,2026-04-07,,Normalläge,Är verksam,Teknisk konsultverksamhet inom bygg- och anläggningsteknik,71121,Västerås,Västmanland,Västerås,BANGATAN 17  LGH 1201,722 28,VÄSTERÅS,,,Är registrerad för F-skatt,Är registrerad för moms,Har aldrig varit registrerad som arbetsgivare,0 anställda,Postadress är OK,"Tar emot reklam, ej telefonnummerspärrat"
8612262611,198612262611,"Dahman, Mahmoud Mohammad Said",,Fysiska personer,Ej aktiebolag,2026-04-07,2026-04-07,,Normalläge,Är verksam,Partihandel med metallavfall och metallskrot,46872,Gävle,Gävleborg,Gävle/Sandviken,SÖDRA FISKARGATAN 16  LGH 1203,802 80,GÄVLE,,,Är registrerad för F-skatt,Är registrerad för moms,Har aldrig varit registrerad som arbetsgivare,0 anställda,Postadress är OK,"Tar emot reklam, ej telefonnummerspärrat"
8703110596,198703110596,"Sandberg, Kristoffer",,Fysiska personer,Ej aktiebolag,2026-04-07,2026-04-07,,Normalläge,Är verksam,Allmän service och reparation av motorfordon utom motorcyklar,95311,Haninge,Stockholm,Stockholm/Södertälje,BERGVÄGEN 5,148 95,MUSKÖ,,,Är registrerad för F-skatt,Är registrerad för moms,Har aldrig varit registrerad som arbetsgivare,0 anställda,Postadress är OK,"Tar emot reklam, ej telefonnummerspärrat"
8704226995,198704226995,"Lindberg, Oskar",,Fysiska personer,Ej aktiebolag,2026-04-07,2026-04-07,,Normalläge,Är verksam,"Provisionshandel med bränsle, malm, metaller och industrikemikalier",46120,Stockholm,Stockholm,Stockholm/Södertälje,LINGVÄGEN 184  LGH 1602,123 61,FARSTA,,,Är registrerad för F-skatt,Är registrerad för moms,Har aldrig varit registrerad som arbetsgivare,0 anställda,Postadress är OK,"Tar emot reklam, ej telefonnummerspärrat"
8705157553,198705157553,"Holmquist, Victor",,Fysiska personer,Ej aktiebolag,2026-04-07,2026-04-07,,Normalläge,Är verksam,Skogsförvaltning,02101,Sundsvall,Västernorrland,Sundsvall,KONVOJVÄGEN 19,865 33,ALNÖ,,,Har aldrig varit registrerad för F-skatt,Är registrerad för moms,Har aldrig varit registrerad som arbetsgivare,0 anställda,Postadress är OK,"Tar emot reklam, ej telefonnummerspärrat"
8705190182,198705190182,"Lalli, Victoria",,Fysiska personer,Ej aktiebolag,2026-04-07,2026-04-07,,Normalläge,Är verksam,Övrig specialiserad detaljhandel,47789,Strängnäs,Södermanland,Eskilstuna,JAKOB ULFSSONS VÄG 8 B LGH 1304,647 32,MARIEFRED,,,Är registrerad för F-skatt,Är registrerad för moms,Har aldrig varit registrerad som arbetsgivare,0 anställda,Postadress är OK,"Tar emot reklam, ej telefonnummerspärrat"
8706165076,198706165076,"Eskilsson, Tobias",,Fysiska personer,Ej aktiebolag,2026-04-07,2026-04-07,,Normalläge,Är verksam,"Detaljhandel med datorer, programvara, data- och tv-spel",47401,Ale,Västra Götaland,Göteborg,KUNGSVÄGEN 20,446 91,ALVHEM,,,Är registrerad för F-skatt,Är registrerad för moms,Har aldrig varit registrerad som arbetsgivare,0 anställda,Postadress är OK,"Tar emot reklam, ej telefonnummerspärrat"
8707040740,198707040740,"Bozoki, Eva",,Fysiska personer,Ej aktiebolag,2026-04-07,2026-04-07,,Normalläge,Är verksam,Detaljhandel med kontorsförbrukningsvaror,47622,Mullsjö,Jönköping,Jönköping,BJÖRKÄNGSVÄGEN 20,565 32,MULLSJÖ,,,Är registrerad för F-skatt,Är registrerad för moms,Har aldrig varit registrerad som arbetsgivare,0 anställda,Postadress är OK,"Tar emot reklam, ej telefonnummerspärrat"
8709047552,198709047552,"Barresäter Stenberg, Tobias",,Fysiska personer,Ej aktiebolag,2026-04-07,2026-04-07,,Normalläge,Är verksam,Mark- och grundarbeten,43120,Falköping,Västra Götaland,Falköping,VILSKE-KLEVA HÄSSLET 1,521 94,FALKÖPING,,,Är registrerad för F-skatt,Är registrerad för moms,Har aldrig varit registrerad som arbetsgivare,0 anställda,Postadress är OK,"Tar emot reklam, ej telefonnummerspärrat"
8709048253,198709048253,"Belasco De Almeida, Marcos Paulo",,Fysiska personer,Ej aktiebolag,2026-04-07,2026-04-07,,Normalläge,Är verksam,Dataprogrammering,62100,Sundbyberg,Stockholm,Stockholm/Södertälje,HALLONBERGSVÄGEN 2 C LGH 1401,174 53,SUNDBYBERG,,,Är registrerad för F-skatt,Är registrerad för moms,Har aldrig varit registrerad som arbetsgivare,0 anställda,Postadress är OK,"Tar emot reklam, ej telefonnummerspärrat"
8709176310,198709176310,"van Erp, Remicius Lambertus Willibro",,Fysiska personer,Ej aktiebolag,2026-04-07,2026-04-07,,Normalläge,Är verksam,Uppfödning av andra nötkreatur och bufflar,01420,Sunne,Värmland,Karlstad,SÖDRA ÅS 39  HAGA,686 96,ÖSTRA ÄMTERVIK,,,Är registrerad för F-skatt,Är registrerad för moms,Har aldrig varit registrerad som arbetsgivare,0 anställda,Postadress är OK,"Tar emot reklam, ej telefonnummerspärrat"
8709254653,198709254653,"Svensson, Filip",,Fysiska personer,Ej aktiebolag,2026-04-07,2026-04-07,,Normalläge,Är verksam,Andra bygginstallationer,43240,Tingsryd,Kronoberg,Växjö,INLOCKAHULT 15,362 96,RYD,,,Är registrerad för F-skatt,Är registrerad för moms,Har aldrig varit registrerad som arbetsgivare,0 anställda,Postadress är OK,"Tar emot reklam, ej telefonnummerspärrat"
8710248512,198710248512,"Nilsson, Lars",,Fysiska personer,Ej aktiebolag,2026-04-07,2026-04-07,,Normalläge,Är verksam,Stödverksamhet avseende växtodling,01610,Nordmaling,Västerbotten,Umeå,RANNINGEN 23,914 95,GRÄSMYR,,,Är registrerad för F-skatt,Är registrerad för moms,Har aldrig varit registrerad som arbetsgivare,0 anställda,Postadress är OK,"Tar emot reklam, ej telefonnummerspärrat"
8712094047,198712094047,"Fråstad, Emelie",,Fysiska personer,Ej aktiebolag,2026-04-07,2026-04-07,,Normalläge,Är verksam,"Tillverkning av kakao, choklad- och sockerkonfektyrer",10820,Vänersborg,Västra Götaland,Trollhättan/Vänersborg,SIVIKEN 900,462 91,VÄNERSBORG,,,Har aldrig varit registrerad för F-skatt,Är registrerad för moms,Har aldrig varit registrerad som arbetsgivare,0 anställda,Postadress är OK,"Tar emot reklam, ej telefonnummerspärrat"
8802298524,198802298524,"Höglander, Jeanette",,Fysiska personer,Ej aktiebolag,2026-04-07,2026-04-07,,Normalläge,Är verksam,Skogsförvaltning,02101,Nordmaling,Västerbotten,Umeå,SUNNANSJÖ 58,914 91,NORDMALING,,,Har aldrig varit registrerad för F-skatt,Är registrerad för moms,Har aldrig varit registrerad som arbetsgivare,0 anställda,Postadress är OK,"Tar emot reklam, ej telefonnummerspärrat"
8804131475,198804131475,"Grindberg, Oskar",,Fysiska personer,Ej aktiebolag,2026-04-07,2026-04-07,,Normalläge,Är verksam,Skogsförvaltning,02101,Enköping,Uppsala,Enköping,TORSTUNA-TIBBLE 17  ÄNGVALLEN,749 72,FJÄRDHUNDRA,,,Är registrerad för F-skatt,Är registrerad för moms,Har aldrig varit registrerad som arbetsgivare,0 anställda,Postadress är OK,"Tar emot reklam, ej telefonnummerspärrat"
8804247172,198804247172,"Olsson, Kristoffer",,Fysiska personer,Ej aktiebolag,2026-04-07,2026-04-07,,Normalläge,Är verksam,Skogsförvaltning,02101,Gotland,Gotland,Visby,HEJNUM MALLGÅRDS 170,624 38,TINGSTÄDE,,,Är registrerad för F-skatt,Är registrerad för moms,Har aldrig varit registrerad som arbetsgivare,0 anställda,Postadress är OK,"Tar emot reklam, ej telefonnummerspärrat"
8805061911,198805061911,"Kringstad, Olof",,Fysiska personer,Ej aktiebolag,2026-04-07,2026-04-07,,Normalläge,Är verksam,Skogsförvaltning,02101,Falun,Dalarna,Borlänge/Falun,LARSARVET 54,790 20,GRYCKSBO,,,Har aldrig varit registrerad för F-skatt,Är registrerad för moms,Har aldrig varit registrerad som arbetsgivare,0 anställda,Postadress är OK,"Tar emot reklam, ej telefonnummerspärrat"
8805179044,198805179044,"Muhialdin, Hibbe",,Fysiska personer,Ej aktiebolag,2026-04-07,2026-04-07,,Normalläge,Är verksam,Byggande av bostadshus och andra byggnader,41000,Åstorp,Skåne,Helsingborg/Landskrona,ÄNGGATAN 19,265 35,ÅSTORP,,,Är registrerad för F-skatt,Är registrerad för moms,Har aldrig varit registrerad som arbetsgivare,0 anställda,Postadress är OK,"Tar emot reklam, ej telefonnummerspärrat"
8805228221,198805228221,"Lindgren, Renée",,Fysiska personer,Ej aktiebolag,2026-04-07,,,Normalläge,Har aldrig varit verksam,Okänd,00000,Östersund,Jämtland,Östersund,LINVÄGEN 23,831 75,ÖSTERSUND,,,Har aldrig varit registrerad för F-skatt,Har aldrig varit registrerad för moms,Är registrerad som privatarbetsgivare,0 anställda,Postadress är OK,"Tar emot reklam, ej telefonnummerspärrat"
8805272955,198805272955,"Kasselstrand, Linus",,Fysiska personer,Ej aktiebolag,2026-04-07,2026-04-07,,Normalläge,Är verksam,Skogsförvaltning,02101,Västervik,Kalmar,Västervik,KASINGE STORA LYCKTORP,594 73,ÖVERUM,,,Är registrerad för F-skatt,Är registrerad för moms,Har aldrig varit registrerad som arbetsgivare,0 anställda,Postadress är OK,"Tar emot reklam, ej telefonnummerspärrat"
8806101088,198806101088,"Suvorova, Ksenija",,Fysiska personer,Ej aktiebolag,2026-04-07,2026-04-07,,Normalläge,Är verksam,Sport- och fritidsutbildning,85510,Ulricehamn,Västra Götaland,Borås,JÄGAREGATAN 16 B LGH 1101,523 49,ULRICEHAMN,,,Är registrerad för F-skatt,Har aldrig varit registrerad för moms,Har aldrig varit registrerad som arbetsgivare,0 anställda,Postadress är OK,"Tar emot reklam, ej telefonnummerspärrat"
8807140036,198807140036,"Kulmala, Sebastian",,Fysiska personer,Ej aktiebolag,2026-04-07,2026-04-07,,Normalläge,Är verksam,Flyttjänster,49420,Strängnäs,Södermanland,Eskilstuna,MARIELUNDSVÄGEN 9,647 35,MARIEFRED,,,Är registrerad för F-skatt,Har aldrig varit registrerad för moms,Har aldrig varit registrerad som arbetsgivare,0 anställda,Postadress är OK,"Tar emot reklam, ej telefonnummerspärrat"
8807236453,198807236453,"Hoang, Hoa Tri",,Fysiska personer,Ej aktiebolag,2026-04-07,2026-04-07,,Normalläge,Är verksam,"Datainfrastruktur, databehandling, hosting o.d.",63100,Gnosjö,Jönköping,Värnamo,SÖDRA VÄGEN 17,335 32,GNOSJÖ,,,Är registrerad för F-skatt,Har aldrig varit registrerad för moms,Har aldrig varit registrerad som arbetsgivare,0 anställda,Postadress är OK,"Tar emot reklam, ej telefonnummerspärrat"
8807314185,198807314185,"De Vries, Minke",,Fysiska personer,Ej aktiebolag,2026-04-07,2026-04-07,,Normalläge,Är verksam,Mjölkproduktion och uppfödning av nötkreatur av mjölkras,01410,Kristianstad,Skåne,Kristianstad,FORSALIDSVÄGEN 5,297 32,DEGEBERGA,,,Är registrerad för F-skatt,Är registrerad för moms,Har aldrig varit registrerad som arbetsgivare,0 anställda,Postadress är OK,"Tar emot reklam, ej telefonnummerspärrat"
8808208303,198808208303,"Pereira da Silva Vieira, Nayara",,Fysiska personer,Ej aktiebolag,2026-04-07,2026-04-07,,Normalläge,Är verksam,Reklambyråverksamhet,73111,Oskarshamn,Kalmar,Oskarshamn,ISHULT STJÄRNEVIK 1,572 97,KRISTDALA,,,Är registrerad för F-skatt,Är registrerad för moms,Har aldrig varit registrerad som arbetsgivare,0 anställda,Postadress är OK,"Tar emot reklam, ej telefonnummerspärrat"
8808251568,198808251568,"Liya, Joyita Pankaj",,Fysiska personer,Ej aktiebolag,2026-04-07,2026-04-07,,Normalläge,Är verksam,"Övrig musik-, dans- och kulturell utbildning",85522,Solna,Stockholm,Stockholm/Södertälje,JUNGFRUDANSEN 7  LGH 1005,171 50,SOLNA,,,Är registrerad för F-skatt,Har aldrig varit registrerad för moms,Har aldrig varit registrerad som arbetsgivare,0 anställda,Postadress är OK,"Tar emot reklam, ej telefonnummerspärrat"
8811271645,198811271645,"Rodriguez Rosales, Patricia",,Fysiska personer,Ej aktiebolag,2026-04-07,2026-04-07,,Normalläge,Är verksam,Detaljhandel via internet eller postorder med brett sortiment,47123,Eskilstuna,Södermanland,Eskilstuna,SLÄGGVÄGEN 2,633 69,SKOGSTORP,,,Är registrerad för F-skatt,Är registrerad för moms,Har aldrig varit registrerad som arbetsgivare,0 anställda,Postadress är OK,"Tar emot reklam, ej telefonnummerspärrat"
8812243262,198812243262,"Nyberg, Emelie",,Fysiska personer,Ej aktiebolag,2026-04-07,2026-04-07,,Normalläge,Är verksam,"Uthyrning och förvaltning av egna eller arrenderade, andra lokaler",68203,Gotland,Gotland,Visby,HÖRSNE STORA MÖRBY 210,622 58,ROMAKLOSTER,,,Är registrerad för F-skatt,Är registrerad för moms,Har aldrig varit registrerad som arbetsgivare,0 anställda,Postadress är OK,"Tar emot reklam, ej telefonnummerspärrat"
8902256927,198902256927,"Lind, Essa",,Fysiska personer,Ej aktiebolag,2026-04-07,2026-04-07,,Normalläge,Är verksam,"Detaljhandel med blommor och andra växter, frön och gödselmedel",47761,Örebro,Örebro,Örebro,KLOCKARÄNGSVÄGEN 10  LGH 1102,703 75,ÖREBRO,,,Är registrerad för F-skatt,Har aldrig varit registrerad för moms,Har aldrig varit registrerad som arbetsgivare,0 anställda,Postadress är OK,"Tar emot reklam, ej telefonnummerspärrat"
8903122953,198903122953,"Jonsson, Christoffer",,Fysiska personer,Ej aktiebolag,2026-04-07,2026-04-07,,Normalläge,Är verksam,Övrig förvaltning av egna eller arrenderade fastigheter,68209,Falköping,Västra Götaland,Falköping,BOTVIDSGATAN 4 A LGH 1001,521 47,FALKÖPING,,,Är registrerad för F-skatt,Har aldrig varit registrerad för moms,Har aldrig varit registrerad som arbetsgivare,0 anställda,Postadress är OK,"Tar emot reklam, ej telefonnummerspärrat"
8903163619,198903163619,"Johansson, Martin",MÄTAB,Fysiska personer,Ej aktiebolag,2026-04-07,,,Normalläge,Har aldrig varit verksam,Okänd,00000,Östra Göinge,Skåne,Kristianstad,BÖDKAREGATAN 39,289 40,BROBY,,,Har aldrig varit registrerad för F-skatt,Har aldrig varit registrerad för moms,Har aldrig varit registrerad som arbetsgivare,0 anställda,Postadress är OK,"Tar emot reklam, ej telefonnummerspärrat"
8903221995,198903221995,"Hallberg, Robin",,Fysiska personer,Ej aktiebolag,2026-04-07,2026-04-07,,Normalläge,Är verksam,Vattenbyggnad,42910,Motala,Östergötland,Mjölby/Motala,KLOCKAREVÄGEN 21,591 50,MOTALA,,,Är registrerad för F-skatt,Är registrerad för moms,Har aldrig varit registrerad som arbetsgivare,0 anställda,Postadress är OK,"Tar emot reklam, ej telefonnummerspärrat"
8903233214,198903233214,"Samuelsson, Alexander",,Fysiska personer,Ej aktiebolag,2026-04-07,2026-04-07,,Normalläge,Är verksam,Byggande av bostadshus och andra byggnader,41000,Gotland,Gotland,Visby,TRÄKUMLA INGVARDS 209 B,621 94,VISBY,,,Är registrerad för F-skatt,Är registrerad för moms,Har aldrig varit registrerad som arbetsgivare,0 anställda,Postadress är OK,"Tar emot reklam, ej telefonnummerspärrat"
8903280298,198903280298,"Mårtensson, Tomas",,Fysiska personer,Ej aktiebolag,2026-04-07,,,Normalläge,Har aldrig varit verksam,Okänd,00000,Norrtälje,Stockholm,Norrtälje,ARHOLMAGATAN 12 B LGH 1004,761 61,NORRTÄLJE,,,Har aldrig varit registrerad för F-skatt,Har aldrig varit registrerad för moms,Är registrerad som privatarbetsgivare,0 anställda,Postadress är OK,"Tar emot reklam, ej telefonnummerspärrat"
8904113738,198904113738,"Barre, Axel",,Fysiska personer,Ej aktiebolag,2026-04-07,2026-04-07,,Normalläge,Är verksam,Flyttjänster,49420,Göteborg,Västra Götaland,Göteborg,BACKADALEN 21  LGH 1002,422 62,HISINGS BACKA,,,Är registrerad för F-skatt,Har aldrig varit registrerad för moms,Har aldrig varit registrerad som arbetsgivare,0 anställda,Postadress är OK,"Tar emot reklam, ej telefonnummerspärrat"
8905200187,198905200187,"Landin, Sofie",,Fysiska personer,Ej aktiebolag,2026-04-07,2026-04-07,,Normalläge,Är verksam,Redovisning och bokföring; skatterådgivning,69201,Nynäshamn,Stockholm,Stockholm/Södertälje,FORNMINNESVÄGEN 7,148 60,STORA VIKA,,,Är registrerad för F-skatt,Har aldrig varit registrerad för moms,Har aldrig varit registrerad som arbetsgivare,0 anställda,Postadress är OK,"Tar emot reklam, ej telefonnummerspärrat"
8907042082,198907042082,"de Jong, Sharon",,Fysiska personer,Ej aktiebolag,2026-04-07,2026-04-07,,Normalläge,Är verksam,"Psykologi- och psykoterapiverksamhet, utom läkare",86930,Älmhult,Kronoberg,Växjö,GARANSHULT ÅNÄS 1,343 72,ENERYDA,,,Är registrerad för F-skatt,Har aldrig varit registrerad för moms,Har aldrig varit registrerad som arbetsgivare,0 anställda,Postadress är OK,"Tar emot reklam, ej telefonnummerspärrat"
8907170602,198907170602,"Alemi, Negin Tina",,Fysiska personer,Ej aktiebolag,2026-04-07,2026-04-07,,Normalläge,Är verksam,Skönhetsvård och andra skönhetsbehandlingar,96220,Göteborg,Västra Götaland,Göteborg,MÖLNDALSVÄGEN 87 D LGH 1102,412 84,GÖTEBORG,,,Är registrerad för F-skatt,Är registrerad för moms,Har aldrig varit registrerad som arbetsgivare,0 anställda,Postadress är OK,"Tar emot reklam, ej telefonnummerspärrat"
8908295069,198908295069,"Uvhage, Ellinor",,Fysiska personer,Ej aktiebolag,2026-04-07,2026-04-07,,Normalläge,Är verksam,"Detaljhandel med blommor och andra växter, frön och gödselmedel",47761,Ale,Västra Götaland,Göteborg,JORDKÄLLEVÄGEN 24,449 35,NÖDINGE,,,Är registrerad för F-skatt,Är registrerad för moms,Har aldrig varit registrerad som arbetsgivare,0 anställda,Postadress är OK,"Tar emot reklam, ej telefonnummerspärrat"
8909081930,198909081930,"Pettersson, Jacob",,Fysiska personer,Ej aktiebolag,2026-04-07,2026-04-07,,Normalläge,Är verksam,"Odling av spannmål (utom ris), baljväxter och oljeväxter",01110,Linköping,Östergötland,Linköping,UNNERSTAD ÖSTERGÅRD 1,583 60,GAMMALKIL,,,Är registrerad för F-skatt,Är registrerad för moms,Har aldrig varit registrerad som arbetsgivare,0 anställda,Postadress är OK,"Tar emot reklam, ej telefonnummerspärrat"
8909113667,198909113667,"Jakobsons, Ludmila",,Fysiska personer,Ej aktiebolag,2026-04-07,2026-04-07,,Normalläge,Är verksam,Fastighetsrelaterad stödverksamhet,81100,Hässleholm,Skåne,Hässleholm,NORRÄNGSGATAN 6,282 62,BJÄRNUM,,,Är registrerad för F-skatt,Är registrerad för moms,Har aldrig varit registrerad som arbetsgivare,0 anställda,Postadress är OK,"Tar emot reklam, ej telefonnummerspärrat"
8909215629,198909215629,"Modolo, Bryanna Louise",,Fysiska personer,Ej aktiebolag,2026-04-07,2026-04-07,,Normalläge,Är verksam,Turist- och bokningsverksamhet,79900,Vadstena,Östergötland,Mjölby/Motala,KLOSTERLEDSGATAN 11 B LGH 1001,592 32,VADSTENA,,,Är registrerad för F-skatt,Är registrerad för moms,Har aldrig varit registrerad som arbetsgivare,0 anställda,Postadress är OK,"Tar emot reklam, ej telefonnummerspärrat"
8910047581,198910047581,"Scherp, Moa",,Fysiska personer,Ej aktiebolag,2026-04-07,2026-04-07,,Normalläge,Är verksam,Grafisk design och visuell kommunikation,74120,Stockholm,Stockholm,Stockholm/Södertälje,ROSLAGSGATAN 11  LGH 1201,113 55,STOCKHOLM,,,Är registrerad för F-skatt,Är registrerad för moms,Har aldrig varit registrerad som arbetsgivare,0 anställda,Postadress är OK,"Tar emot reklam, ej telefonnummerspärrat"
8910051658,198910051658,"Andersson, Andreas",,Fysiska personer,Ej aktiebolag,2026-04-07,2026-04-07,,Normalläge,Är verksam,Allmän service och reparation av motorfordon utom motorcyklar,95311,Eskilstuna,Södermanland,Eskilstuna,LILLSTIGEN 4,635 36,ÄRLA,,,Är registrerad för F-skatt,Är registrerad för moms,Har aldrig varit registrerad som arbetsgivare,0 anställda,Postadress är OK,"Tar emot reklam, ej telefonnummerspärrat"
8911011461,198911011461,"Hallman, Nathalie",,Fysiska personer,Ej aktiebolag,2026-04-07,2026-04-07,,Normalläge,Är verksam,Annat konstnärligt skapande,90130,Stockholm,Stockholm,Stockholm/Södertälje,TJÄRHOVSGATAN 5  LGH 1202,116 21,STOCKHOLM,,,Är registrerad för F-skatt,Är registrerad för moms,Har aldrig varit registrerad som arbetsgivare,0 anställda,Postadress är OK,"Tar emot reklam, ej telefonnummerspärrat"
8911187048,198911187048,"Wallin, Amanda",,Fysiska personer,Ej aktiebolag,2026-04-07,2026-04-07,,Normalläge,Är verksam,Stödverksamhet avseende husdjursskötsel,01620,Fagersta,Västmanland,Fagersta,KYRKBÅTSVÄGEN 17,737 91,FAGERSTA,,,Är registrerad för F-skatt,Har aldrig varit registrerad för moms,Har aldrig varit registrerad som arbetsgivare,0 anställda,Postadress är OK,"Tar emot reklam, ej telefonnummerspärrat"
8911230046,198911230046,"Kringstad, Hanne",,Fysiska personer,Ej aktiebolag,2026-04-07,2026-04-07,,Normalläge,Är verksam,Skogsförvaltning,02101,Falun,Dalarna,Borlänge/Falun,LARSARVET 54,790 20,GRYCKSBO,,,Har aldrig varit registrerad för F-skatt,Är registrerad för moms,Har aldrig varit registrerad som arbetsgivare,0 anställda,Postadress är OK,"Tar emot reklam, ej telefonnummerspärrat"
8912013631,198912013631,"Ahmad, Ahmad",Nordonex,Fysiska personer,Ej aktiebolag,2026-04-07,2026-04-07,,Normalläge,Är verksam,Allmän service och reparation av motorfordon utom motorcyklar,95311,Nybro,Kalmar,Kalmar/Nybro,ÄLVSTIGEN 19,382 37,NYBRO,nordic.drive.pro@gmail.com,,Är registrerad för F-skatt,Har aldrig varit registrerad för moms,Har aldrig varit registrerad som arbetsgivare,0 anställda,Postadress är OK,"Tar emot reklam, ej telefonnummerspärrat"
8912745356,198912745356,"Stracar, Patrik",,Fysiska personer,Ej aktiebolag,2026-04-07,2026-04-07,,Normalläge,Är verksam,Elinstallationer,43210,Kommunkod saknas,Län okänd,A-region okänd,HANTVERKARGATAN 33,803 23,GÄVLE,,,Är registrerad för F-skatt,Har aldrig varit registrerad för moms,Har aldrig varit registrerad som arbetsgivare,0 anställda,Postadress är OK,"Tar emot reklam, ej telefonnummerspärrat"
9340125815,169340125815,GUNNARSGÅRDEN SPANNMÅL,,Enkla bolag,Ej aktiebolag,2026-04-07,2026-04-07,,Normalläge,Är verksam,Okänd,00000,Lidköping,Västra Götaland,Lidköping/Skara,LAVAD BOTORP ÄNGEN 1,530 30,TUN,,,Har aldrig varit registrerad för F-skatt,Är registrerad för moms via representant,Har aldrig varit registrerad som arbetsgivare,0 anställda,Postadress är OK,"Tar emot reklam, ej telefonnummerspärrat"
9340125823,169340125823,SÖRGÅRDENS LANTBRUK,,Enkla bolag,Ej aktiebolag,2026-04-07,2026-04-07,,Normalläge,Är verksam,Okänd,00000,Falköping,Västra Götaland,Falköping,BORGUNDA SÖRGÅRDEN 2,521 62,STENSTORP,,,Har aldrig varit registrerad för F-skatt,Är registrerad för moms via representant,Har aldrig varit registrerad som arbetsgivare,0 anställda,Postadress är OK,"Tar emot reklam, ej telefonnummerspärrat"
9340125831,169340125831,GÅSABO 1:18,,Enkla bolag,Ej aktiebolag,2026-04-07,2026-04-07,,Normalläge,Är verksam,Okänd,00000,Torsås,Kalmar,Kalmar/Nybro,ELLEDALSGATAN 7 C LGH 1202,385 31,TORSÅS,,,Har aldrig varit registrerad för F-skatt,Är registrerad för moms via representant,Har aldrig varit registrerad som arbetsgivare,0 anställda,Postadress är OK,"Tar emot reklam, ej telefonnummerspärrat"
9340125849,169340125849,RÖSSEL FÖRVALTNING,,Enkla bolag,Ej aktiebolag,2026-04-07,2026-04-07,,Normalläge,Är verksam,Okänd,00000,Halmstad,Halland,Halmstad,ARNARP 399,305 94,HALMSTAD,,,Har aldrig varit registrerad för F-skatt,Är registrerad för moms via representant,Är registrerad som arbetsgivare via representant,0 anställda,Postadress är OK,"Tar emot reklam, ej telefonnummerspärrat"
9340125856,169340125856,GUNNAR OCH CHRISTER FRIBERG,,Enkla bolag,Ej aktiebolag,2026-04-07,2026-04-07,,Normalläge,Är verksam,Okänd,00000,Essunga,Västra Götaland,Lidköping/Skara,ESSUNGA ERSTORP 430,465 94,NOSSEBRO,,,Har aldrig varit registrerad för F-skatt,Är registrerad för moms via representant,Har aldrig varit registrerad som arbetsgivare,0 anställda,Postadress är OK,"Tar emot reklam, ej telefonnummerspärrat"
9340125864,169340125864,IGELSTA GRIS,,Enkla bolag,Ej aktiebolag,2026-04-07,2026-04-07,,Normalläge,Är verksam,Okänd,00000,Västerås,Västmanland,Västerås,TILLBERGA IGELSTA 2,725 95,VÄSTERÅS,,,Har aldrig varit registrerad för F-skatt,Är registrerad för moms via representant,Är registrerad som arbetsgivare via representant,0 anställda,Postadress är OK,"Tar emot reklam, ej telefonnummerspärrat"
9340125872,169340125872,KLOCKARGÅRD 4:5,,Enkla bolag,Ej aktiebolag,2026-04-07,2026-04-13,,Normalläge,Är verksam,Okänd,00000,Vetlanda,Jönköping,Eksjö/Nässjö/Vetlanda,SLAGERYD ÖSTERGÅRD 33,574 75,KORSBERGA,,,Har aldrig varit registrerad för F-skatt,Är registrerad för moms via representant,Har aldrig varit registrerad som arbetsgivare,0 anställda,Postadress är OK,"Tar emot reklam, ej telefonnummerspärrat"
9698044451,169698044451,Adelswärd Clothing Handelsbolag,,"Handelsbolag, kommanditbolag",Ej aktiebolag,2026-04-07,,,Normalläge,Har aldrig varit verksam,Okänd,00000,Västerås,Västmanland,Västerås,POSEIDONGATAN 3,723 57,VÄSTERÅS,Seanedenp@gmail.com,,Har aldrig varit registrerad för F-skatt,Har aldrig varit registrerad för moms,Har aldrig varit registrerad som arbetsgivare,0 anställda,Postadress är OK,"Tar emot reklam, ej telefonnummerspärrat"
9698044469,169698044469,RusseNights Handelsbolag,,"Handelsbolag, kommanditbolag",Ej aktiebolag,2026-04-07,,,Normalläge,Har aldrig varit verksam,Okänd,00000,Täby,Stockholm,Stockholm/Södertälje,RUNBORGSVÄGEN 39,187 72,TÄBY,,,Har aldrig varit registrerad för F-skatt,Har aldrig varit registrerad för moms,Har aldrig varit registrerad som arbetsgivare,0 anställda,Postadress är OK,"Tar emot reklam, ej telefonnummerspärrat"
9698044477,169698044477,Souban och Aiman Mat Handelsbolag,,"Handelsbolag, kommanditbolag",Ej aktiebolag,2026-04-07,,,Normalläge,Har aldrig varit verksam,Okänd,00000,Östersund,Jämtland,Östersund,BERGSGATAN 2 C LGH 1002 FRÖSÖN,832 41,FRÖSÖN,chaudhrysouban786@gmail.com,,Har aldrig varit registrerad för F-skatt,Har aldrig varit registrerad för moms,Har aldrig varit registrerad som arbetsgivare,0 anställda,Postadress är OK,"Tar emot reklam, ej telefonnummerspärrat"
9698044485,169698044485,Måns & Eriks Terrasstvätt Handelsbolag,,"Handelsbolag, kommanditbolag",Ej aktiebolag,2026-04-07,,,Normalläge,Har aldrig varit verksam,Okänd,00000,Vellinge,Skåne,Malmö/Lund/Trelleborg,MÖLLEVÄGEN 25 F,236 31,HÖLLVIKEN,mans.hagglof@icloud.com,,Har aldrig varit registrerad för F-skatt,Har aldrig varit registrerad för moms,Har aldrig varit registrerad som arbetsgivare,0 anställda,Postadress är OK,"Tar emot reklam, ej telefonnummerspärrat"
9698044493,169698044493,Handelsbolag Lettonia,,"Handelsbolag, kommanditbolag",Ej aktiebolag,2026-04-07,,,Normalläge,Har aldrig varit verksam,Okänd,00000,Bengtsfors,Västra Götaland,Säffle/Åmål,HÖGSVÄGEN 14  HARALDS FELDMANIS,666 41,BILLINGSFORS,h.feldman1711@gmail.com,,Har aldrig varit registrerad för F-skatt,Har aldrig varit registrerad för moms,Har aldrig varit registrerad som arbetsgivare,0 anställda,Postadress är OK,"Tar emot reklam, ej telefonnummerspärrat"
9698044501,169698044501,KINGS nällevad Handelsbolag,,"Handelsbolag, kommanditbolag",Ej aktiebolag,2026-04-07,,,Normalläge,Har aldrig varit verksam,Okänd,00000,Skurup,Skåne,Ystad/Simrishamn,LÖNNVÄGEN 4,274 31,SKURUP,,,Har aldrig varit registrerad för F-skatt,Har aldrig varit registrerad för moms,Har aldrig varit registrerad som arbetsgivare,0 anställda,Postadress är OK,"Tar emot reklam, ej telefonnummerspärrat"
9698044519,169698044519,JL Ekonomitjänst Kommanditbolag,,"Handelsbolag, kommanditbolag",Ej aktiebolag,2026-04-07,,,Normalläge,Har aldrig varit verksam,Okänd,00000,Hylte,Halland,Halmstad,KVARNVÄGEN 10,314 31,HYLTEBRUK,janetta.lonnberg@hotmail.com,,Har aldrig varit registrerad för F-skatt,Har aldrig varit registrerad för moms,Har aldrig varit registrerad som arbetsgivare,0 anställda,Postadress är OK,"Tar emot reklam, ej telefonnummerspärrat"
9698044527,169698044527,AAS Services Handelsbolag,,"Handelsbolag, kommanditbolag",Ej aktiebolag,2026-04-07,,,Normalläge,Har aldrig varit verksam,Okänd,00000,Uppsala,Uppsala,Uppsala,BRUNO LILJEFORSGATAN 57  LGH 1404,754 29,UPPSALA,Sheikazeem000@gmail.com,,Har aldrig varit registrerad för F-skatt,Har aldrig varit registrerad för moms,Har aldrig varit registrerad som arbetsgivare,0 anställda,Postadress är OK,"Tar emot reklam, ej telefonnummerspärrat"
9002051473,199002051473,"Berglund, Roger",,Fysiska personer,Ej aktiebolag,2026-04-07,2026-04-07,,Normalläge,Är verksam,Beläggning och överdragning av metall,25510,Umeå,Västerbotten,Umeå,TALLSTIGEN 7,918 31,SÄVAR,Roger@lube-tools.se,,Är registrerad för F-skatt,Är registrerad för moms,Har aldrig varit registrerad som arbetsgivare,0 anställda,Postadress är OK,"Tar emot reklam, ej telefonnummerspärrat"
9003141448,199003141448,"Hansson, Tekla",,Fysiska personer,Ej aktiebolag,2026-04-07,2026-04-07,,Normalläge,Är verksam,Lokalvård,81210,Kalix,Norrbotten,Haparanda/Kalix,SVEDJEVÄGEN 8,952 50,KALIX-NYBORG,,,Är registrerad för F-skatt,Har aldrig varit registrerad för moms,Har aldrig varit registrerad som arbetsgivare,0 anställda,Postadress är OK,"Tar emot reklam, ej telefonnummerspärrat"
9003155588,199003155588,"Al Ghoul, Fatima Fayez",,Fysiska personer,Ej aktiebolag,2026-04-07,2026-04-07,,Normalläge,Är verksam,Detaljhandel med frukt och grönsaker,47210,Stockholm,Stockholm,Stockholm/Södertälje,IDHOLMSVÄGEN 21  LGH 1202,127 47,SKÄRHOLMEN,,,Är registrerad för F-skatt,Har aldrig varit registrerad för moms,Har aldrig varit registrerad som arbetsgivare,0 anställda,Postadress är OK,"Tar emot reklam, ej telefonnummerspärrat"
9003310290,199003310290,"Laokhot, Pakhiya",,Fysiska personer,Ej aktiebolag,2026-04-07,2026-04-07,,Normalläge,Är verksam,Annan övrig hälso- och sjukvård,86999,Emmaboda,Kalmar,Kalmar/Nybro,FOGDEGATAN 12,361 32,EMMABODA,,,Är registrerad för F-skatt,Är registrerad för moms,Har aldrig varit registrerad som arbetsgivare,0 anställda,Postadress är OK,"Tar emot reklam, ej telefonnummerspärrat"
9004305596,199004305596,"Orrhult, Filip",,Fysiska personer,Ej aktiebolag,2026-04-07,2026-04-07,,Normalläge,Är verksam,Ljudinspelning och musikutgivning,59200,Göteborg,Västra Götaland,Göteborg,LILLA TUNNLANDSGATAN 5  LGH 1305,414 77,GÖTEBORG,,,Är registrerad för F-skatt,Har aldrig varit registrerad för moms,Har aldrig varit registrerad som arbetsgivare,0 anställda,Postadress är OK,"Tar emot reklam, ej telefonnummerspärrat"
9005023933,199005023933,"Gunnarsson, Alexander",,Fysiska personer,Ej aktiebolag,2026-04-07,,,Normalläge,Har aldrig varit verksam,Okänd,00000,Härryda,Västra Götaland,Göteborg,RANDÅSVÄGEN 10,449 50,ALAFORS,,,Har aldrig varit registrerad för F-skatt,Har aldrig varit registrerad för moms,Är registrerad som privatarbetsgivare,0 anställda,Postadress är OK,"Tar emot reklam, ej telefonnummerspärrat"
9005251351,199005251351,"Widenberg, Alexander",,Fysiska personer,Ej aktiebolag,2026-04-07,2026-04-07,,Normalläge,Är verksam,Redovisning och bokföring; skatterådgivning,69201,Karlskoga,Örebro,Karlskoga,BJÄLLERVÄGEN 5,691 42,KARLSKOGA,,,Är registrerad för F-skatt,Har aldrig varit registrerad för moms,Har aldrig varit registrerad som arbetsgivare,0 anställda,Postadress är OK,"Tar emot reklam, ej telefonnummerspärrat"
9006149208,199006149208,"Petrova, Alina",,Fysiska personer,Ej aktiebolag,2026-04-07,2026-04-07,,Normalläge,Är verksam,Grafisk design och visuell kommunikation,74120,Sollentuna,Stockholm,Stockholm/Södertälje,VÄSJÖPROMENADEN 17  LGH 1201,192 48,SOLLENTUNA,,,Är registrerad för F-skatt,Har aldrig varit registrerad för moms,Har aldrig varit registrerad som arbetsgivare,0 anställda,Postadress är OK,"Tar emot reklam, ej telefonnummerspärrat"
9006214606,199006214606,"Eidvall, Maria",,Fysiska personer,Ej aktiebolag,2026-04-07,2026-04-07,,Normalläge,Är verksam,Odling av grönsaker (köksväxter) på friland,01133,Trosa,Södermanland,Nyköping,NORAVÄGEN UPPBRINK,619 94,VAGNHÄRAD,,,Är registrerad för F-skatt,Är registrerad för moms,Har aldrig varit registrerad som arbetsgivare,0 anställda,Postadress är OK,"Tar emot reklam, ej telefonnummerspärrat"
9007036453,199007036453,"Louisa, Alexander",,Fysiska personer,Ej aktiebolag,2026-04-07,2026-04-07,,Normalläge,Är verksam,Arrangemang av kongresser och mässor,82300,Malmö,Skåne,Malmö/Lund/Trelleborg,HYLLIE ALLÉ 2 S BV,215 36,MALMÖ,,,Är registrerad för F-skatt,Är registrerad för moms,Har aldrig varit registrerad som arbetsgivare,0 anställda,Postadress är OK,"Tar emot reklam, ej telefonnummerspärrat"
9007212906,199007212906,"Berntsson, Sofia",,Fysiska personer,Ej aktiebolag,2026-04-07,2026-04-07,,Normalläge,Är verksam,"Dagspa, bastu och ångbastu",96230,Kungälv,Västra Götaland,Göteborg,HÄLJERÖD 555,442 96,KODE,,,Är registrerad för F-skatt,Är registrerad för moms,Har aldrig varit registrerad som arbetsgivare,0 anställda,Postadress är OK,"Tar emot reklam, ej telefonnummerspärrat"
9009143430,199009143430,"Gustavsson, Ghert",,Fysiska personer,Ej aktiebolag,2026-04-07,2026-04-07,,Normalläge,Är verksam,Reparation och underhåll av maskiner,33120,Ulricehamn,Västra Götaland,Borås,SÖRUDDEN 102,565 93,MULLSJÖ,,,Är registrerad för F-skatt,Är registrerad för moms,Har aldrig varit registrerad som arbetsgivare,0 anställda,Postadress är OK,"Tar emot reklam, ej telefonnummerspärrat"
9009250169,199009250169,"Mukhammad, Zainab",,Fysiska personer,Ej aktiebolag,2026-04-07,2026-04-07,,Normalläge,Är verksam,Skönhetsvård och andra skönhetsbehandlingar,96220,Helsingborg,Skåne,Helsingborg/Landskrona,NÄRLUNDAVÄGEN 11  LGH 1804,252 75,HELSINGBORG,,,Är registrerad för F-skatt,Är registrerad för moms,Har aldrig varit registrerad som arbetsgivare,0 anställda,Postadress är OK,"Tar emot reklam, ej telefonnummerspärrat"
9010012426,199010012426,"McInerney, Clare",,Fysiska personer,Ej aktiebolag,2026-04-07,2026-04-07,,Normalläge,Är verksam,Litterärt skapande och musikkomposition,90110,Stockholm,Stockholm,Stockholm/Södertälje,RINGVÄGEN 103 A LGH 1305,118 60,STOCKHOLM,,,Är registrerad för F-skatt,Är registrerad för moms,Har aldrig varit registrerad som arbetsgivare,0 anställda,Postadress är OK,"Tar emot reklam, ej telefonnummerspärrat"
9010074152,199010074152,"Gustafsson, Tomas",,Fysiska personer,Ej aktiebolag,2026-04-07,2026-04-07,,Normalläge,Är verksam,Dataprogrammering,62100,Forshaga,Värmland,Karlstad,BRÄNSLAVÄGEN 12,667 30,FORSHAGA,,,Är registrerad för F-skatt,Är registrerad för moms,Har aldrig varit registrerad som arbetsgivare,0 anställda,Postadress är OK,"Tar emot reklam, ej telefonnummerspärrat"
9010160530,199010160530,"Malmberg, Filip",,Fysiska personer,Ej aktiebolag,2026-04-07,2026-04-07,,Normalläge,Är verksam,Mark- och grundarbeten,43120,Ale,Västra Götaland,Göteborg,DAMMEN 140,449 36,NÖDINGE,,,Är registrerad för F-skatt,Är registrerad för moms,Har aldrig varit registrerad som arbetsgivare,0 anställda,Postadress är OK,"Tar emot reklam, ej telefonnummerspärrat"
9011143089,199011143089,"Andersson, Sofia",,Fysiska personer,Ej aktiebolag,2026-04-07,,,Normalläge,Har aldrig varit verksam,Okänd,00000,Landskrona,Skåne,Helsingborg/Landskrona,DUVSTIGEN 20,261 41,LANDSKRONA,,,Har aldrig varit registrerad för F-skatt,Har aldrig varit registrerad för moms,Är registrerad som privatarbetsgivare,0 anställda,Postadress är OK,"Tar emot reklam, ej telefonnummerspärrat"
9011164432,199011164432,"Krüger, Pontus",,Fysiska personer,Ej aktiebolag,2026-04-07,2026-04-07,,Normalläge,Är verksam,Byggande av bostadshus och andra byggnader,41000,Österåker,Stockholm,Stockholm/Södertälje,SPORRSTIGEN 7 A,184 94,ÅKERSBERGA,,,Är registrerad för F-skatt,Är registrerad för moms,Har aldrig varit registrerad som arbetsgivare,0 anställda,Postadress är OK,"Tar emot reklam, ej telefonnummerspärrat"
9012103991,199012103991,"Al-Zabee, Ahmed",,Fysiska personer,Ej aktiebolag,2026-04-07,2026-04-07,,Normalläge,Är verksam,"Uthyrning och förvaltning av egna eller arrenderade, andra lokaler",68203,Skellefteå,Västerbotten,Skellefteå,BOLIDENGATAN 35,932 32,SKELLEFTEHAMN,,,Är registrerad för F-skatt,Är registrerad för moms,Har aldrig varit registrerad som arbetsgivare,0 anställda,Postadress är OK,"Tar emot reklam, ej telefonnummerspärrat"
9012138120,199012138120,"Dimasi, Rokhsar",,Fysiska personer,Ej aktiebolag,2026-04-07,2026-04-07,,Normalläge,Är verksam,Okänd,00000,Västerås,Västmanland,Västerås,GRANSÅNGARGATAN 33,724 71,VÄSTERÅS,,,Är registrerad för F-skatt,Har aldrig varit registrerad för moms,Har aldrig varit registrerad som arbetsgivare,0 anställda,Postadress är OK,"Tar emot reklam, ej telefonnummerspärrat"
9101085026,199101085026,"Pan, Yijia",,Fysiska personer,Ej aktiebolag,2026-04-07,2026-04-07,,Normalläge,Är verksam,Översättning och tolkning,74300,Stockholm,Stockholm,Stockholm/Södertälje,ÅGESTA BROVÄG 40  LGH 1101,123 50,FARSTA,,,Är registrerad för F-skatt,Har aldrig varit registrerad för moms,Har aldrig varit registrerad som arbetsgivare,0 anställda,Postadress är OK,"Tar emot reklam, ej telefonnummerspärrat"
9102162147,199102162147,"Ronström, Sofia",,Fysiska personer,Ej aktiebolag,2026-04-07,2026-04-07,,Normalläge,Är verksam,Uthyrning och förvaltning av egna eller arrenderade bostäder,68201,Heby,Uppsala,Sala,YTTERSÄVNE 509  VÄSTERGÅRDEN,744 91,HEBY,,,Är registrerad för F-skatt,Är registrerad för moms,Har aldrig varit registrerad som arbetsgivare,0 anställda,Postadress är OK,"Tar emot reklam, ej telefonnummerspärrat"
9102203446,199102203446,"Vasquez Larrahondo, Diana Marcela",,Fysiska personer,Ej aktiebolag,2026-04-07,2026-04-07,,Normalläge,Är verksam,"Verksamhet vid internationella organisationer, utländska ambassader o.d.",99000,Upplands-Bro,Stockholm,Stockholm/Södertälje,FINNSTASTIGEN 42  LGH 1001,197 35,BRO,,,Är registrerad för F-skatt,Är registrerad för moms,Har aldrig varit registrerad som arbetsgivare,0 anställda,Postadress är OK,"Tar emot reklam, ej telefonnummerspärrat"
9104026035,199104026035,"Orimoloye, Emmanuel Segun",Åsaink,Fysiska personer,Ej aktiebolag,2026-04-07,,,Normalläge,Har aldrig varit verksam,Okänd,00000,Norrtälje,Stockholm,Norrtälje,MARKNADSVÄGEN 6 B LGH 1102,762 41,RIMBO,emmanuelsegori@gmail.com,,Har aldrig varit registrerad för F-skatt,Har aldrig varit registrerad för moms,Har aldrig varit registrerad som arbetsgivare,0 anställda,Postadress är OK,"Tar emot reklam, ej telefonnummerspärrat"
9104180642,199104180642,"Johansson Hedenlund, Linnea",,Fysiska personer,Ej aktiebolag,2026-04-07,2026-04-07,,Normalläge,Är verksam,Skötsel och underhåll av grönytor,81300,Ulricehamn,Västra Götaland,Borås,GÅRDÖ 203,523 60,GÄLLSTAD,,,Är registrerad för F-skatt,Är registrerad för moms,Har aldrig varit registrerad som arbetsgivare,0 anställda,Postadress är OK,"Tar emot reklam, ej telefonnummerspärrat"
9104210597,199104210597,"Chazarreta Eliasson, Leonardo",,Fysiska personer,Ej aktiebolag,2026-04-07,2026-04-07,,Normalläge,Är verksam,Ljudinspelning och musikutgivning,59200,Stockholm,Stockholm,Stockholm/Södertälje,ARKITEKTVÄGEN 36  LGH 1001,168 32,BROMMA,,,Är registrerad för F-skatt,Är registrerad för moms,Har aldrig varit registrerad som arbetsgivare,0 anställda,Postadress är OK,"Tar emot reklam, ej telefonnummerspärrat"
9105078613,199105078613,"Karmota, Humam",,Fysiska personer,Ej aktiebolag,2026-04-07,2026-04-07,,Normalläge,Är verksam,Arbetsförmedling och rekrytering,78100,Alvesta,Kronoberg,Växjö,KUSKVÄGEN 4,342 33,ALVESTA,,,Är registrerad för F-skatt,Är registrerad för moms,Har aldrig varit registrerad som arbetsgivare,0 anställda,Postadress är OK,"Tar emot reklam, ej telefonnummerspärrat"
9105314265,199105314265,"Touray, Adelaide",,Fysiska personer,Ej aktiebolag,2026-04-07,2026-04-07,,Normalläge,Är verksam,Cateringverksamhet vid enskilda evenemang,56210,Malmö,Skåne,Malmö/Lund/Trelleborg,KYRKOGATAN 1  LGH 1302,211 22,MALMÖ,,,Är registrerad för F-skatt,Har aldrig varit registrerad för moms,Har aldrig varit registrerad som arbetsgivare,0 anställda,Postadress är OK,"Tar emot reklam, ej telefonnummerspärrat"
9106822639,199106822639,"Krupa, Mateusz Pawel",,Fysiska personer,Ej aktiebolag,2026-04-07,2026-04-07,,Normalläge,Är verksam,Byggande av bostadshus och andra byggnader,41000,Kommunkod saknas,Län okänd,A-region okänd,KORZENIOW 40 39203 ZYRAKOW,,UTLANDET,,,Är registrerad för F-skatt,Har aldrig varit registrerad för moms,Har aldrig varit registrerad som arbetsgivare,0 anställda,Utländsk postadress,"Tar emot reklam, ej telefonnummerspärrat"
9107165897,199107165897,"Skoglund, Andreas",,Fysiska personer,Ej aktiebolag,2026-04-07,2026-04-07,,Normalläge,Är verksam,Annan specialiserad bygg- och anläggningsverksamhet i samband med byggande av hus,43420,Kungsbacka,Halland,Göteborg,LINDENS GATA 22  LGH 1501,434 50,KUNGSBACKA,,,Är registrerad för F-skatt,Är registrerad för moms,Har aldrig varit registrerad som arbetsgivare,0 anställda,Postadress är OK,"Tar emot reklam, ej telefonnummerspärrat"
9107303779,199107303779,"Bayar, Munkhbayar",,Fysiska personer,Ej aktiebolag,2026-04-07,2026-04-07,,Normalläge,Är verksam,Okänd,00000,Haninge,Stockholm,Stockholm/Södertälje,HÖGLUNDAVÄGEN 11  LGH 1602,137 66,JORDBRO,,,Har aldrig varit registrerad för F-skatt,Är registrerad för moms,Har aldrig varit registrerad som arbetsgivare,0 anställda,Postadress är OK,"Tar emot reklam, ej telefonnummerspärrat"
9108157794,199108157794,"Jusufi, Kujtim",,Fysiska personer,Ej aktiebolag,2026-04-07,2026-04-07,,Normalläge,Är verksam,Mark- och grundarbeten,43120,Göteborg,Västra Götaland,Göteborg,SANDESLÄTT 28  LGH 1202,424 36,ANGERED,,,Är registrerad för F-skatt,Är registrerad för moms,Har aldrig varit registrerad som arbetsgivare,0 anställda,Postadress är OK,"Tar emot reklam, ej telefonnummerspärrat"
9108281958,199108281958,"Shipshani, Leutrim",LS Elteknik,Fysiska personer,Ej aktiebolag,2026-04-07,2026-04-07,,Normalläge,Är verksam,Elinstallationer,43210,Svalöv,Skåne,Helsingborg/Landskrona,SPJUTVÄGEN 3,268 73,BILLEBERGA,Leutrim.s@live.se,,Är registrerad för F-skatt,Är registrerad för moms,Har aldrig varit registrerad som arbetsgivare,0 anställda,Postadress är OK,"Tar emot reklam, ej telefonnummerspärrat"
9109132945,199109132945,"Askonius, Sandra",,Fysiska personer,Ej aktiebolag,2026-04-07,2026-04-07,,Normalläge,Är verksam,Reklambyråverksamhet,73111,Sollentuna,Stockholm,Stockholm/Södertälje,SÖDRA HÄGGVIKSVÄGEN 33  LGH 1019,191 65,SOLLENTUNA,,,Är registrerad för F-skatt,Är registrerad för moms,Har aldrig varit registrerad som arbetsgivare,0 anställda,Postadress är OK,"Tar emot reklam, ej telefonnummerspärrat"
9111101094,199111101094,"Fridlund, Martin",,Fysiska personer,Ej aktiebolag,2026-04-07,2026-04-07,,Normalläge,Är verksam,Mark- och grundarbeten,43120,Motala,Östergötland,Mjölby/Motala,SONNORP 35  MORKULLEN,591 91,MOTALA,,,Är registrerad för F-skatt,Är registrerad för moms,Har aldrig varit registrerad som arbetsgivare,0 anställda,Postadress är OK,"Tar emot reklam, ej telefonnummerspärrat"
9111114345,199111114345,"Nordström, Carolina",,Fysiska personer,Ej aktiebolag,2026-04-07,2026-04-07,,Normalläge,Är verksam,Frisörer och barberare,96210,Lerum,Västra Götaland,Göteborg,TRANBÄRSVÄGEN 39,448 37,FLODA,,,Är registrerad för F-skatt,Är registrerad för moms,Har aldrig varit registrerad som arbetsgivare,0 anställda,Postadress är OK,"Tar emot reklam, ej telefonnummerspärrat"
9111121696,199111121696,"Sickeldal, David",,Fysiska personer,Ej aktiebolag,2026-04-07,2026-04-07,,Normalläge,Är verksam,Datakonsultverksamhet,62201,Halmstad,Halland,Halmstad,WESTERBERGS GATA 17  LGH 1301,302 26,HALMSTAD,,,Är registrerad för F-skatt,Är registrerad för moms,Har aldrig varit registrerad som arbetsgivare,0 anställda,Postadress är OK,"Tar emot reklam, ej telefonnummerspärrat"
9112070892,199112070892,"Gyllensten, Linus",,Fysiska personer,Ej aktiebolag,2026-04-07,2026-04-07,,Normalläge,Är verksam,Annan rengöring,81230,Norrtälje,Stockholm,Norrtälje,ROSLAGSBROVÄGEN 291,761 75,NORRTÄLJE,,,Är registrerad för F-skatt,Är registrerad för moms,Har aldrig varit registrerad som arbetsgivare,0 anställda,Postadress är OK,"Tar emot reklam, ej telefonnummerspärrat"
9201191351,199201191351,"Nordström, Henrik",,Fysiska personer,Ej aktiebolag,2026-04-07,2026-04-07,,Normalläge,Är verksam,Uthyrning och leasing av bygg- och anläggningsmaskiner,77320,Emmaboda,Kalmar,Kalmar/Nybro,MASKUMMEBERG 102,361 93,BROAKULLA,,,Är registrerad för F-skatt,Är registrerad för moms,Har aldrig varit registrerad som arbetsgivare,0 anställda,Postadress är OK,"Tar emot reklam, ej telefonnummerspärrat"
9201200509,199201200509,"Santos de Albuquerque, Carla Daniell",,Fysiska personer,Ej aktiebolag,2026-04-07,2026-04-07,,Normalläge,Är verksam,Skönhetsvård och andra skönhetsbehandlingar,96220,Lidingö,Stockholm,Stockholm/Södertälje,LARSBERGSVÄGEN 27  LGH 1203,181 38,LIDINGÖ,,,Är registrerad för F-skatt,Har aldrig varit registrerad för moms,Har aldrig varit registrerad som arbetsgivare,0 anställda,Postadress är OK,"Tar emot reklam, ej telefonnummerspärrat"
9204244512,199204244512,"Magnusson, Erik",,Fysiska personer,Ej aktiebolag,2026-04-07,2026-04-07,,Normalläge,Är verksam,Annan plastvarutillverkning,22260,Ronneby,Blekinge,Karlskrona,LOTSVÄGEN 14,372 90,RONNEBY,,,Är registrerad för F-skatt,Är registrerad för moms,Har aldrig varit registrerad som arbetsgivare,0 anställda,Postadress är OK,"Tar emot reklam, ej telefonnummerspärrat"
9205035331,199205035331,"Stork, Reban",Saraliscakes,Fysiska personer,Ej aktiebolag,2026-04-07,2026-04-07,,Normalläge,Är verksam,Detaljhandel med bröd och konditorivaror,47241,Uppsala,Uppsala,Uppsala,FERLINSGATAN 101  LGH 1002,754 28,UPPSALA,,,Är registrerad för F-skatt,Är registrerad för moms,Har aldrig varit registrerad som arbetsgivare,0 anställda,Postadress är OK,"Tar emot reklam, ej telefonnummerspärrat"
9205143499,199205143499,"Murati, Richard",,Fysiska personer,Ej aktiebolag,2026-04-07,2026-04-07,,Normalläge,Är verksam,Cateringverksamhet vid enskilda evenemang,56210,Alingsås,Västra Götaland,Göteborg,GRANGATAN 2,441 73,SOLLEBRUNN,,,Är registrerad för F-skatt,Är registrerad för moms,Har aldrig varit registrerad som arbetsgivare,0 anställda,Postadress är OK,"Tar emot reklam, ej telefonnummerspärrat"
9207281370,199207281370,"Alexandersson, Gabriel",,Fysiska personer,Ej aktiebolag,2026-04-07,2026-04-07,,Normalläge,Är verksam,Reklambyråverksamhet,73111,Österåker,Stockholm,Stockholm/Södertälje,ANSGARIUSVÄGEN 27,184 52,ÖSTERSKÄR,,,Är registrerad för F-skatt,Är registrerad för moms,Har aldrig varit registrerad som arbetsgivare,0 anställda,Postadress är OK,"Tar emot reklam, ej telefonnummerspärrat"
9209091322,199209091322,"Göransson, Emilia",,Fysiska personer,Ej aktiebolag,2026-04-07,2026-04-07,,Normalläge,Är verksam,Litterärt skapande och musikkomposition,90110,Kristianstad,Skåne,Kristianstad,VÄSTRA STORGATAN 3 B LGH 1105,291 29,KRISTIANSTAD,,,Är registrerad för F-skatt,Är registrerad för moms,Har aldrig varit registrerad som arbetsgivare,0 anställda,Postadress är OK,"Tar emot reklam, ej telefonnummerspärrat"
9210021524,199210021524,"Ibraimovska, Nurcan",,Fysiska personer,Ej aktiebolag,2026-04-07,2026-04-07,,Normalläge,Är verksam,Dataprogrammering,62100,Malmö,Skåne,Malmö/Lund/Trelleborg,BOLAGSBACKEN 16,212 36,MALMÖ,,,Är registrerad för F-skatt,Har aldrig varit registrerad för moms,Har aldrig varit registrerad som arbetsgivare,0 anställda,Postadress är OK,"Tar emot reklam, ej telefonnummerspärrat"
9211043873,199211043873,"Fredriksson, Robert",,Fysiska personer,Ej aktiebolag,2026-04-07,2026-04-07,,Normalläge,Är verksam,Partihandel med kläder och skodon,46420,Kalix,Norrbotten,Haparanda/Kalix,HOLMTRÄSK 311,952 94,KALIX,,,Är registrerad för F-skatt,Är registrerad för moms,Har aldrig varit registrerad som arbetsgivare,0 anställda,Postadress är OK,"Tar emot reklam, ej telefonnummerspärrat"
9211064648,199211064648,"Robu, Adriana Emanuela",,Fysiska personer,Ej aktiebolag,2026-04-07,2026-04-07,,Normalläge,Är verksam,Lokalvård,81210,Huddinge,Stockholm,Stockholm/Södertälje,TORNSLINGAN 9 B LGH 1102,142 61,TRÅNGSUND,,,Är registrerad för F-skatt,Är registrerad för moms,Har aldrig varit registrerad som arbetsgivare,0 anställda,Postadress är OK,"Tar emot reklam, ej telefonnummerspärrat"
9211200143,199211200143,"Löfqvist, Emma",,Fysiska personer,Ej aktiebolag,2026-04-07,2026-04-07,,Normalläge,Är verksam,Odling av övriga ett- och tvååriga växter,01199,Tierp,Uppsala,Gävle/Sandviken,ÖSTERÄNGE 211,819 61,SKÄRPLINGE,,,Är registrerad för F-skatt,Är registrerad för moms,Har aldrig varit registrerad som arbetsgivare,0 anställda,Postadress är OK,"Tar emot reklam, ej telefonnummerspärrat"
9301023033,199301023033,"Hamo, Qember",,Fysiska personer,Ej aktiebolag,2026-04-07,2026-04-07,,Normalläge,Är verksam,Mobil restaurangverksamhet,56120,Järfälla,Stockholm,Stockholm/Södertälje,SÅNGVÄGEN 16  LGH 1001,177 36,JÄRFÄLLA,,,Är registrerad för F-skatt,Är registrerad för moms,Har aldrig varit registrerad som arbetsgivare,0 anställda,Postadress är OK,"Tar emot reklam, ej telefonnummerspärrat"
9301030533,199301030533,"Agartz, Anton",,Fysiska personer,Ej aktiebolag,2026-04-07,,,Normalläge,Har aldrig varit verksam,Okänd,00000,Norrtälje,Stockholm,Norrtälje,EKUDDSVÄGEN 9,760 19,FURUSUND,,,Har aldrig varit registrerad för F-skatt,Har aldrig varit registrerad för moms,Är registrerad som privatarbetsgivare,0 anställda,Postadress är OK,"Tar emot reklam, ej telefonnummerspärrat"
9302048047,199302048047,"Lehtonen, Henna Johanna",,Fysiska personer,Ej aktiebolag,2026-04-07,2026-04-07,,Normalläge,Är verksam,Övrig stödverksamhet för utbildningsväsendet,85690,Söderköping,Östergötland,Norrköping,SKÖNBERGAGATAN 19 A LGH 1101,614 30,SÖDERKÖPING,,,Är registrerad för F-skatt,Är registrerad för moms,Har aldrig varit registrerad som arbetsgivare,0 anställda,Postadress är OK,"Tar emot reklam, ej telefonnummerspärrat"
9302145710,199302145710,"Byström, Johnny",,Fysiska personer,Ej aktiebolag,2026-04-07,2026-04-07,,Normalläge,Är verksam,Okänd,00000,Sollefteå,Västernorrland,Sollefteå,TARA 209,883 96,JUNSELE,,,Har aldrig varit registrerad för F-skatt,Är registrerad för moms,Har aldrig varit registrerad som arbetsgivare,0 anställda,Postadress är OK,"Tar emot reklam, ej telefonnummerspärrat"
9302277687,199302277687,"Riabukha, Yuliia",,Fysiska personer,Ej aktiebolag,2026-04-07,2026-04-07,,Normalläge,Är verksam,Reklambyråverksamhet,73111,Malmö,Skåne,Malmö/Lund/Trelleborg,STORA VARVSGATAN 24 C LGH 1303,211 11,MALMÖ,,,Är registrerad för F-skatt,Är registrerad för moms,Har aldrig varit registrerad som arbetsgivare,0 anställda,Postadress är OK,"Tar emot reklam, ej telefonnummerspärrat"
9304119556,199304119556,"Otterfalk, Andreas",,Fysiska personer,Ej aktiebolag,2026-04-07,2026-04-07,,Normalläge,Är verksam,Skogsförvaltning,02101,Östersund,Jämtland,Östersund,FJÄL 515,836 91,LIT,,,Är registrerad för F-skatt,Är registrerad för moms,Har aldrig varit registrerad som arbetsgivare,0 anställda,Postadress är OK,"Tar emot reklam, ej telefonnummerspärrat"
9304244149,199304244149,"Mannhard, Hedda",,Fysiska personer,Ej aktiebolag,2026-04-07,2026-04-07,,Normalläge,Är verksam,Industridesign och modedesign,74110,Malmö,Skåne,Malmö/Lund/Trelleborg,BANGATAN 10  LGH 1103,214 26,MALMÖ,,,Är registrerad för F-skatt,Är registrerad för moms,Har aldrig varit registrerad som arbetsgivare,0 anställda,Postadress är OK,"Tar emot reklam, ej telefonnummerspärrat"
9304273734,199304273734,"Obradovic, Djordje",,Fysiska personer,Ej aktiebolag,2026-04-07,2026-04-07,,Normalläge,Är verksam,Reklambyråverksamhet,73111,Göteborg,Västra Götaland,Göteborg,RUSTMÄSTAREGATAN 25  LGH 1203,415 28,GÖTEBORG,,,Är registrerad för F-skatt,Är registrerad för moms,Har aldrig varit registrerad som arbetsgivare,0 anställda,Postadress är OK,"Tar emot reklam, ej telefonnummerspärrat"
9305091945,199305091945,"Erol, Bengüsu",,Fysiska personer,Ej aktiebolag,2026-04-07,2026-04-07,,Normalläge,Är verksam,Diverse övriga konsumenttjänster,96990,Haninge,Stockholm,Stockholm/Södertälje,VEGA ALLÉ 79  LGH 1402,136 57,VEGA,,,Är registrerad för F-skatt,Är registrerad för moms,Har aldrig varit registrerad som arbetsgivare,0 anställda,Postadress är OK,"Tar emot reklam, ej telefonnummerspärrat"
9306156077,199306156077,"Kristensen, Rasmus",Teevoli Discgolf,Fysiska personer,Ej aktiebolag,2026-04-07,2026-04-07,,Normalläge,Är verksam,Partihandel med diverse andra maskiner och diverse annan utrustning,46649,Falköping,Västra Götaland,Falköping,ASPELUNDSGATAN 1,521 70,ÅSARP,,,Är registrerad för F-skatt,Är registrerad för moms,Har aldrig varit registrerad som arbetsgivare,0 anställda,Postadress är OK,"Tar emot reklam, ej telefonnummerspärrat"
9306184525,199306184525,"Adascalitei, Ioana Patricia",,Fysiska personer,Ej aktiebolag,2026-04-07,2026-04-07,,Normalläge,Är verksam,Detaljhandel via internet eller postorder med kläder,47712,Göteborg,Västra Götaland,Göteborg,BLÅVALSGATAN 1 B LGH 1102,414 75,GÖTEBORG,,,Är registrerad för F-skatt,Är registrerad för moms,Har aldrig varit registrerad som arbetsgivare,0 anställda,Postadress är OK,"Tar emot reklam, ej telefonnummerspärrat"
9306227530,199306227530,"Alt, Benedek Mate",,Fysiska personer,Ej aktiebolag,2026-04-07,2026-04-07,,Normalläge,Är verksam,Byggande av bostadshus och andra byggnader,41000,Nyköping,Södermanland,Nyköping,BRANDKÄRRSVÄGEN 130  LGH 1505,611 65,NYKÖPING,,,Är registrerad för F-skatt,Är registrerad för moms,Har aldrig varit registrerad som arbetsgivare,0 anställda,Postadress är OK,"Tar emot reklam, ej telefonnummerspärrat"
9306297756,199306297756,"Haile Selassie, Kifle",,Fysiska personer,Ej aktiebolag,2026-04-07,2026-04-07,,Normalläge,Är verksam,Dataprogrammering,62100,Burlöv,Skåne,Malmö/Lund/Trelleborg,ELISETORPSVÄGEN 12  LGH 1303,232 33,ARLÖV,,,Är registrerad för F-skatt,Är registrerad för moms,Har aldrig varit registrerad som arbetsgivare,0 anställda,Postadress är OK,"Tar emot reklam, ej telefonnummerspärrat"
9307029109,199307029109,"Montgomery, Anna",,Fysiska personer,Ej aktiebolag,2026-04-07,2026-04-07,,Normalläge,Är verksam,Reklambyråverksamhet,73111,Hallstahammar,Västmanland,Västerås,SOLVÄGEN 8,734 50,KOLBÄCK,,,Är registrerad för F-skatt,Är registrerad för moms,Har aldrig varit registrerad som arbetsgivare,0 anställda,Postadress är OK,"Tar emot reklam, ej telefonnummerspärrat"
9307222878,199307222878,"Danielsson, Oliwer",,Fysiska personer,Ej aktiebolag,2026-04-07,2026-04-07,,Normalläge,Är verksam,Dataprogrammering,62100,Borås,Västra Götaland,Borås,STENGÄRDSGATAN 31  LGH 1002,503 34,BORÅS,,,Är registrerad för F-skatt,Är registrerad för moms,Har aldrig varit registrerad som arbetsgivare,0 anställda,Postadress är OK,"Tar emot reklam, ej telefonnummerspärrat"
9308196501,199308196501,"Nilsson, Louise",,Fysiska personer,Ej aktiebolag,2026-04-07,2026-04-07,,Normalläge,Är verksam,"Odling av spannmål (utom ris), baljväxter och oljeväxter",01110,Kommunkod saknas,Län okänd,A-region okänd,STORSJØVEGEN 303 2110 SLÅSTAD,,UTLANDET,,,Är registrerad för F-skatt,Är registrerad för moms,Har aldrig varit registrerad som arbetsgivare,0 anställda,Utländsk postadress,"Tar emot reklam, ej telefonnummerspärrat"
9308208553,199308208553,"Mohammed Adel, Abdulrahman",,Fysiska personer,Ej aktiebolag,2026-04-07,2026-04-07,,Normalläge,Är verksam,Scenkonst,90200,Göteborg,Västra Götaland,Göteborg,VANILJGATAN 17  LGH 1207,424 45,ANGERED,,,Är registrerad för F-skatt,Har aldrig varit registrerad för moms,Har aldrig varit registrerad som arbetsgivare,0 anställda,Postadress är OK,"Tar emot reklam, ej telefonnummerspärrat"
9310103354,199310103354,"Miettinen Johansson, Bob",,Fysiska personer,Ej aktiebolag,2026-04-07,2026-04-07,,Normalläge,Är verksam,"Produktion av film, video och tv-program",59110,Vallentuna,Stockholm,Stockholm/Södertälje,SÖRGÅRDEN 114  LGH 1101,186 38,VALLENTUNA,,,Är registrerad för F-skatt,Är registrerad för moms,Har aldrig varit registrerad som arbetsgivare,0 anställda,Postadress är OK,"Tar emot reklam, ej telefonnummerspärrat"
9312142624,199312142624,"Palmegren, Cecilia",,Fysiska personer,Ej aktiebolag,2026-04-07,2026-04-07,,Normalläge,Är verksam,Annan övrig utbildning,85599,Stockholm,Stockholm,Stockholm/Södertälje,LINNÉGATAN 58  LGH 1402,114 54,STOCKHOLM,,,Är registrerad för F-skatt,Är registrerad för moms,Har aldrig varit registrerad som arbetsgivare,0 anställda,Postadress är OK,"Tar emot reklam, ej telefonnummerspärrat"
9312217582,199312217582,"Olsson, Julia",,Fysiska personer,Ej aktiebolag,2026-04-07,2026-04-07,,Normalläge,Är verksam,Skogsförvaltning,02101,Hässleholm,Skåne,Hässleholm,VANKIVA 8382,281 95,VANKIVA,,,Är registrerad för F-skatt,Är registrerad för moms,Har aldrig varit registrerad som arbetsgivare,0 anställda,Postadress är OK,"Tar emot reklam, ej telefonnummerspärrat"
9401271771,199401271771,"Östlin, Pontus",,Fysiska personer,Ej aktiebolag,2026-04-07,2026-04-07,,Normalläge,Är verksam,Sport- och fritidsutbildning,85510,Ovanåker,Gävleborg,Bollnäs/Söderhamn,ENVÄGEN 21,822 31,ALFTA,,,Är registrerad för F-skatt,Är registrerad för moms,Har aldrig varit registrerad som arbetsgivare,0 anställda,Postadress är OK,"Tar emot reklam, ej telefonnummerspärrat"
9402270012,199402270012,"Berg-Bernlo, Anthon",,Fysiska personer,Ej aktiebolag,2026-04-07,2026-04-07,,Normalläge,Är verksam,Cateringverksamhet vid enskilda evenemang,56210,Orust,Västra Götaland,Uddevalla,SVANVIK 165,472 95,VAREKIL,,,Är registrerad för F-skatt,Är registrerad för moms,Har aldrig varit registrerad som arbetsgivare,0 anställda,Postadress är OK,"Tar emot reklam, ej telefonnummerspärrat"
9403098909,199403098909,"Nilsson, Julia",,Fysiska personer,Ej aktiebolag,2026-04-07,2026-04-07,,Normalläge,Är verksam,Skogsförvaltning,02101,Östersund,Jämtland,Östersund,FJÄL 515,836 91,LIT,,,Är registrerad för F-skatt,Är registrerad för moms,Har aldrig varit registrerad som arbetsgivare,0 anställda,Postadress är OK,"Tar emot reklam, ej telefonnummerspärrat"
9404060635,199404060635,"Larsson, Fredrik",,Fysiska personer,Ej aktiebolag,2026-04-07,2026-04-07,,Normalläge,Är verksam,"Odling av spannmål (utom ris), baljväxter och oljeväxter",01110,Gnesta,Södermanland,Nyköping,GRINDA GÅRD 1,646 91,GNESTA,,,Har aldrig varit registrerad för F-skatt,Är registrerad för moms,Har aldrig varit registrerad som arbetsgivare,0 anställda,Postadress är OK,"Tar emot reklam, ej telefonnummerspärrat"
9405241697,199405241697,"Gustafsson, Natanael",,Fysiska personer,Ej aktiebolag,2026-04-07,2026-04-07,,Normalläge,Är verksam,Övrig specialiserad detaljhandel,47789,Göteborg,Västra Götaland,Göteborg,BANGATAN 10 C LGH 1202,414 63,GÖTEBORG,,,Är registrerad för F-skatt,Är registrerad för moms,Har aldrig varit registrerad som arbetsgivare,0 anställda,Postadress är OK,"Tar emot reklam, ej telefonnummerspärrat"
9405243453,199405243453,"Selimovic, Vasvi",,Fysiska personer,Ej aktiebolag,2026-04-07,2026-04-07,,Normalläge,Är verksam,Partihandel med övriga hushållsvaror,46499,Sundsvall,Västernorrland,Sundsvall,NACKSTAVÄGEN 46 B LGH 1203,853 52,SUNDSVALL,,,Är registrerad för F-skatt,Är registrerad för moms,Har aldrig varit registrerad som arbetsgivare,0 anställda,Postadress är OK,"Tar emot reklam, ej telefonnummerspärrat"
9407186379,199407186379,"Herbertsson, Samuel",,Fysiska personer,Ej aktiebolag,2026-04-07,2026-04-07,,Normalläge,Är verksam,Skogsförvaltning,02101,Eksjö,Jönköping,Eksjö/Nässjö/Vetlanda,HAVIK 2,575 92,HULT,,,Har aldrig varit registrerad för F-skatt,Är registrerad för moms,Har aldrig varit registrerad som arbetsgivare,0 anställda,Postadress är OK,"Tar emot reklam, ej telefonnummerspärrat"
9407313544,199407313544,"Pavlovic, Patricia-Mia",,Fysiska personer,Ej aktiebolag,2026-04-07,2026-04-07,,Normalläge,Är verksam,Frisörer och barberare,96210,Kristianstad,Skåne,Kristianstad,VENDESGATAN 9 B LGH 1302,291 53,KRISTIANSTAD,,,Är registrerad för F-skatt,Har aldrig varit registrerad för moms,Har aldrig varit registrerad som arbetsgivare,0 anställda,Postadress är OK,"Tar emot reklam, ej telefonnummerspärrat"
9408061894,199408061894,"Hägerström, Marcus",,Fysiska personer,Ej aktiebolag,2026-04-07,,,Normalläge,Har aldrig varit verksam,Okänd,00000,Arvika,Värmland,Arvika,INGERSBYN ÖSTTOMTA 1,671 95,KLÄSSBOL,,,Har aldrig varit registrerad för F-skatt,Har aldrig varit registrerad för moms,Är registrerad som privatarbetsgivare,0 anställda,Postadress är OK,"Tar emot reklam, ej telefonnummerspärrat"
9409205722,199409205722,"Savela, Ronja Manimegalai",,Fysiska personer,Ej aktiebolag,2026-04-07,2026-04-07,,Normalläge,Är verksam,Scenkonst,90200,Danderyd,Stockholm,Stockholm/Södertälje,MÖRBYDALEN 25  LGH 1801,182 52,DANDERYD,,,Är registrerad för F-skatt,Har aldrig varit registrerad för moms,Har aldrig varit registrerad som arbetsgivare,0 anställda,Postadress är OK,"Tar emot reklam, ej telefonnummerspärrat"
9411094049,199411094049,"Hammarstrand, Julia",,Fysiska personer,Ej aktiebolag,2026-04-07,2026-04-07,,Normalläge,Är verksam,Reklambyråverksamhet,73111,Alingsås,Västra Götaland,Göteborg,VALKÅSVÄGEN 14,441 72,SOLLEBRUNN,,,Är registrerad för F-skatt,Är registrerad för moms,Har aldrig varit registrerad som arbetsgivare,0 anställda,Postadress är OK,"Tar emot reklam, ej telefonnummerspärrat"
9411104004,199411104004,"Heijmer, Jennifer",,Fysiska personer,Ej aktiebolag,2026-04-07,2026-04-07,,Normalläge,Är verksam,Reklambyråverksamhet,73111,Hässleholm,Skåne,Hässleholm,ÖSTERÅSGATAN 69 D 2 TR,281 33,HÄSSLEHOLM,,,Är registrerad för F-skatt,Är registrerad för moms,Har aldrig varit registrerad som arbetsgivare,0 anställda,Postadress är OK,"Tar emot reklam, ej telefonnummerspärrat"
9411215131,199411215131,"Rundberg, Fredric",,Fysiska personer,Ej aktiebolag,2026-04-07,2026-04-07,,Normalläge,Är verksam,Byggande av bostadshus och andra byggnader,41000,Helsingborg,Skåne,Helsingborg/Landskrona,HÄGGEHUSVÄGEN 23,262 94,ÄNGELHOLM,rundbergses@gmail.com,,Är registrerad för F-skatt,Är registrerad för moms,Har aldrig varit registrerad som arbetsgivare,0 anställda,Postadress är OK,"Tar emot reklam, ej telefonnummerspärrat"
9412013352,199412013352,"Elouardi, Waled",,Fysiska personer,Ej aktiebolag,2026-04-07,2026-04-07,,Normalläge,Är verksam,Tillverkning av lagad mat och färdigrätter,10850,Stockholm,Stockholm,Stockholm/Södertälje,KRISTINEHOVSGATAN 14  LGH 1101,117 29,STOCKHOLM,,,Är registrerad för F-skatt,Har aldrig varit registrerad för moms,Har aldrig varit registrerad som arbetsgivare,0 anställda,Postadress är OK,"Tar emot reklam, ej telefonnummerspärrat"
9412314149,199412314149,"Augustsson, Frida",,Fysiska personer,Ej aktiebolag,2026-04-07,2026-04-07,,Normalläge,Är verksam,Fotoverksamhet,74200,Färgelanda,Västra Götaland,Uddevalla,LYCKE 2,458 96,HÖGSÄTER,,,Är registrerad för F-skatt,Är registrerad för moms,Har aldrig varit registrerad som arbetsgivare,0 anställda,Postadress är OK,"Tar emot reklam, ej telefonnummerspärrat"
9502238604,199502238604,"Blagojevic, Ivana",,Fysiska personer,Ej aktiebolag,2026-04-07,,,Normalläge,Har aldrig varit verksam,Okänd,00000,Helsingborg,Skåne,Helsingborg/Landskrona,HUSENSJÖVÄGEN 33,252 52,HELSINGBORG,,,Har aldrig varit registrerad för F-skatt,Har aldrig varit registrerad för moms,Är registrerad som privatarbetsgivare,0 anställda,Postadress är OK,"Tar emot reklam, ej telefonnummerspärrat"
9504065732,199504065732,"Olsson, Victor",,Fysiska personer,Ej aktiebolag,2026-04-07,2026-04-07,,Normalläge,Är verksam,Datakonsultverksamhet,62201,Göteborg,Västra Götaland,Göteborg,KJELLMANSGATAN 4  LGH 1302,414 63,GÖTEBORG,,,Är registrerad för F-skatt,Är registrerad för moms,Har aldrig varit registrerad som arbetsgivare,0 anställda,Postadress är OK,"Tar emot reklam, ej telefonnummerspärrat"
9504196792,199504196792,"Lilja, Joakim",,Fysiska personer,Ej aktiebolag,2026-04-07,2026-04-07,,Normalläge,Är verksam,Skogsförvaltning,02101,Vilhelmina,Västerbotten,Lycksele,BÄSKSELE 34,912 90,VILHELMINA,,,Har aldrig varit registrerad för F-skatt,Är registrerad för moms,Har aldrig varit registrerad som arbetsgivare,0 anställda,Postadress är OK,"Tar emot reklam, ej telefonnummerspärrat"
9505062076,199505062076,"Boardman, Paul",,Fysiska personer,Ej aktiebolag,2026-04-07,2026-04-07,,Normalläge,Är verksam,Webbportaler,63910,Lund,Skåne,Malmö/Lund/Trelleborg,SÖDRA ESPLANADEN 37 A LGH 1102,223 52,LUND,,,Är registrerad för F-skatt,Är registrerad för moms,Har aldrig varit registrerad som arbetsgivare,0 anställda,Postadress är OK,"Tar emot reklam, ej telefonnummerspärrat"
9505130543,199505130543,"Bergenholdt Sandnabba, Ida",,Fysiska personer,Ej aktiebolag,2026-04-07,2026-04-07,,Normalläge,Är verksam,Annan övrig utbildning,85599,Hedemora,Dalarna,Avesta/Hedemora,OLSHYTTAN 258,776 91,HEDEMORA,,,Är registrerad för F-skatt,Har aldrig varit registrerad för moms,Har aldrig varit registrerad som arbetsgivare,0 anställda,Postadress är OK,"Tar emot reklam, ej telefonnummerspärrat"
9506040683,199506040683,"Carlgren, Linn",,Fysiska personer,Ej aktiebolag,2026-04-07,2026-04-07,,Normalläge,Är verksam,"Dagspa, bastu och ångbastu",96230,Kalmar,Kalmar,Kalmar/Nybro,PERSTORPSVÄGEN 10  LGH 1302,392 40,KALMAR,linncarlgren@gmail.com,,Är registrerad för F-skatt,Är registrerad för moms,Har aldrig varit registrerad som arbetsgivare,0 anställda,Postadress är OK,"Tar emot reklam, ej telefonnummerspärrat"
9506135442,199506135442,"Karlsson, Andrea",,Fysiska personer,Ej aktiebolag,2026-04-07,2026-04-07,,Normalläge,Är verksam,Uppfödning av andra nötkreatur och bufflar,01420,Falköping,Västra Götaland,Falköping,BORGUNDA SÖRGÅRDEN 2,521 62,STENSTORP,,,Är registrerad för F-skatt,Har aldrig varit registrerad för moms,Har aldrig varit registrerad som arbetsgivare,0 anställda,Postadress är OK,"Tar emot reklam, ej telefonnummerspärrat"
9507030337,199507030337,"Thunberg, Jonas",,Fysiska personer,Ej aktiebolag,2026-04-07,2026-04-07,,Normalläge,Är verksam,Sport- och fritidsutbildning,85510,Ale,Västra Götaland,Göteborg,SKÖNNINGARED 515  BV,446 94,SKEPPLANDA,,,Är registrerad för F-skatt,Är registrerad för moms,Har aldrig varit registrerad som arbetsgivare,0 anställda,Postadress är OK,"Tar emot reklam, ej telefonnummerspärrat"
9507149384,199507149384,"Håkansson, Ebba",,Fysiska personer,Ej aktiebolag,2026-04-07,2026-04-07,,Normalläge,Är verksam,Skogsförvaltning,02101,Karlshamn,Blekinge,Karlshamn,PRÄSTSLÄTTSVÄGEN 24  LGH 1604,374 40,KARLSHAMN,,,Är registrerad för F-skatt,Är registrerad för moms,Har aldrig varit registrerad som arbetsgivare,0 anställda,Postadress är OK,"Tar emot reklam, ej telefonnummerspärrat"
9508146553,199508146553,"Saunders, Jerome",,Fysiska personer,Ej aktiebolag,2026-04-07,2026-04-07,,Normalläge,Är verksam,Övrig reklamverksamhet,73119,Herrljunga,Västra Götaland,Borås,STORA SKOLGATAN 34,524 31,HERRLJUNGA,,,Är registrerad för F-skatt,Är registrerad för moms,Har aldrig varit registrerad som arbetsgivare,0 anställda,Postadress är OK,"Tar emot reklam, ej telefonnummerspärrat"
9509014677,199509014677,"Muzic, Roberto",,Fysiska personer,Ej aktiebolag,2026-04-07,2026-04-07,,Normalläge,Är verksam,"All övrig verksamhet inom juridik, ekonomi, vetenskap och teknik",74990,Stockholm,Stockholm,Stockholm/Södertälje,ERNST AHLGRENS VÄG 2  LGH 1101,112 55,STOCKHOLM,,,Är registrerad för F-skatt,Har aldrig varit registrerad för moms,Har aldrig varit registrerad som arbetsgivare,0 anställda,Postadress är OK,"Tar emot reklam, ej telefonnummerspärrat"
9510160329,199510160329,"Blixt, Jennifer",,Fysiska personer,Ej aktiebolag,2026-04-07,2026-04-07,,Normalläge,Är verksam,Diverse övriga konsumenttjänster,96990,Stockholm,Stockholm,Stockholm/Södertälje,KELLGRENSGATAN 14  LGH 1403,112 18,STOCKHOLM,,,Är registrerad för F-skatt,Är registrerad för moms,Har aldrig varit registrerad som arbetsgivare,0 anställda,Postadress är OK,"Tar emot reklam, ej telefonnummerspärrat"
9511193014,199511193014,"Ubilla Persson, Viktor",,Fysiska personer,Ej aktiebolag,2026-04-07,2026-04-07,,Normalläge,Är verksam,Annan specialiserad bygg- och anläggningsverksamhet i samband med byggande av hus,43420,Eslöv,Skåne,Eslöv,STORGATAN 21  LGH 1001,241 62,LÖBERÖD,,,Är registrerad för F-skatt,Har aldrig varit registrerad för moms,Har aldrig varit registrerad som arbetsgivare,0 anställda,Postadress är OK,"Tar emot reklam, ej telefonnummerspärrat"
9511265275,199511265275,"Stubenruss, Jonas",,Fysiska personer,Ej aktiebolag,2026-04-07,2026-04-07,,Normalläge,Är verksam,"Efterproduktion av film, video och tv-program",59120,Sandviken,Gävleborg,Gävle/Sandviken,RÖNNBACKSVÄGEN 11,811 95,JÄRBO,,,Är registrerad för F-skatt,Är registrerad för moms,Har aldrig varit registrerad som arbetsgivare,0 anställda,Postadress är OK,"Tar emot reklam, ej telefonnummerspärrat"
9512092538,199512092538,"Vegent, Aleksander",,Fysiska personer,Ej aktiebolag,2026-04-07,2026-04-07,,Normalläge,Är verksam,Partihandel med reservdelar och tillbehör till motorfordon,46720,Helsingborg,Skåne,Helsingborg/Landskrona,KURIRGATAN 51  LGH 1102,254 52,HELSINGBORG,,,Är registrerad för F-skatt,Är registrerad för moms,Har aldrig varit registrerad som arbetsgivare,0 anställda,Postadress är OK,"Tar emot reklam, ej telefonnummerspärrat"
9601017537,199601017537,"Mohamed, Maawie Abdi",,Fysiska personer,Ej aktiebolag,2026-04-07,2026-04-07,,Normalläge,Är verksam,"Passagerartrafik på beställning, fordon med förare",49330,Söderhamn,Gävleborg,Bollnäs/Söderhamn,TALLVÄGEN 1 B LGH 1302,826 34,SÖDERHAMN,,,Är registrerad för F-skatt,Är registrerad för moms,Har aldrig varit registrerad som arbetsgivare,0 anställda,Postadress är OK,"Tar emot reklam, ej telefonnummerspärrat"
9601086227,199601086227,"Brattse, Johanna",,Fysiska personer,Ej aktiebolag,2026-04-07,2026-04-07,,Normalläge,Är verksam,Övrig textilietillverkning,13990,Malmö,Skåne,Malmö/Lund/Trelleborg,GLASBRUKSKAJEN 2 C LGH 1003,216 44,LIMHAMN,,,Är registrerad för F-skatt,Har aldrig varit registrerad för moms,Har aldrig varit registrerad som arbetsgivare,0 anställda,Postadress är OK,"Tar emot reklam, ej telefonnummerspärrat"
9601147250,199601147250,"Hopper, Vide",,Fysiska personer,Ej aktiebolag,2026-04-07,2026-04-07,,Normalläge,Är verksam,Detaljhandel via internet eller postorder med övriga kultur- och fritidsartiklar,47694,Göteborg,Västra Götaland,Göteborg,FYRKLÖVERSGATAN 100  LGH 1102,417 21,GÖTEBORG,,,Är registrerad för F-skatt,Är registrerad för moms,Har aldrig varit registrerad som arbetsgivare,0 anställda,Postadress är OK,"Tar emot reklam, ej telefonnummerspärrat"
9601153316,199601153316,"Eng, Emil",,Fysiska personer,Ej aktiebolag,2026-04-07,2026-04-07,,Normalläge,Är verksam,Tillhandahållande av konsumenttjänster i hemmet,96910,Trollhättan,Västra Götaland,Trollhättan/Vänersborg,KLINTVÄGEN 9 B LGH 1402,461 50,TROLLHÄTTAN,,,Är registrerad för F-skatt,Är registrerad för moms,Har aldrig varit registrerad som arbetsgivare,0 anställda,Postadress är OK,"Tar emot reklam, ej telefonnummerspärrat"
9601233803,199601233803,"Liljekvist, Melissa",,Fysiska personer,Ej aktiebolag,2026-04-07,2026-04-07,,Normalläge,Är verksam,Inredningsdesign,74130,Göteborg,Västra Götaland,Göteborg,MARCONIGATAN 33 B LGH 2105,421 44,VÄSTRA FRÖLUNDA,,,Är registrerad för F-skatt,Har aldrig varit registrerad för moms,Har aldrig varit registrerad som arbetsgivare,0 anställda,Postadress är OK,"Tar emot reklam, ej telefonnummerspärrat"
9602095128,199602095128,"Pettersson, Julia",,Fysiska personer,Ej aktiebolag,2026-04-07,2026-04-07,,Normalläge,Är verksam,"Odling av spannmål (utom ris), baljväxter och oljeväxter",01110,Boxholm,Östergötland,Mjölby/Motala,SANDKULLA 1,595 76,BOXHOLM,,,Är registrerad för F-skatt,Är registrerad för moms,Har aldrig varit registrerad som arbetsgivare,0 anställda,Postadress är OK,"Tar emot reklam, ej telefonnummerspärrat"
9603253593,199603253593,"Kosárkó, Bence",,Fysiska personer,Ej aktiebolag,2026-04-07,2026-04-07,,Normalläge,Är verksam,"Dagspa, bastu och ångbastu",96230,Uppsala,Uppsala,Uppsala,FYRISVALL 16,743 91,STORVRETA,,,Är registrerad för F-skatt,Har aldrig varit registrerad för moms,Har aldrig varit registrerad som arbetsgivare,0 anställda,Postadress är OK,"Tar emot reklam, ej telefonnummerspärrat"
9604015421,199604015421,"Hedberg, Amelia",,Fysiska personer,Ej aktiebolag,2026-04-07,2026-04-07,,Normalläge,Är verksam,Konsultverksamhet avseende företags organisation,70200,Norrköping,Östergötland,Norrköping,SÖDRA PROMENADEN 123  LGH 1102,602 31,NORRKÖPING,,,Är registrerad för F-skatt,Har aldrig varit registrerad för moms,Har aldrig varit registrerad som arbetsgivare,0 anställda,Postadress är OK,"Tar emot reklam, ej telefonnummerspärrat"
9604060252,199604060252,"Mildh, Eddie",,Fysiska personer,Ej aktiebolag,2026-04-07,2026-04-07,,Normalläge,Är verksam,Partihandel med personbilar och lätta motorfordon,46711,Finspång,Östergötland,Norrköping,OXHAGSVÄGEN 6 E LGH 1001,612 32,FINSPÅNG,,,Är registrerad för F-skatt,Har aldrig varit registrerad för moms,Har aldrig varit registrerad som arbetsgivare,0 anställda,Postadress är OK,"Tar emot reklam, ej telefonnummerspärrat"
9604168048,199604168048,"Dellnäs, Julia",,Fysiska personer,Ej aktiebolag,2026-04-07,2026-04-07,,Normalläge,Är verksam,Reklambyråverksamhet,73111,Stockholm,Stockholm,Stockholm/Södertälje,ROSLAGSGATAN 51  LGH 1001,113 54,STOCKHOLM,,,Är registrerad för F-skatt,Är registrerad för moms,Har aldrig varit registrerad som arbetsgivare,0 anställda,Postadress är OK,"Tar emot reklam, ej telefonnummerspärrat"
9605226803,199605226803,"Krishnaraj, Suchithra",,Fysiska personer,Ej aktiebolag,2026-04-07,2026-04-07,,Normalläge,Är verksam,Tillverkning av mjukt matbröd och färska bakverk,10710,Göteborg,Västra Götaland,Göteborg,PENNYGÅNGEN 7  LGH 1202,414 82,GÖTEBORG,,,Är registrerad för F-skatt,Är registrerad för moms,Har aldrig varit registrerad som arbetsgivare,0 anställda,Postadress är OK,"Tar emot reklam, ej telefonnummerspärrat"
9605303016,199605303016,"Gonzalez Hermansson, Filip",,Fysiska personer,Ej aktiebolag,2026-04-07,2026-04-07,,Normalläge,Är verksam,Flyttjänster,49420,Stockholm,Stockholm,Stockholm/Södertälje,BRODERIVÄGEN 10  LGH 1001,168 38,BROMMA,,,Är registrerad för F-skatt,Är registrerad för moms,Har aldrig varit registrerad som arbetsgivare,0 anställda,Postadress är OK,"Tar emot reklam, ej telefonnummerspärrat"
9606277433,199606277433,"Blomquist, Melker",,Fysiska personer,Ej aktiebolag,2026-04-07,2026-04-07,,Normalläge,Är verksam,Skogsförvaltning,02101,Bollnäs,Gävleborg,Bollnäs/Söderhamn,ROREN 2334  SMENS,821 68,VALLSTA,,,Är registrerad för F-skatt,Är registrerad för moms,Har aldrig varit registrerad som arbetsgivare,0 anställda,Postadress är OK,"Tar emot reklam, ej telefonnummerspärrat"
9607037265,199607037265,"Caprin, Hanna",,Fysiska personer,Ej aktiebolag,2026-04-07,2026-04-07,,Normalläge,Är verksam,Skogsförvaltning,02101,Skara,Västra Götaland,Lidköping/Skara,CARL TORINSGATAN 3,532 33,SKARA,,,Är registrerad för F-skatt,Är registrerad för moms,Har aldrig varit registrerad som arbetsgivare,0 anställda,Postadress är OK,"Tar emot reklam, ej telefonnummerspärrat"
9607129617,199607129617,"Ackerdal, Ola",,Fysiska personer,Ej aktiebolag,2026-04-07,2026-04-07,,Normalläge,Är verksam,Skogsförvaltning,02101,Norsjö,Västerbotten,Skellefteå,HEDEN 14,935 92,NORSJÖ,,,Är registrerad för F-skatt,Är registrerad för moms,Har aldrig varit registrerad som arbetsgivare,0 anställda,Postadress är OK,"Tar emot reklam, ej telefonnummerspärrat"
9607141257,199607141257,"Fjällgren, Pierre",,Fysiska personer,Ej aktiebolag,2026-04-07,2026-04-07,,Normalläge,Är verksam,Byggnadssnickeriarbeten,43320,Härjedalen,Jämtland,Östersund,YTTERBERG 420,842 92,SVEG,,,Är registrerad för F-skatt,Är registrerad för moms,Har aldrig varit registrerad som arbetsgivare,0 anställda,Postadress är OK,"Tar emot reklam, ej telefonnummerspärrat"
9608152113,199608152113,"Molin, Benny",,Fysiska personer,Ej aktiebolag,2026-04-07,2026-04-07,,Normalläge,Är verksam,Mark- och grundarbeten,43120,Sollefteå,Västernorrland,Sollefteå,NYLANDSÅN 211,881 93,SOLLEFTEÅ,,,Är registrerad för F-skatt,Är registrerad för moms,Har aldrig varit registrerad som arbetsgivare,0 anställda,Postadress är OK,"Tar emot reklam, ej telefonnummerspärrat"
9609079612,199609079612,"Al-Saleh, Youssef",,Fysiska personer,Ej aktiebolag,2026-04-07,2026-04-07,,Normalläge,Är verksam,"Detaljhandel via internet eller postorder med ur, guldsmedsvaror och smycken",47772,Halmstad,Halland,Halmstad,KERAMIKPLATSEN 2 C LGH 1001,302 71,HALMSTAD,,,Är registrerad för F-skatt,Är registrerad för moms,Har aldrig varit registrerad som arbetsgivare,0 anställda,Postadress är OK,"Tar emot reklam, ej telefonnummerspärrat"
9611235368,199611235368,"Karlberg, Zara",,Fysiska personer,Ej aktiebolag,2026-04-07,2026-04-07,,Normalläge,Är verksam,Arrangemang av kongresser och mässor,82300,Göteborg,Västra Götaland,Göteborg,DIRIGENTGATAN 3  LGH 1103,421 37,VÄSTRA FRÖLUNDA,,,Är registrerad för F-skatt,Är registrerad för moms,Har aldrig varit registrerad som arbetsgivare,0 anställda,Postadress är OK,"Tar emot reklam, ej telefonnummerspärrat"
9612040114,199612040114,"Mrsic, Mirel",,Fysiska personer,Ej aktiebolag,2026-04-07,,,Normalläge,Har aldrig varit verksam,Okänd,00000,Malmö,Skåne,Malmö/Lund/Trelleborg,FOGSVANSGATAN 4 C BV,218 71,TYGELSJÖ,,,Har aldrig varit registrerad för F-skatt,Har aldrig varit registrerad för moms,Är registrerad som privatarbetsgivare,0 anställda,Postadress är OK,"Tar emot reklam, ej telefonnummerspärrat"
9612237496,199612237496,"Nyman, Robin",RN Yttre Skötsel,Fysiska personer,Ej aktiebolag,2026-04-07,,,Normalläge,Har aldrig varit verksam,Okänd,00000,Tierp,Uppsala,Gävle/Sandviken,TRÄDBACKA 120,815 96,STRÖMSBERGS BRUK,,,Har aldrig varit registrerad för F-skatt,Har aldrig varit registrerad för moms,Har aldrig varit registrerad som arbetsgivare,0 anställda,Postadress är OK,"Tar emot reklam, ej telefonnummerspärrat"
9701063977,199701063977,"Czajka, Alan Marek",,Fysiska personer,Ej aktiebolag,2026-04-07,2026-04-07,,Normalläge,Är verksam,Metallegoarbeten,25530,Kommunkod saknas,Län okänd,A-region okänd,TADEUSZA BRAMINSKIEGO 12 80180 JELENIOGORSKA 19A,,UTLANDET,,,Är registrerad för F-skatt,Är registrerad för moms,Har aldrig varit registrerad som arbetsgivare,0 anställda,Utländsk postadress,"Tar emot reklam, ej telefonnummerspärrat"
9701187800,199701187800,"Hvozdyk, Mariia",,Fysiska personer,Ej aktiebolag,2026-04-07,2026-04-07,,Normalläge,Är verksam,Skönhetsvård och andra skönhetsbehandlingar,96220,Stockholm,Stockholm,Stockholm/Södertälje,BRÅDSTUPSVÄGEN 3  LGH 1202,129 39,HÄGERSTEN,,,Är registrerad för F-skatt,Är registrerad för moms,Har aldrig varit registrerad som arbetsgivare,0 anställda,Postadress är OK,"Tar emot reklam, ej telefonnummerspärrat"
9701208937,199701208937,"Hultin Svensk, Albin",,Fysiska personer,Ej aktiebolag,2026-04-07,2026-04-07,,Normalläge,Är verksam,Rengöring av byggnader,81221,Stockholm,Stockholm,Stockholm/Södertälje,SOLURSGRÄND 10  LGH 1903,162 65,VÄLLINGBY,,,Är registrerad för F-skatt,Är registrerad för moms,Har aldrig varit registrerad som arbetsgivare,0 anställda,Postadress är OK,"Tar emot reklam, ej telefonnummerspärrat"
9701309263,199701309263,"Ivanovic, Jovana",,Fysiska personer,Ej aktiebolag,2026-04-07,2026-04-07,,Normalläge,Är verksam,Skönhetsvård och andra skönhetsbehandlingar,96220,Södertälje,Stockholm,Stockholm/Södertälje,FJÄRILSTIGEN 6  LGH 1101,151 60,SÖDERTÄLJE,2jovanajovanovic@gmail.com,,Är registrerad för F-skatt,Har aldrig varit registrerad för moms,Har aldrig varit registrerad som arbetsgivare,0 anställda,Postadress är OK,"Tar emot reklam, ej telefonnummerspärrat"
9702092553,199702092553,"Kuiper, Gittan",,Fysiska personer,Ej aktiebolag,2026-04-07,2026-04-07,,Normalläge,Är verksam,Konsultverksamhet avseende företags organisation,70200,Skellefteå,Västerbotten,Skellefteå,GRANBACKAVÄGEN 24,931 42,SKELLEFTEÅ,,,Är registrerad för F-skatt,Är registrerad för moms,Har aldrig varit registrerad som arbetsgivare,0 anställda,Postadress är OK,"Tar emot reklam, ej telefonnummerspärrat"
9702152050,199702152050,"Lo, Mattis",,Fysiska personer,Ej aktiebolag,2026-04-07,2026-04-07,,Normalläge,Är verksam,Annan övrig metallvarutillverkning,25999,Mora,Dalarna,Mora,LASARUSVÄGEN 17,792 96,VÅMHUS,,,Är registrerad för F-skatt,Är registrerad för moms,Har aldrig varit registrerad som arbetsgivare,0 anställda,Postadress är OK,"Tar emot reklam, ej telefonnummerspärrat"
9703058611,199703058611,"Darboe, Muhammed",,Fysiska personer,Ej aktiebolag,2026-04-07,2026-04-07,,Normalläge,Är verksam,Icke-specialiserad partihandel,46900,Göteborg,Västra Götaland,Göteborg,CARNEGIEGATAN 9 B LGH 1101,414 52,GÖTEBORG,bantabashopco@hotmail.com,,Är registrerad för F-skatt,Är registrerad för moms,Har aldrig varit registrerad som arbetsgivare,0 anställda,Postadress är OK,"Tar emot reklam, ej telefonnummerspärrat"
9703134164,199703134164,"Young, Alina Clare",,Fysiska personer,Ej aktiebolag,2026-04-07,2026-04-07,,Normalläge,Är verksam,Annan stödverksamhet avseende konstnärligt skapande och scenkonst,90390,Stockholm,Stockholm,Stockholm/Södertälje,GÖTGATAN 73 A LGH 1302,116 62,STOCKHOLM,,,Är registrerad för F-skatt,Är registrerad för moms,Har aldrig varit registrerad som arbetsgivare,0 anställda,Postadress är OK,"Tar emot reklam, ej telefonnummerspärrat"
9703230665,199703230665,"Kaartinen, Olga",,Fysiska personer,Ej aktiebolag,2026-04-07,2026-04-07,,Normalläge,Är verksam,"Verksamhet vid internationella organisationer, utländska ambassader o.d.",99000,Malmö,Skåne,Malmö/Lund/Trelleborg,SMEDJEGATAN 20 C LGH 1002,214 21,MALMÖ,,,Är registrerad för F-skatt,Är registrerad för moms,Har aldrig varit registrerad som arbetsgivare,0 anställda,Postadress är OK,"Tar emot reklam, ej telefonnummerspärrat"
9706070977,199706070977,"Melin, Emil",,Fysiska personer,Ej aktiebolag,2026-04-07,2026-04-07,,Normalläge,Är verksam,Skogsskötsel,02102,Gislaved,Jönköping,Värnamo,BANGATAN 12 E,333 75,REFTELE,,,Är registrerad för F-skatt,Har aldrig varit registrerad för moms,Har aldrig varit registrerad som arbetsgivare,0 anställda,Postadress är OK,"Tar emot reklam, ej telefonnummerspärrat"
9707090099,199707090099,"Olsén, Markus",,Fysiska personer,Ej aktiebolag,2026-04-07,,,Normalläge,Har aldrig varit verksam,Okänd,00000,Ljusnarsberg,Örebro,Lindesberg,BERGMÄSTAREVÄGEN 1,712 32,HÄLLEFORS,,,Har aldrig varit registrerad för F-skatt,Har aldrig varit registrerad för moms,Är registrerad som privatarbetsgivare,0 anställda,Postadress är OK,"Tar emot reklam, ej telefonnummerspärrat"
9707096468,199707096468,"Bonnevier, Linnea",,Fysiska personer,Ej aktiebolag,2026-04-07,2026-04-07,,Normalläge,Är verksam,Diverse övriga konsumenttjänster,96990,Östersund,Jämtland,Östersund,SVEDJEFORS 115,834 97,BRUNFLO,,,Är registrerad för F-skatt,Har aldrig varit registrerad för moms,Har aldrig varit registrerad som arbetsgivare,0 anställda,Postadress är OK,"Tar emot reklam, ej telefonnummerspärrat"
9707197118,199707197118,"Lundholm, Charlie",,Fysiska personer,Ej aktiebolag,2026-04-07,2026-04-07,,Normalläge,Är verksam,Skötsel och underhåll av grönytor,81300,Nacka,Stockholm,Stockholm/Södertälje,FÅGELSTIGEN 4 C,132 35,SALTSJÖ-BOO,,,Är registrerad för F-skatt,Har aldrig varit registrerad för moms,Har aldrig varit registrerad som arbetsgivare,0 anställda,Postadress är OK,"Tar emot reklam, ej telefonnummerspärrat"
9708027520,199708027520,"Nilsson, Izabelle",,Fysiska personer,Ej aktiebolag,2026-04-07,2026-04-07,,Normalläge,Är verksam,Fysioterapeutisk verksamhet,86950,Ystad,Skåne,Ystad/Simrishamn,SURBRUNNSVÄGEN 2 C LGH 1103,271 40,YSTAD,,,Är registrerad för F-skatt,Är registrerad för moms,Har aldrig varit registrerad som arbetsgivare,0 anställda,Postadress är OK,"Tar emot reklam, ej telefonnummerspärrat"
9708141552,199708141552,"Hussain, Muhammad Asif",,Fysiska personer,Ej aktiebolag,2026-04-07,2026-04-07,,Normalläge,Är verksam,Cateringverksamhet vid enskilda evenemang,56210,Umeå,Västerbotten,Umeå,ÅLIDBACKEN 1  LGH 1322,907 29,UMEÅ,,,Är registrerad för F-skatt,Är registrerad för moms,Har aldrig varit registrerad som arbetsgivare,0 anställda,Postadress är OK,"Tar emot reklam, ej telefonnummerspärrat"
9709102454,199709102454,"Aguirre Donoso, Héctor",,Fysiska personer,Ej aktiebolag,2026-04-07,2026-04-07,,Normalläge,Är verksam,Mark- och grundarbeten,43120,Gotland,Gotland,Visby,TOFTAVÄGEN 301,622 65,GOTLANDS TOFTA,,,Är registrerad för F-skatt,Har aldrig varit registrerad för moms,Har aldrig varit registrerad som arbetsgivare,0 anställda,Postadress är OK,"Tar emot reklam, ej telefonnummerspärrat"
9709298328,199709298328,"Qvist, Axelina",,Fysiska personer,Ej aktiebolag,2026-04-07,2026-04-07,,Normalläge,Är verksam,Odling av övriga ett- och tvååriga växter,01199,Laxå,Örebro,Örebro,TJÄRBRÄNNARSTIGEN 3,695 32,LAXÅ,,,Är registrerad för F-skatt,Har aldrig varit registrerad för moms,Har aldrig varit registrerad som arbetsgivare,0 anställda,Postadress är OK,"Tar emot reklam, ej telefonnummerspärrat"
9710140634,199710140634,"Idrees, Moayad",,Fysiska personer,Ej aktiebolag,2026-04-07,2026-04-07,,Normalläge,Är verksam,Okänd,00000,Falkenberg,Halland,Falkenberg/Varberg,SANDGATAN 31,311 47,FALKENBERG,,,Har aldrig varit registrerad för F-skatt,Är registrerad för moms,Har aldrig varit registrerad som arbetsgivare,0 anställda,Postadress är OK,"Tar emot reklam, ej telefonnummerspärrat"
9710177529,199710177529,"Malik, Faidat Olajumoke",,Fysiska personer,Ej aktiebolag,2026-04-07,2026-04-07,,Normalläge,Är verksam,Tillverkning av mjukt matbröd och färska bakverk,10710,Västerås,Västmanland,Västerås,VETTERSLUNDSGATAN 60  LGH 1202,724 62,VÄSTERÅS,,,Är registrerad för F-skatt,Har aldrig varit registrerad för moms,Har aldrig varit registrerad som arbetsgivare,0 anställda,Postadress är OK,"Tar emot reklam, ej telefonnummerspärrat"
9710244428,199710244428,"Gustafsson, Natalie",,Fysiska personer,Ej aktiebolag,2026-04-07,2026-04-07,,Normalläge,Är verksam,Skönhetsvård och andra skönhetsbehandlingar,96220,Hässleholm,Skåne,Hässleholm,VANNEBERGA 2643,288 90,VINSLÖV,,,Är registrerad för F-skatt,Är registrerad för moms,Har aldrig varit registrerad som arbetsgivare,0 anställda,Postadress är OK,"Tar emot reklam, ej telefonnummerspärrat"
9711028390,199711028390,"Bölezek, Ferit",,Fysiska personer,Ej aktiebolag,2026-04-07,2026-04-07,,Normalläge,Är verksam,Utgivning av annan programvara,58290,Malmö,Skåne,Malmö/Lund/Trelleborg,SYRÉNGATAN 29,213 62,MALMÖ,,,Är registrerad för F-skatt,Är registrerad för moms,Har aldrig varit registrerad som arbetsgivare,0 anställda,Postadress är OK,"Tar emot reklam, ej telefonnummerspärrat"
9711113085,199711113085,"Maqadesi, Reeta",,Fysiska personer,Ej aktiebolag,2026-04-07,2026-04-07,,Normalläge,Är verksam,Webbportaler,63910,Södertälje,Stockholm,Stockholm/Södertälje,SPINNAREGATAN 17,152 59,SÖDERTÄLJE,,,Är registrerad för F-skatt,Är registrerad för moms,Har aldrig varit registrerad som arbetsgivare,0 anställda,Postadress är OK,"Tar emot reklam, ej telefonnummerspärrat"
9712016253,199712016253,"Patadia, Beau",,Fysiska personer,Ej aktiebolag,2026-04-07,2026-04-07,,Normalläge,Är verksam,"Detaljhandel med böcker, utom via internet eller postorder",47611,Malmö,Skåne,Malmö/Lund/Trelleborg,FALSTERBOGATAN 8  LGH 1101,214 36,MALMÖ,,,Är registrerad för F-skatt,Är registrerad för moms,Har aldrig varit registrerad som arbetsgivare,0 anställda,Postadress är OK,"Tar emot reklam, ej telefonnummerspärrat"
9712283986,199712283986,"Lindqvist, Emma-Stina Gudrun",,Fysiska personer,Ej aktiebolag,2026-04-07,,,Normalläge,Har aldrig varit verksam,Okänd,00000,Stenungsund,Västra Götaland,Göteborg,ORMEN LÅNGEGATAN 22,442 39,KUNGÄLV,,,Har aldrig varit registrerad för F-skatt,Har aldrig varit registrerad för moms,Är registrerad som privatarbetsgivare,0 anställda,Postadress är OK,"Tar emot reklam, ej telefonnummerspärrat"
9712299065,199712299065,"Menezes Silva, Natalia",,Fysiska personer,Ej aktiebolag,2026-04-07,2026-04-07,,Normalläge,Är verksam,Kontorstjänster,82100,Nacka,Stockholm,Stockholm/Södertälje,ORMINGERINGEN 24 A LGH 1002,132 33,SALTSJÖ-BOO,,,Är registrerad för F-skatt,Är registrerad för moms,Har aldrig varit registrerad som arbetsgivare,0 anställda,Postadress är OK,"Tar emot reklam, ej telefonnummerspärrat"
9801081382,199801081382,"Jonsson, Natalie",,Fysiska personer,Ej aktiebolag,2026-04-07,2026-04-07,,Normalläge,Är verksam,Scenkonst,90200,Järfälla,Stockholm,Stockholm/Södertälje,KILLINGGRÄND 23,175 45,JÄRFÄLLA,,,Är registrerad för F-skatt,Är registrerad för moms,Har aldrig varit registrerad som arbetsgivare,0 anställda,Postadress är OK,"Tar emot reklam, ej telefonnummerspärrat"
9802133158,199802133158,"Persson Johansson, Jonathan",,Fysiska personer,Ej aktiebolag,2026-04-07,2026-04-07,,Normalläge,Är verksam,Dataprogrammering,62100,Lerum,Västra Götaland,Göteborg,BERGSSLINGAN 109  LGH 1603,443 36,LERUM,,,Är registrerad för F-skatt,Är registrerad för moms,Har aldrig varit registrerad som arbetsgivare,0 anställda,Postadress är OK,"Tar emot reklam, ej telefonnummerspärrat"
9803290528,199803290528,"Svedin, Elsa",,Fysiska personer,Ej aktiebolag,2026-04-07,2026-04-07,,Normalläge,Är verksam,PR och kommunikation,73300,Stockholm,Stockholm,Stockholm/Södertälje,DIALOGGATAN 22  LGH 1623,126 26,HÄGERSTEN,,,Är registrerad för F-skatt,Är registrerad för moms,Har aldrig varit registrerad som arbetsgivare,0 anställda,Postadress är OK,"Tar emot reklam, ej telefonnummerspärrat"
9805077402,199805077402,"Lind, Amanda",,Fysiska personer,Ej aktiebolag,2026-04-07,,,Normalläge,Har aldrig varit verksam,Okänd,00000,Östersund,Jämtland,Östersund,STORSJÖSTRÅKET 14  LGH 1402,831 56,ÖSTERSUND,,,Har aldrig varit registrerad för F-skatt,Har aldrig varit registrerad för moms,Är registrerad som privatarbetsgivare,0 anställda,Postadress är OK,"Tar emot reklam, ej telefonnummerspärrat"
9806025079,199806025079,"Hoffstedt, Christian",CH Premiumkort,Fysiska personer,Ej aktiebolag,2026-04-07,2026-04-07,,Normalläge,Är verksam,Detaljhandel via internet eller postorder med spel och leksaker,47642,Karlstad,Värmland,Karlstad,HORSENSGATAN 162  LGH 1402,654 58,KARLSTAD,Christian_hoffstedt@hotmail.com,,Är registrerad för F-skatt,Är registrerad för moms,Har aldrig varit registrerad som arbetsgivare,0 anställda,Postadress är OK,"Tar emot reklam, ej telefonnummerspärrat"
9806099355,199806099355,"Islamoski, Ilir",,Fysiska personer,Ej aktiebolag,2026-04-07,2026-04-07,,Normalläge,Är verksam,"Detaljhandel via internet eller postorder med ur, guldsmedsvaror och smycken",47772,Malmö,Skåne,Malmö/Lund/Trelleborg,ELSA ANDERSSONS GATA 2 A,212 44,MALMÖ,ilirislamoski@outlook.com,,Är registrerad för F-skatt,Är registrerad för moms,Har aldrig varit registrerad som arbetsgivare,0 anställda,Postadress är OK,"Tar emot reklam, ej telefonnummerspärrat"
9806145349,199806145349,"Fardpour, Shady",,Fysiska personer,Ej aktiebolag,2026-04-07,2026-04-07,,Normalläge,Är verksam,Annan övrig utbildning,85599,Göteborg,Västra Götaland,Göteborg,KOBBESLÄTTEN 6  LGH 1305,436 37,ASKIM,,,Är registrerad för F-skatt,Är registrerad för moms,Har aldrig varit registrerad som arbetsgivare,0 anställda,Postadress är OK,"Tar emot reklam, ej telefonnummerspärrat"
9806233541,199806233541,"Kärrdin, Ellen",,Fysiska personer,Ej aktiebolag,2026-04-07,2026-04-07,,Normalläge,Är verksam,Inredningsdesign,74130,Kungsbacka,Halland,Göteborg,BOGRENS VÄG 56,439 31,ONSALA,,,Är registrerad för F-skatt,Är registrerad för moms,Har aldrig varit registrerad som arbetsgivare,0 anställda,Postadress är OK,"Tar emot reklam, ej telefonnummerspärrat"
9807200036,199807200036,"Rone, Sebastian",,Fysiska personer,Ej aktiebolag,2026-04-07,2026-04-07,,Normalläge,Är verksam,Datakonsultverksamhet,62201,Stockholm,Stockholm,Stockholm/Södertälje,GUDMUNDRÅGATAN 10  LGH 1201,162 53,VÄLLINGBY,,,Är registrerad för F-skatt,Är registrerad för moms,Har aldrig varit registrerad som arbetsgivare,0 anställda,Postadress är OK,"Tar emot reklam, ej telefonnummerspärrat"
9807283016,199807283016,"Yavari, Nemat",,Fysiska personer,Ej aktiebolag,2026-04-07,,,Normalläge,Har aldrig varit verksam,Okänd,00000,Uppsala,Uppsala,Uppsala,KUNGSGATAN 46  LGH 1103,753 21,UPPSALA,,,Har aldrig varit registrerad för F-skatt,Har aldrig varit registrerad för moms,Är registrerad som privatarbetsgivare,0 anställda,Postadress är OK,"Tar emot reklam, ej telefonnummerspärrat"
9810218876,199810218876,"Dyrehag, Erik",,Fysiska personer,Ej aktiebolag,2026-04-07,2026-04-07,,Normalläge,Är verksam,Cateringverksamhet vid enskilda evenemang,56210,Göteborg,Västra Götaland,Göteborg,KOLONIGATAN 9 C LGH 1202,413 21,GÖTEBORG,,,Är registrerad för F-skatt,Är registrerad för moms,Har aldrig varit registrerad som arbetsgivare,0 anställda,Postadress är OK,"Tar emot reklam, ej telefonnummerspärrat"
9811117044,199811117044,"Larsson, Tova",,Fysiska personer,Ej aktiebolag,2026-04-07,2026-04-07,,Normalläge,Är verksam,Översättning och tolkning,74300,Lund,Skåne,Malmö/Lund/Trelleborg,ELDAREGATAN 2 A LGH 1101,222 37,LUND,,,Är registrerad för F-skatt,Är registrerad för moms,Har aldrig varit registrerad som arbetsgivare,0 anställda,Postadress är OK,"Tar emot reklam, ej telefonnummerspärrat"
9812253236,199812253236,"Spalvieri, Fabricio Samuel Emir",,Fysiska personer,Ej aktiebolag,2026-04-07,2026-04-07,,Normalläge,Är verksam,Lokalvård,81210,Järfälla,Stockholm,Stockholm/Södertälje,ORMBACKAVÄGEN 46 D LGH 1204,175 61,JÄRFÄLLA,samuelspalvieri2018@outlook.com,,Är registrerad för F-skatt,Är registrerad för moms,Har aldrig varit registrerad som arbetsgivare,0 anställda,Postadress är OK,"Tar emot reklam, ej telefonnummerspärrat"
9901021254,199901021254,"Abdulkader, Homam",,Fysiska personer,Ej aktiebolag,2026-04-07,2026-04-07,,Normalläge,Är verksam,Drift av gymanläggningar,93130,Stockholm,Stockholm,Stockholm/Södertälje,GÄRDEBYPLAN 16  LGH 1002,163 77,SPÅNGA,,,Är registrerad för F-skatt,Har aldrig varit registrerad för moms,Har aldrig varit registrerad som arbetsgivare,0 anställda,Postadress är OK,"Tar emot reklam, ej telefonnummerspärrat"
9902173195,199902173195,"Höglund, Oskar",,Fysiska personer,Ej aktiebolag,2026-04-07,2026-04-07,,Normalläge,Är verksam,Takarbeten av plåt,43411,Vaggeryd,Jönköping,Jönköping,FASTORP BJÖRKENS 1,568 91,SKILLINGARYD,,,Är registrerad för F-skatt,Har aldrig varit registrerad för moms,Har aldrig varit registrerad som arbetsgivare,0 anställda,Postadress är OK,"Tar emot reklam, ej telefonnummerspärrat"
9903107507,199903107507,"Ayala Flores, Paula",,Fysiska personer,Ej aktiebolag,2026-04-07,2026-04-07,,Normalläge,Är verksam,Frisörer och barberare,96210,Norrköping,Östergötland,Norrköping,LJURAGATAN 53  LGH 1001,603 49,NORRKÖPING,,,Är registrerad för F-skatt,Har aldrig varit registrerad för moms,Har aldrig varit registrerad som arbetsgivare,0 anställda,Postadress är OK,"Tar emot reklam, ej telefonnummerspärrat"
9903189117,199903189117,"Jogholt, Kim",,Fysiska personer,Ej aktiebolag,2026-04-07,2026-04-07,,Normalläge,Är verksam,Dataprogrammering,62100,Stockholm,Stockholm,Stockholm/Södertälje,KRISTALLVÄGEN 58  LGH 1202,126 78,HÄGERSTEN,,,Är registrerad för F-skatt,Är registrerad för moms,Har aldrig varit registrerad som arbetsgivare,0 anställda,Postadress är OK,"Tar emot reklam, ej telefonnummerspärrat"
9904139673,199904139673,"Berg, Nick",,Fysiska personer,Ej aktiebolag,2026-04-07,2026-04-07,,Normalläge,Är verksam,Allmän service och reparation av motorfordon utom motorcyklar,95311,Västerås,Västmanland,Västerås,STINSVÄGEN 2 J,722 33,VÄSTERÅS,,,Är registrerad för F-skatt,Är registrerad för moms,Har aldrig varit registrerad som arbetsgivare,0 anställda,Postadress är OK,"Tar emot reklam, ej telefonnummerspärrat"
9904161966,199904161966,"Bergelin, Tilde",TILBERG,Fysiska personer,Ej aktiebolag,2026-04-07,2026-04-13,,Normalläge,Är verksam,Restaurangverksamhet,56110,Norrköping,Östergötland,Norrköping,KULLERSTAD KNEKTBACKEN 1,617 91,KIMSTAD,tilde99a@hotmail.com,,Är registrerad för F-skatt,Är registrerad för moms,Har aldrig varit registrerad som arbetsgivare,0 anställda,Postadress är OK,"Tar emot reklam, ej telefonnummerspärrat"
9904295095,199904295095,"Halvarsson, Maximilian",,Fysiska personer,Ej aktiebolag,2026-04-07,2026-04-07,,Normalläge,Är verksam,Diverse övrig tillverkning,32990,Uppsala,Uppsala,Uppsala,GÄLBOVÄGEN 60  LGH 1103,756 51,UPPSALA,,,Är registrerad för F-skatt,Har aldrig varit registrerad för moms,Har aldrig varit registrerad som arbetsgivare,0 anställda,Postadress är OK,"Tar emot reklam, ej telefonnummerspärrat"
9905012259,199905012259,"Nöu, Daniel",,Fysiska personer,Ej aktiebolag,2026-04-07,2026-04-07,,Normalläge,Är verksam,Sport- och fritidsutbildning,85510,Linköping,Östergötland,Linköping,DRABANTGATAN 24 B LGH 1103,582 14,LINKÖPING,,,Är registrerad för F-skatt,Är registrerad för moms,Har aldrig varit registrerad som arbetsgivare,0 anställda,Postadress är OK,"Tar emot reklam, ej telefonnummerspärrat"
9905174141,199905174141,"Wrobel, Alicja",,Fysiska personer,Ej aktiebolag,2026-04-07,2026-04-07,,Normalläge,Är verksam,Lokalvård,81210,Gotland,Gotland,Visby,RUTE LERGRAV 304,624 58,LÄRBRO,,,Är registrerad för F-skatt,Har aldrig varit registrerad för moms,Har aldrig varit registrerad som arbetsgivare,0 anställda,Postadress är OK,"Tar emot reklam, ej telefonnummerspärrat"
9907071808,199907071808,"Nilsson, Emmie",,Fysiska personer,Ej aktiebolag,2026-04-07,2026-04-07,,Normalläge,Är verksam,Frisörer och barberare,96210,Nynäshamn,Stockholm,Stockholm/Södertälje,SIGYNS VÄG 14 A LGH 1202,149 33,NYNÄSHAMN,,,Är registrerad för F-skatt,Är registrerad för moms,Har aldrig varit registrerad som arbetsgivare,0 anställda,Postadress är OK,"Tar emot reklam, ej telefonnummerspärrat"
9907112412,199907112412,"Hamadeh, Wisam",,Fysiska personer,Ej aktiebolag,2026-04-07,2026-04-07,,Normalläge,Är verksam,Dataprogrammering,62100,Gävle,Gävleborg,Gävle/Sandviken,SÖRBYGATAN 64  LGH 1210,802 55,GÄVLE,,,Är registrerad för F-skatt,Är registrerad för moms,Har aldrig varit registrerad som arbetsgivare,0 anställda,Postadress är OK,"Tar emot reklam, ej telefonnummerspärrat"
9908102222,199908102222,"Karlsson, Nathalie",,Fysiska personer,Ej aktiebolag,2026-04-07,2026-04-07,,Normalläge,Är verksam,Bildkonst,90120,Kävlinge,Skåne,Malmö/Lund/Trelleborg,NORDANVÄG 24 B LGH 1201,244 38,KÄVLINGE,,,Är registrerad för F-skatt,Är registrerad för moms,Har aldrig varit registrerad som arbetsgivare,0 anställda,Postadress är OK,"Tar emot reklam, ej telefonnummerspärrat"
9908122014,199908122014,"Petré Otterström, Jesper",,Fysiska personer,Ej aktiebolag,2026-04-07,2026-04-07,,Normalläge,Är verksam,Drift av gymanläggningar,93130,Lidingö,Stockholm,Stockholm/Södertälje,ÅKERVÄGEN 25 A,181 42,LIDINGÖ,,,Är registrerad för F-skatt,Är registrerad för moms,Har aldrig varit registrerad som arbetsgivare,0 anställda,Postadress är OK,"Tar emot reklam, ej telefonnummerspärrat"
9908300065,199908300065,"Pernback Cabrera, Erika",,Fysiska personer,Ej aktiebolag,2026-04-07,2026-04-07,,Normalläge,Är verksam,Scenkonst,90200,Solna,Stockholm,Stockholm/Södertälje,KUNGSHAMRA 2  LGH 1301,170 70,SOLNA,,,Är registrerad för F-skatt,Är registrerad för moms,Har aldrig varit registrerad som arbetsgivare,0 anställda,Postadress är OK,"Tar emot reklam, ej telefonnummerspärrat"
9909068471,199909068471,"Davidsson, Jakob",,Fysiska personer,Ej aktiebolag,2026-04-07,2026-04-07,,Normalläge,Är verksam,Utgivning av annan programvara,58290,Kungsbacka,Halland,Göteborg,ÄSKATORPSVÄGEN 139,439 74,FJÄRÅS,,,Är registrerad för F-skatt,Är registrerad för moms,Har aldrig varit registrerad som arbetsgivare,0 anställda,Postadress är OK,"Tar emot reklam, ej telefonnummerspärrat"
9909154305,199909154305,"Milton Present, Lydia",,Fysiska personer,Ej aktiebolag,2026-04-07,2026-04-07,,Normalläge,Är verksam,Blandat jordbruk,01500,Vadstena,Östergötland,Mjölby/Motala,BÅRSTAD 110,592 93,BORGHAMN,,,Är registrerad för F-skatt,Är registrerad för moms,Har aldrig varit registrerad som arbetsgivare,0 anställda,Postadress är OK,"Tar emot reklam, ej telefonnummerspärrat"
9910285353,199910285353,"Dervisic, Amer",,Fysiska personer,Ej aktiebolag,2026-04-07,2026-04-07,,Normalläge,Är verksam,Datakonsultverksamhet,62201,Gislaved,Jönköping,Värnamo,SKOGÅSVÄGEN 30,334 31,ANDERSTORP,,,Är registrerad för F-skatt,Har aldrig varit registrerad för moms,Har aldrig varit registrerad som arbetsgivare,0 anställda,Postadress är OK,"Tar emot reklam, ej telefonnummerspärrat"