OrgNr,PeOrgNr,Företagsnamn,Firma,Juridisk form,Privat/Publikt,Registreringsdatum,Startdatum,Slutdatum,Bolagsstatus,Företagsstatus,Bransch_1,"Bransch_1, kod",Säteskommun,Säteslän,ARegion,PostAdress,PostNr,PostOrt,E-post,Telefon,Fskattstatus,Momsstatus,Arbetsgivarstatus,Storleksklass SME,Utskick,Reklam
0001293638,200001293638,"Alharstani, Tarek",Top Livs Malmö,Fysiska personer,Ej aktiebolag,2026-03-09,2026-03-09,,Normalläge,Är verksam,"Varuhus- och stormarknadshandel, mest livsmedel, drycker och tobak",47111,Malmö,Skåne,Malmö/Lund/Trelleborg,ERIKSFÄLTSGATAN 79 C LGH 1103,214 55,MALMÖ,tarek.alharstani@gmail.com,,Är registrerad för F-skatt,Är registrerad för moms,Har aldrig varit registrerad som arbetsgivare,0 anställda,Postadress är OK,"Tar emot reklam, ej telefonnummerspärrat"
0007042252,200007042252,"Ring, Victor",,Fysiska personer,Ej aktiebolag,2026-03-09,2026-03-09,,Normalläge,Är verksam,Skötsel och underhåll av grönytor,81300,Båstad,Skåne,Ängelholm,HEMMESLÖVSVÄGEN 68,269 96,BÅSTAD,,,Är registrerad för F-skatt,Har aldrig varit registrerad för moms,Har aldrig varit registrerad som arbetsgivare,0 anställda,Postadress är OK,"Tar emot reklam, ej telefonnummerspärrat"
0008021347,200008021347,"Hansson, Bea",,Fysiska personer,Ej aktiebolag,2026-03-09,2026-03-09,,Normalläge,Är verksam,Konsultverksamhet avseende företags organisation,70200,Landskrona,Skåne,Helsingborg/Landskrona,HAVSGATAN 44  LGH 1304,261 60,LANDSKRONA,,,Är registrerad för F-skatt,Är registrerad för moms,Har aldrig varit registrerad som arbetsgivare,0 anställda,Postadress är OK,"Tar emot reklam, ej telefonnummerspärrat"
0008102469,200008102469,"Botic, Alma",,Fysiska personer,Ej aktiebolag,2026-03-09,2026-03-09,,Normalläge,Är verksam,Fotoverksamhet,74200,Landskrona,Skåne,Helsingborg/Landskrona,KLÄTTERMUSGÅRDEN 4  LGH 1005,261 47,LANDSKRONA,,,Är registrerad för F-skatt,Har aldrig varit registrerad för moms,Har aldrig varit registrerad som arbetsgivare,0 anställda,Postadress är OK,"Tar emot reklam, ej telefonnummerspärrat"
0009105685,200009105685,"Alhaj, Seba",,Fysiska personer,Ej aktiebolag,2026-03-09,2026-03-09,,Normalläge,Är verksam,Scenkonst,90200,Malmö,Skåne,Malmö/Lund/Trelleborg,SNÖDROPPSGATAN 7  LGH 1601,215 27,MALMÖ,,,Är registrerad för F-skatt,Har aldrig varit registrerad för moms,Har aldrig varit registrerad som arbetsgivare,0 anställda,Postadress är OK,"Tar emot reklam, ej telefonnummerspärrat"
0010134591,200010134591,"Liljekvist, Simon",,Fysiska personer,Ej aktiebolag,2026-03-09,2026-03-09,,Normalläge,Är verksam,Allmän service och reparation av motorfordon utom motorcyklar,95311,Åstorp,Skåne,Helsingborg/Landskrona,VÄSTRA MAGLABYVÄG 285-0,265 72,KVIDINGE,,,Är registrerad för F-skatt,Är registrerad för moms,Har aldrig varit registrerad som arbetsgivare,0 anställda,Postadress är OK,"Tar emot reklam, ej telefonnummerspärrat"
0012189437,200012189437,"Rasmusson, Edvin",,Fysiska personer,Ej aktiebolag,2026-03-09,2026-03-09,,Normalläge,Är verksam,Uppfödning av andra nötkreatur och bufflar,01420,Sjöbo,Skåne,Ystad/Simrishamn,SLIMMINGEVÄGEN 125  LYCKEBO GÅRD,275 64,BLENTARP,,,Är registrerad för F-skatt,Är registrerad för moms,Har aldrig varit registrerad som arbetsgivare,0 anställda,Postadress är OK,"Tar emot reklam, ej telefonnummerspärrat"
0101083772,200101083772,"Carlberg, Carl",,Fysiska personer,Ej aktiebolag,2026-03-09,2026-03-09,,Normalläge,Är verksam,Sport- och fritidsutbildning,85510,Lund,Skåne,Malmö/Lund/Trelleborg,TUNAVÄGEN 33  LGH 1406,223 64,LUND,,,Är registrerad för F-skatt,Har aldrig varit registrerad för moms,Har aldrig varit registrerad som arbetsgivare,0 anställda,Postadress är OK,"Tar emot reklam, ej telefonnummerspärrat"
0104126958,200104126958,"Dahlberg, Kevin",,Fysiska personer,Ej aktiebolag,2026-03-09,2026-03-09,,Normalläge,Är verksam,Annan sportverksamhet,93199,Vellinge,Skåne,Malmö/Lund/Trelleborg,GAMLEVÄG 49 G,236 31,HÖLLVIKEN,,,Är registrerad för F-skatt,Är registrerad för moms,Har aldrig varit registrerad som arbetsgivare,0 anställda,Postadress är OK,"Tar emot reklam, ej telefonnummerspärrat"
0104268677,200104268677,"Melchert Thelaus, Elias",,Fysiska personer,Ej aktiebolag,2026-03-09,2026-03-09,,Normalläge,Är verksam,Annan sportverksamhet,93199,Lund,Skåne,Malmö/Lund/Trelleborg,BRUNNSHÖGSGATAN 6  LGH 1401,224 71,LUND,,,Är registrerad för F-skatt,Har aldrig varit registrerad för moms,Har aldrig varit registrerad som arbetsgivare,0 anställda,Postadress är OK,"Tar emot reklam, ej telefonnummerspärrat"
0107176612,200107176612,"Nilsson, Robin",,Fysiska personer,Ej aktiebolag,2026-03-09,2026-03-09,,Normalläge,Är verksam,Mark- och grundarbeten,43120,Svalöv,Skåne,Helsingborg/Landskrona,NORRVIDINGE 1207,268 72,TECKOMATORP,,,Är registrerad för F-skatt,Är registrerad för moms,Har aldrig varit registrerad som arbetsgivare,0 anställda,Postadress är OK,"Tar emot reklam, ej telefonnummerspärrat"
0108010539,200108010539,"Calpe Araya, Evvens",,Fysiska personer,Ej aktiebolag,2026-03-09,2026-03-09,,Normalläge,Är verksam,Detaljhandel via internet eller postorder med brett sortiment,47123,Malmö,Skåne,Malmö/Lund/Trelleborg,NORREGATAN 21  LGH 1101,211 27,MALMÖ,,,Är registrerad för F-skatt,Är registrerad för moms,Har aldrig varit registrerad som arbetsgivare,0 anställda,Postadress är OK,"Tar emot reklam, ej telefonnummerspärrat"
0111186664,200111186664,"Zejnic, Hannah",,Fysiska personer,Ej aktiebolag,2026-03-09,2026-03-09,,Normalläge,Är verksam,Grafisk design och visuell kommunikation,74120,Burlöv,Skåne,Malmö/Lund/Trelleborg,RESEDAVÄGEN 7  1TR,232 53,ÅKARP,,,Är registrerad för F-skatt,Är registrerad för moms,Har aldrig varit registrerad som arbetsgivare,0 anställda,Postadress är OK,"Tar emot reklam, ej telefonnummerspärrat"
0202066130,200202066130,"Nelson Rådqvist, Dante",,Fysiska personer,Ej aktiebolag,2026-03-09,2026-03-09,,Normalläge,Är verksam,"Produktion av film, video och tv-program",59110,Kävlinge,Skåne,Malmö/Lund/Trelleborg,HÖGS BYVÄG 75-9,244 93,KÄVLINGE,,,Är registrerad för F-skatt,Har aldrig varit registrerad för moms,Har aldrig varit registrerad som arbetsgivare,0 anställda,Postadress är OK,"Tar emot reklam, ej telefonnummerspärrat"
0204019251,200204019251,"Schiller, Jakob Karl Maximilian",,Fysiska personer,Ej aktiebolag,2026-03-09,2026-03-09,,Normalläge,Är verksam,Annan stödverksamhet avseende konstnärligt skapande och scenkonst,90390,Lund,Skåne,Malmö/Lund/Trelleborg,RUDEBOKSVÄGEN 66  LGH 1304,226 55,LUND,,,Är registrerad för F-skatt,Är registrerad för moms,Har aldrig varit registrerad som arbetsgivare,0 anställda,Postadress är OK,"Tar emot reklam, ej telefonnummerspärrat"
0204169056,200204169056,"Mohamed, Khalil",N&S Hantverkare,Fysiska personer,Ej aktiebolag,2026-03-09,2026-03-09,,Normalläge,Är verksam,Byggande av bostadshus och andra byggnader,41000,Helsingborg,Skåne,Helsingborg/Landskrona,NILS KAGGS GATA 17 A BV,254 54,HELSINGBORG,khalil70@live.se,,Är registrerad för F-skatt,Är registrerad för moms,Har aldrig varit registrerad som arbetsgivare,0 anställda,Postadress är OK,"Tar emot reklam, ej telefonnummerspärrat"
0206041618,200206041618,"Hersi, Abdirahman",,Fysiska personer,Ej aktiebolag,2026-03-09,2026-03-09,,Normalläge,Är verksam,Dataprogrammering,62100,Malmö,Skåne,Malmö/Lund/Trelleborg,STORA VARVSGATAN 24 C LGH 1305,211 11,MALMÖ,,,Är registrerad för F-skatt,Har aldrig varit registrerad för moms,Har aldrig varit registrerad som arbetsgivare,0 anställda,Postadress är OK,"Tar emot reklam, ej telefonnummerspärrat"
0208046417,200208046417,"Svärdendahl, Zeb",,Fysiska personer,Ej aktiebolag,2026-03-09,2026-03-09,,Normalläge,Är verksam,Annan stödverksamhet avseende konstnärligt skapande och scenkonst,90390,Simrishamn,Skåne,Ystad/Simrishamn,JÄRNVÄGSGATAN 11,272 93,TOMMARP,,,Är registrerad för F-skatt,Är registrerad för moms,Har aldrig varit registrerad som arbetsgivare,0 anställda,Postadress är OK,"Tar emot reklam, ej telefonnummerspärrat"
0212125405,200212125405,"Palm, Sofia",,Fysiska personer,Ej aktiebolag,2026-03-09,2026-03-09,,Normalläge,Är verksam,Ljudinspelning och musikutgivning,59200,Malmö,Skåne,Malmö/Lund/Trelleborg,RÖNNBLOMSGATAN 11  LGH 1263,212 16,MALMÖ,,,Är registrerad för F-skatt,Är registrerad för moms,Har aldrig varit registrerad som arbetsgivare,0 anställda,Postadress är OK,"Tar emot reklam, ej telefonnummerspärrat"
0212313472,200212313472,"Pettersson Lundgren, Lo",,Fysiska personer,Ej aktiebolag,2026-03-09,2026-03-09,,Normalläge,Är verksam,"Produktion av film, video och tv-program",59110,Malmö,Skåne,Malmö/Lund/Trelleborg,SÖDRA FÖRSTADSGATAN 80 B LGH 1202,214 20,MALMÖ,,,Är registrerad för F-skatt,Är registrerad för moms,Har aldrig varit registrerad som arbetsgivare,0 anställda,Postadress är OK,"Tar emot reklam, ej telefonnummerspärrat"
0301019295,200301019295,"Al Hallak, Anas",,Fysiska personer,Ej aktiebolag,2026-03-09,2026-03-09,,Normalläge,Är verksam,Mobil restaurangverksamhet,56120,Kristianstad,Skåne,Kristianstad,BATALJONSVÄGEN 18  LGH 1202,291 37,KRISTIANSTAD,,,Är registrerad för F-skatt,Är registrerad för moms,Har aldrig varit registrerad som arbetsgivare,0 anställda,Postadress är OK,"Tar emot reklam, ej telefonnummerspärrat"
0303214175,200303214175,"Inajetovic, Enar",,Fysiska personer,Ej aktiebolag,2026-03-09,2026-03-09,,Normalläge,Är verksam,Utgivning av böcker,58110,Helsingborg,Skåne,Helsingborg/Landskrona,SÖDERGATAN 97  LGH 1107,252 37,HELSINGBORG,,,Är registrerad för F-skatt,Är registrerad för moms,Har aldrig varit registrerad som arbetsgivare,0 anställda,Postadress är OK,"Tar emot reklam, ej telefonnummerspärrat"
0304182017,200304182017,"Osborne, Adrian",,Fysiska personer,Ej aktiebolag,2026-03-09,2026-03-09,,Normalläge,Är verksam,Odling av övriga ett- och tvååriga växter,01199,Ängelholm,Skåne,Ängelholm,BOARPSVÄGEN 151,266 97,HJÄRNARP,,,Är registrerad för F-skatt,Är registrerad för moms,Har aldrig varit registrerad som arbetsgivare,0 anställda,Postadress är OK,"Tar emot reklam, ej telefonnummerspärrat"
0304200850,200304200850,"Lakatos, Isack",,Fysiska personer,Ej aktiebolag,2026-03-09,2026-03-09,,Normalläge,Är verksam,Tillverkning av sportartiklar,32300,Kävlinge,Skåne,Malmö/Lund/Trelleborg,TORVLADEVÄGEN 12 A,246 51,LÖDDEKÖPINGE,,,Är registrerad för F-skatt,Är registrerad för moms,Har aldrig varit registrerad som arbetsgivare,0 anställda,Postadress är OK,"Tar emot reklam, ej telefonnummerspärrat"
0308100056,200308100056,"Stenström, Xander James",,Fysiska personer,Ej aktiebolag,2026-03-09,2026-03-09,,Normalläge,Är verksam,Konsultverksamhet avseende företags organisation,70200,Helsingborg,Skåne,Helsingborg/Landskrona,VÄSTKUSTVÄGEN 524,254 77,FLENINGE,,,Är registrerad för F-skatt,Är registrerad för moms,Har aldrig varit registrerad som arbetsgivare,0 anställda,Postadress är OK,"Tar emot reklam, ej telefonnummerspärrat"
0402220842,200402220842,"Hamid, Basira",,Fysiska personer,Ej aktiebolag,2026-03-09,2026-03-09,,Normalläge,Är verksam,"Passagerartrafik på beställning, fordon med förare",49330,Malmö,Skåne,Malmö/Lund/Trelleborg,EMIL GÖRANSSONS VÄG 143,238 42,OXIE,,,Är registrerad för F-skatt,Är registrerad för moms,Är registrerad som vanlig arbetsgivare,1-9 anställda,Postadress är OK,"Tar emot reklam, ej telefonnummerspärrat"
0403270135,200403270135,"Bergman, Anton",,Fysiska personer,Ej aktiebolag,2026-03-09,2026-03-09,,Normalläge,Är verksam,Scenkonst,90200,Skurup,Skåne,Ystad/Simrishamn,KYRKOGATAN 68 K LGH 1101,274 33,SKURUP,,,Är registrerad för F-skatt,Har aldrig varit registrerad för moms,Har aldrig varit registrerad som arbetsgivare,0 anställda,Postadress är OK,"Tar emot reklam, ej telefonnummerspärrat"
0407126242,200407126242,"Dahringer, Ebba",,Fysiska personer,Ej aktiebolag,2026-03-09,2026-03-09,,Normalläge,Är verksam,Litterärt skapande och musikkomposition,90110,Höör,Skåne,Eslöv,HANDELSGATAN 4,243 30,HÖÖR,,,Är registrerad för F-skatt,Har aldrig varit registrerad för moms,Har aldrig varit registrerad som arbetsgivare,0 anställda,Postadress är OK,"Tar emot reklam, ej telefonnummerspärrat"
0407199538,200407199538,"Cirstocea, Mihai Alexandru",,Fysiska personer,Ej aktiebolag,2026-03-09,2026-03-09,,Normalläge,Är verksam,Reparation och underhåll av maskiner,33120,Svalöv,Skåne,Helsingborg/Landskrona,BILLINGEVÄGEN 24,268 68,RÖSTÅNGA,,,Är registrerad för F-skatt,Är registrerad för moms,Har aldrig varit registrerad som arbetsgivare,0 anställda,Postadress är OK,"Tar emot reklam, ej telefonnummerspärrat"
0408165371,200408165371,"Andersson, Gustav",,Fysiska personer,Ej aktiebolag,2026-03-09,2026-03-09,,Normalläge,Är verksam,Annan övrig utbildning,85599,Trelleborg,Skåne,Malmö/Lund/Trelleborg,MODESHÖGSVÄGEN 9,231 92,TRELLEBORG,,,Är registrerad för F-skatt,Är registrerad för moms,Har aldrig varit registrerad som arbetsgivare,0 anställda,Postadress är OK,"Tar emot reklam, ej telefonnummerspärrat"
0408203552,200408203552,"Khalaf, Hassan",,Fysiska personer,Ej aktiebolag,2026-03-09,2026-03-09,,Normalläge,Är verksam,Detaljhandel via internet eller postorder med brett sortiment,47123,Malmö,Skåne,Malmö/Lund/Trelleborg,CRONMANS VÄG 9 C LGH 1502,213 64,MALMÖ,,,Är registrerad för F-skatt,Har aldrig varit registrerad för moms,Har aldrig varit registrerad som arbetsgivare,0 anställda,Postadress är OK,"Tar emot reklam, ej telefonnummerspärrat"
0412164196,200412164196,"Nikolic, Miso",,Fysiska personer,Ej aktiebolag,2026-03-09,2026-03-09,,Normalläge,Är verksam,"Detaljhandel via internet eller postorder med möbler, belysningsartiklar, bordsartiklar och hushållsartiklar",47553,Lund,Skåne,Malmö/Lund/Trelleborg,MAGISTRATSVÄGEN 39 A LGH 1101,226 43,LUND,,,Är registrerad för F-skatt,Är registrerad för moms,Har aldrig varit registrerad som arbetsgivare,0 anställda,Postadress är OK,"Tar emot reklam, ej telefonnummerspärrat"
0412201618,200412201618,"Siddique, Arman",,Fysiska personer,Ej aktiebolag,2026-03-09,2026-03-09,,Normalläge,Är verksam,"Passagerartrafik på beställning, fordon med förare",49330,Malmö,Skåne,Malmö/Lund/Trelleborg,VON ROSENS VÄG 62  LGH 1503,213 68,MALMÖ,,,Är registrerad för F-skatt,Har aldrig varit registrerad för moms,Har aldrig varit registrerad som arbetsgivare,0 anställda,Postadress är OK,"Tar emot reklam, ej telefonnummerspärrat"
0502254295,200502254295,"Neldeborn, Hampus",,Fysiska personer,Ej aktiebolag,2026-03-09,2026-03-09,,Normalläge,Är verksam,"All övrig verksamhet inom juridik, ekonomi, vetenskap och teknik",74990,Vellinge,Skåne,Malmö/Lund/Trelleborg,ÖSTERGATAN 4  LGH 1201,235 33,VELLINGE,,,Är registrerad för F-skatt,Är registrerad för moms,Har aldrig varit registrerad som arbetsgivare,0 anställda,Postadress är OK,"Tar emot reklam, ej telefonnummerspärrat"
0503082695,200503082695,"Öström, Edvin",,Fysiska personer,Ej aktiebolag,2026-03-09,2026-03-09,,Normalläge,Är verksam,"Datainfrastruktur, databehandling, hosting o.d.",63100,Helsingborg,Skåne,Helsingborg/Landskrona,DROTTNINGGATAN 72 A LGH 1801,252 21,HELSINGBORG,,,Är registrerad för F-skatt,Är registrerad för moms,Har aldrig varit registrerad som arbetsgivare,0 anställda,Postadress är OK,"Tar emot reklam, ej telefonnummerspärrat"
0509038352,200509038352,"Konoval, Ihor",,Fysiska personer,Ej aktiebolag,2026-03-09,2026-03-09,,Normalläge,Är verksam,Byggande av bostadshus och andra byggnader,41000,Eslöv,Skåne,Eslöv,GÅRDSTÅNGAVÄGEN 27  LGH 1002,241 65,HARLÖSA,,,Är registrerad för F-skatt,Är registrerad för moms,Har aldrig varit registrerad som arbetsgivare,0 anställda,Postadress är OK,"Tar emot reklam, ej telefonnummerspärrat"
0509159539,200509159539,"Ajjouri, Mohammad Nour",,Fysiska personer,Ej aktiebolag,2026-03-09,2026-03-09,,Normalläge,Är verksam,Allmän service och reparation av motorfordon utom motorcyklar,95311,Tomelilla,Skåne,Ystad/Simrishamn,FABRIKSGATAN 4 A,273 30,TOMELILLA,,,Är registrerad för F-skatt,Är registrerad för moms,Har aldrig varit registrerad som arbetsgivare,0 anställda,Postadress är OK,"Tar emot reklam, ej telefonnummerspärrat"
0510161011,200510161011,"Styrmisson, Gabriel Freyr",,Fysiska personer,Ej aktiebolag,2026-03-09,2026-03-09,,Normalläge,Är verksam,Detaljhandel med tobaksvaror,47260,Malmö,Skåne,Malmö/Lund/Trelleborg,BLÅHAKEVÄGEN 15,212 23,MALMÖ,,,Är registrerad för F-skatt,Är registrerad för moms,Har aldrig varit registrerad som arbetsgivare,0 anställda,Postadress är OK,"Tar emot reklam, ej telefonnummerspärrat"
0512061904,200512061904,"Lövdén Ewerhard, Ellinor",,Fysiska personer,Ej aktiebolag,2026-03-09,2026-03-09,,Normalläge,Är verksam,Bildkonst,90120,Lund,Skåne,Malmö/Lund/Trelleborg,BANERGRÄNDEN 25,226 48,LUND,,,Är registrerad för F-skatt,Har aldrig varit registrerad för moms,Har aldrig varit registrerad som arbetsgivare,0 anställda,Postadress är OK,"Tar emot reklam, ej telefonnummerspärrat"
0512159666,200512159666,"Magnusson Carlstedt, Ebba",,Fysiska personer,Ej aktiebolag,2026-03-09,2026-03-09,,Normalläge,Är verksam,Skönhetsvård och andra skönhetsbehandlingar,96220,Malmö,Skåne,Malmö/Lund/Trelleborg,SÖLVESBORGSGATAN 8  LGH 1205,214 36,MALMÖ,,,Är registrerad för F-skatt,Är registrerad för moms,Har aldrig varit registrerad som arbetsgivare,0 anställda,Postadress är OK,"Tar emot reklam, ej telefonnummerspärrat"
0601201916,200601201916,"Masri, Khaled",,Fysiska personer,Ej aktiebolag,2026-03-09,2026-03-09,,Normalläge,Är verksam,Allmän service och reparation av motorfordon utom motorcyklar,95311,Helsingborg,Skåne,Helsingborg/Landskrona,CARL KROOKS GATA 54  LGH 1101,252 19,HELSINGBORG,,,Är registrerad för F-skatt,Är registrerad för moms,Har aldrig varit registrerad som arbetsgivare,0 anställda,Postadress är OK,"Tar emot reklam, ej telefonnummerspärrat"
0611212242,200611212242,"Lindblad, Majken",,Fysiska personer,Ej aktiebolag,2026-03-09,2026-03-09,,Normalläge,Är verksam,Sport- och fritidsutbildning,85510,Helsingborg,Skåne,Helsingborg/Landskrona,VASATORPSALLÉN 89,253 54,MÖRARP,,,Är registrerad för F-skatt,Har aldrig varit registrerad för moms,Har aldrig varit registrerad som arbetsgivare,0 anställda,Postadress är OK,"Tar emot reklam, ej telefonnummerspärrat"
0702212457,200702212457,"Alkhatib, Abdelrahman",,Fysiska personer,Ej aktiebolag,2026-03-09,2026-03-09,,Normalläge,Är verksam,Reklambyråverksamhet,73111,Malmö,Skåne,Malmö/Lund/Trelleborg,KRONETORPSGATAN 106 B LGH 1102,212 27,MALMÖ,,,Är registrerad för F-skatt,Har aldrig varit registrerad för moms,Har aldrig varit registrerad som arbetsgivare,0 anställda,Postadress är OK,"Tar emot reklam, ej telefonnummerspärrat"
0706213592,200706213592,"Pralica, Stefan",,Fysiska personer,Ej aktiebolag,2026-03-09,2026-03-09,,Normalläge,Är verksam,"Efterproduktion av film, video och tv-program",59120,Kristianstad,Skåne,Kristianstad,MAJVIVESTIGEN 13,296 34,ÅHUS,,,Är registrerad för F-skatt,Är registrerad för moms,Har aldrig varit registrerad som arbetsgivare,0 anställda,Postadress är OK,"Tar emot reklam, ej telefonnummerspärrat"
0708290010,200708290010,"Örwall Lovén, Harry",,Fysiska personer,Ej aktiebolag,2026-03-09,2026-03-09,,Normalläge,Är verksam,Konsultverksamhet avseende företags organisation,70200,Malmö,Skåne,Malmö/Lund/Trelleborg,TESSINS VÄG 17 B LGH 1602,217 58,MALMÖ,,,Är registrerad för F-skatt,Har aldrig varit registrerad för moms,Har aldrig varit registrerad som arbetsgivare,0 anställda,Postadress är OK,"Tar emot reklam, ej telefonnummerspärrat"
0801254095,200801254095,"Dorohin, Marcus",,Fysiska personer,Ej aktiebolag,2026-03-09,2026-03-09,,Normalläge,Är verksam,Tillverkning av trikåvaror,14100,Lomma,Skåne,Malmö/Lund/Trelleborg,GARNGRÄND 4,234 39,LOMMA,,,Är registrerad för F-skatt,Är registrerad för moms,Har aldrig varit registrerad som arbetsgivare,0 anställda,Postadress är OK,"Tar emot reklam, ej telefonnummerspärrat"
1030293300,161030293300,"LARSSONS DÖDSBO, YNGVE",,Oskiftade dödsbon,Ej aktiebolag,2026-03-09,2026-03-09,,Normalläge,Är verksam,Övrig skoglig verksamhet,02109,Helsingborg,Skåne,Helsingborg/Landskrona,KOLLEGIEVÄGEN 31,224 73,LUND,,,Är registrerad för F-skatt,Är registrerad för moms,Har aldrig varit registrerad som arbetsgivare,0 anställda,Postadress är OK,"Tar emot reklam, ej telefonnummerspärrat"
4803313990,194803313990,"Kvist, Sten",,Fysiska personer,Ej aktiebolag,2026-03-09,2026-03-09,,Normalläge,Är verksam,Skogsförvaltning,02101,Helsingborg,Skåne,Helsingborg/Landskrona,FROSTGATAN 100,254 75,ÖDÅKRA,,,Är registrerad för F-skatt,Är registrerad för moms,Har aldrig varit registrerad som arbetsgivare,0 anställda,Postadress är OK,"Tar emot reklam, ej telefonnummerspärrat"
5595744631,165595744631,APH Fastigheter AB,,Övriga aktiebolag,Privat,2026-03-09,2026-03-16,,Normalläge,Är verksam,Uthyrning och förvaltning av egna eller arrenderade bostäder,68201,Vellinge,Skåne,Malmö/Lund/Trelleborg,STORGATAN 14,235 36,VELLINGE,adamphilipssons@gmail.com,,Är registrerad för F-skatt,Har aldrig varit registrerad för moms,Har aldrig varit registrerad som arbetsgivare,0 anställda,Postadress är OK,"Tar emot reklam, ej telefonnummerspärrat"
5595744649,165595744649,AM Materia Synthesis AB,,Övriga aktiebolag,Privat,2026-03-09,2026-04-13,,Normalläge,Är verksam,Tillverkning av parfym och toalettartiklar,20420,Helsingborg,Skåne,Helsingborg/Landskrona,BOX 573,252 79,HELSINGBORG,info@aranahm.se,,Är registrerad för F-skatt,Är registrerad för moms,Är registrerad som vanlig arbetsgivare,1-9 anställda,Postadress är OK,"Tar emot reklam, ej telefonnummerspärrat"
5595744672,165595744672,Österlens Fordonscenter AB,,Övriga aktiebolag,Privat,2026-03-09,2026-03-09,,Normalläge,Är verksam,Partihandel med personbilar och lätta motorfordon,46711,Tomelilla,Skåne,Ystad/Simrishamn,INDUSTRIGATAN 10,273 35,TOMELILLA,,,Är registrerad för F-skatt,Är registrerad för moms,Har aldrig varit registrerad som arbetsgivare,0 anställda,Postadress är OK,"Tar emot reklam, ej telefonnummerspärrat"
5595744821,165595744821,Pop o' clock productions AB,,Övriga aktiebolag,Privat,2026-03-09,,,Normalläge,Har aldrig varit verksam,Okänd,00000,Malmö,Skåne,Malmö/Lund/Trelleborg,BASKEMÖLLEGATAN 5 A,214 40,MALMÖ,sebastian.a.larsson@gamil.com,,Har aldrig varit registrerad för F-skatt,Har aldrig varit registrerad för moms,Har aldrig varit registrerad som arbetsgivare,0 anställda,Postadress är OK,"Tar emot reklam, ej telefonnummerspärrat"
5595744896,165595744896,EmmeFast AB,,Övriga aktiebolag,Privat,2026-03-09,2026-03-23,,Normalläge,Är verksam,Investmentverksamhet,64991,Kristianstad,Skåne,Kristianstad,BJÖRKVÄGEN 4 B LGH 1002,290 30,KRISTIANSTAD,emmefastab@gmail.com,,Har aldrig varit registrerad för F-skatt,Har aldrig varit registrerad för moms,Är registrerad som vanlig arbetsgivare,1-9 anställda,Postadress är OK,"Tar emot reklam, ej telefonnummerspärrat"
5595745125,165595745125,Jagobay AB,,Övriga aktiebolag,Privat,2026-03-09,2026-03-09,,Normalläge,Är verksam,Detaljhandel via internet eller postorder med brett sortiment,47123,Malmö,Skåne,Malmö/Lund/Trelleborg,BOMGATAN 14,211 76,MALMÖ,,,Är registrerad för F-skatt,Är registrerad för moms,Har aldrig varit registrerad som arbetsgivare,0 anställda,Postadress är OK,"Tar emot reklam, ej telefonnummerspärrat"
5595745273,165595745273,Hesslelås Holding AB,,Övriga aktiebolag,Privat,2026-03-09,,,Normalläge,Har aldrig varit verksam,Okänd,00000,Hässleholm,Skåne,Hässleholm,STATTENAVÄGEN 52,281 33,HÄSSLEHOLM,robin@hesslelas.se,,Har aldrig varit registrerad för F-skatt,Har aldrig varit registrerad för moms,Har aldrig varit registrerad som arbetsgivare,0 anställda,Postadress är OK,"Tar emot reklam, ej telefonnummerspärrat"
5595745356,165595745356,Aurelia Estetik AB,,Övriga aktiebolag,Privat,2026-03-09,2026-03-30,,Normalläge,Är verksam,Skönhetsvård och andra skönhetsbehandlingar,96220,Malmö,Skåne,Malmö/Lund/Trelleborg,ERIKSTORPSGATAN 10 B,217 54,MALMÖ,aureliaestetik@gmail.com,,Är registrerad för F-skatt,Är registrerad för moms,Har aldrig varit registrerad som arbetsgivare,0 anställda,Postadress är OK,"Tar emot reklam, ej telefonnummerspärrat"
5595745406,165595745406,Geonous AB,,Övriga aktiebolag,Privat,2026-03-09,,,Normalläge,Har aldrig varit verksam,Okänd,00000,Kävlinge,Skåne,Malmö/Lund/Trelleborg,TORVLADEVÄGEN 1 C,246 51,LÖDDEKÖPINGE,botorbjorn.hurtig@gmail.com,,Har aldrig varit registrerad för F-skatt,Har aldrig varit registrerad för moms,Har aldrig varit registrerad som arbetsgivare,0 anställda,Postadress är OK,"Tar emot reklam, ej telefonnummerspärrat"
5595745554,165595745554,Weredo Holding AB,,Övriga aktiebolag,Privat,2026-03-09,,,Normalläge,Har aldrig varit verksam,Okänd,00000,Trelleborg,Skåne,Malmö/Lund/Trelleborg,LASTVÄGEN 11,231 62,TRELLEBORG,info@weredo.se,,Har aldrig varit registrerad för F-skatt,Har aldrig varit registrerad för moms,Har aldrig varit registrerad som arbetsgivare,0 anställda,Postadress är OK,"Tar emot reklam, ej telefonnummerspärrat"
5595745612,165595745612,Open Future Advisory AB,,Övriga aktiebolag,Privat,2026-03-09,,,Normalläge,Har aldrig varit verksam,Okänd,00000,Lund,Skåne,Malmö/Lund/Trelleborg,BANTORGET 2  1 TR,222 29,LUND,philip@paxxmedia.se,,Har aldrig varit registrerad för F-skatt,Har aldrig varit registrerad för moms,Har aldrig varit registrerad som arbetsgivare,0 anställda,Postadress är OK,"Tar emot reklam, ej telefonnummerspärrat"
5595745687,165595745687,Nordic Creatures Productions AB,,Övriga aktiebolag,Privat,2026-03-09,,,Normalläge,Har aldrig varit verksam,Okänd,00000,Vellinge,Skåne,Malmö/Lund/Trelleborg,MEJERIGATAN 31 A,235 31,VELLINGE,andre@nordiccreatures.com,,Har aldrig varit registrerad för F-skatt,Har aldrig varit registrerad för moms,Har aldrig varit registrerad som arbetsgivare,0 anställda,Postadress är OK,"Tar emot reklam, ej telefonnummerspärrat"
5595745711,165595745711,JAHEMLI AB,,Övriga aktiebolag,Privat,2026-03-09,,,Normalläge,Har aldrig varit verksam,Okänd,00000,Malmö,Skåne,Malmö/Lund/Trelleborg,KOCKUMSGATAN 3 A,211 42,MALMÖ,jacob-lindberg@hotmail.com,,Har aldrig varit registrerad för F-skatt,Har aldrig varit registrerad för moms,Har aldrig varit registrerad som arbetsgivare,0 anställda,Postadress är OK,"Tar emot reklam, ej telefonnummerspärrat"
5595745745,165595745745,Ingrid Persson Holding AB,,Övriga aktiebolag,Privat,2026-03-09,,,Normalläge,Har aldrig varit verksam,Okänd,00000,Hörby,Skåne,Eslöv,KVESARUM 4202,242 94,HÖRBY,ingridqpersson@hotmail.com,,Har aldrig varit registrerad för F-skatt,Har aldrig varit registrerad för moms,Har aldrig varit registrerad som arbetsgivare,0 anställda,Postadress är OK,"Tar emot reklam, ej telefonnummerspärrat"
5595745836,165595745836,SEOÅ AB,,Övriga aktiebolag,Privat,2026-03-09,,,Normalläge,Har aldrig varit verksam,Okänd,00000,Staffanstorp,Skåne,Malmö/Lund/Trelleborg,PRÄSTKRAGEVÄGEN 2 C,245 63,HJÄRUP,sofie.arskold@gmail.com,,Har aldrig varit registrerad för F-skatt,Har aldrig varit registrerad för moms,Har aldrig varit registrerad som arbetsgivare,0 anställda,Postadress är OK,"Tar emot reklam, ej telefonnummerspärrat"
5595745851,165595745851,Solsidan solskydd i Halmstad AB,,Övriga aktiebolag,Privat,2026-03-09,,,Normalläge,Har aldrig varit verksam,Okänd,00000,Båstad,Skåne,Ängelholm,TORNAKULLSVÄGEN 17,269 94,BÅSTAD,Superkids@live.se,,Har aldrig varit registrerad för F-skatt,Har aldrig varit registrerad för moms,Har aldrig varit registrerad som arbetsgivare,0 anställda,Postadress är OK,"Tar emot reklam, ej telefonnummerspärrat"
5595745927,165595745927,JBT Nordic Bygg & Entreprenad AB,,Övriga aktiebolag,Privat,2026-03-09,,,Normalläge,Har aldrig varit verksam,Okänd,00000,Lomma,Skåne,Malmö/Lund/Trelleborg,HÖJEÅGATAN 157,234 33,LOMMA,jb@jbtnordicgroup.com,,Har aldrig varit registrerad för F-skatt,Har aldrig varit registrerad för moms,Har aldrig varit registrerad som arbetsgivare,0 anställda,Postadress är OK,"Tar emot reklam, ej telefonnummerspärrat"
5595745950,165595745950,JBT Nordic Group AB,,Övriga aktiebolag,Privat,2026-03-09,,,Normalläge,Har aldrig varit verksam,Okänd,00000,Lomma,Skåne,Malmö/Lund/Trelleborg,HÖJEÅGATAN 157,234 33,LOMMA,jb@jbtnordicgroup.com,,Har aldrig varit registrerad för F-skatt,Har aldrig varit registrerad för moms,Har aldrig varit registrerad som arbetsgivare,0 anställda,Postadress är OK,"Tar emot reklam, ej telefonnummerspärrat"
5595746099,165595746099,J.A Byggservice AB,,Övriga aktiebolag,Privat,2026-03-09,2026-03-16,,Normalläge,Är verksam,Byggande av bostadshus och andra byggnader,41000,Kävlinge,Skåne,Malmö/Lund/Trelleborg,PUGERUPSVÄGEN 18,243 95,HÖÖR,jensalfeltnilsson@hotmail.com,,Är registrerad för F-skatt,Är registrerad för moms,Har aldrig varit registrerad som arbetsgivare,0 anställda,Postadress är OK,"Tar emot reklam, ej telefonnummerspärrat"
5595746123,165595746123,MA Core AB,,Övriga aktiebolag,Privat,2026-03-09,2026-03-09,,Normalläge,Är verksam,Annan övrig hälso- och sjukvård,86999,Helsingborg,Skåne,Helsingborg/Landskrona,REGEMENTSVÄGEN 4 B,254 57,HELSINGBORG,mustafaimadali@gmail.com,,Är registrerad för F-skatt,Har aldrig varit registrerad för moms,Har aldrig varit registrerad som arbetsgivare,0 anställda,Postadress är OK,"Tar emot reklam, ej telefonnummerspärrat"
5595746172,165595746172,Schedulyn Software AB,,Övriga aktiebolag,Privat,2026-03-09,2026-03-23,,Normalläge,Är verksam,Dataprogrammering,62100,Kävlinge,Skåne,Malmö/Lund/Trelleborg,TINGSVÄGEN 161,244 91,KÄVLINGE,,,Är registrerad för F-skatt,Är registrerad för moms,Har aldrig varit registrerad som arbetsgivare,0 anställda,Postadress är OK,"Tar emot reklam, ej telefonnummerspärrat"
5595746321,165595746321,Attusa Automation AB,,Övriga aktiebolag,Privat,2026-03-09,2026-03-30,,Normalläge,Är verksam,Teknisk konsultverksamhet inom industriteknik,71122,Simrishamn,Skåne,Ystad/Simrishamn,ATTUSAVÄGEN 19,277 45,SANKT OLOF,h.lindau@telia.com,,Är registrerad för F-skatt,Har aldrig varit registrerad för moms,Har aldrig varit registrerad som arbetsgivare,0 anställda,Postadress är OK,"Tar emot reklam, ej telefonnummerspärrat"
5595746362,165595746362,Årfelt Media AB,,Övriga aktiebolag,Privat,2026-03-09,2026-04-07,,Normalläge,Är verksam,Dataprogrammering,62100,Sjöbo,Skåne,Ystad/Simrishamn,TJÄDERBACKEN 14,275 39,SJÖBO,carfelt@gmail.com,,Är registrerad för F-skatt,Är registrerad för moms,Har aldrig varit registrerad som arbetsgivare,0 anställda,Postadress är OK,"Tar emot reklam, ej telefonnummerspärrat"
5595746396,165595746396,Perlazasnickeri AB,,Övriga aktiebolag,Privat,2026-03-09,,,Normalläge,Har aldrig varit verksam,Okänd,00000,Malmö,Skåne,Malmö/Lund/Trelleborg,LANTMANNAGATAN 11 B,214 44,MALMÖ,,,Har aldrig varit registrerad för F-skatt,Har aldrig varit registrerad för moms,Har aldrig varit registrerad som arbetsgivare,0 anställda,Postadress är OK,"Tar emot reklam, ej telefonnummerspärrat"
5595746412,165595746412,JLAB Vattenteknik AB,,Övriga aktiebolag,Privat,2026-03-09,2026-04-13,,Normalläge,Är verksam,"Sanering, efterbehandling av jord och vatten samt annan verksamhet för föroreningsbekämpning",39000,Höör,Skåne,Eslöv,SÖDRA HULTARP 526,243 97,HALLARÖD,joel@hultarp.se,,Är registrerad för F-skatt,Är registrerad för moms,Är registrerad som vanlig arbetsgivare,1-9 anställda,Postadress är OK,"Tar emot reklam, ej telefonnummerspärrat"
5595746552,165595746552,LPEF Holding AB,,Övriga aktiebolag,Privat,2026-03-09,,,Normalläge,Har aldrig varit verksam,Okänd,00000,Bromölla,Skåne,Kristianstad,OLOFSTRÖMSVÄGEN 738-3,295 94,NÄSUM,lp.persson.85@gmail.com,,Har aldrig varit registrerad för F-skatt,Har aldrig varit registrerad för moms,Har aldrig varit registrerad som arbetsgivare,0 anställda,Postadress är OK,"Tar emot reklam, ej telefonnummerspärrat"
5595746859,165595746859,HAMADA GROUP AB,,Övriga aktiebolag,Privat,2026-03-09,,,Normalläge,Har aldrig varit verksam,Okänd,00000,Eslöv,Skåne,Eslöv,STORGATAN 2,241 30,ESLÖV,muhammadhammada90@gmail.com,,Har aldrig varit registrerad för F-skatt,Har aldrig varit registrerad för moms,Har aldrig varit registrerad som arbetsgivare,0 anställda,Postadress är OK,"Tar emot reklam, ej telefonnummerspärrat"
5595747014,165595747014,Nordic Salva AB,,Övriga aktiebolag,Privat,2026-03-09,2026-04-13,,Normalläge,Är verksam,Sjuksköterske- och barnmorskeverksamhet,86940,Malmö,Skåne,Malmö/Lund/Trelleborg,INDUSTRIGATAN 9 B,212 53,MALMÖ,roger.salvatierra@outlook.com,,Är registrerad för F-skatt,Har aldrig varit registrerad för moms,Har aldrig varit registrerad som arbetsgivare,0 anställda,Postadress är OK,"Tar emot reklam, ej telefonnummerspärrat"
5595747139,165595747139,AT35 AB,,Övriga aktiebolag,Privat,2026-03-09,2026-03-09,,Normalläge,Är verksam,Konsultverksamhet avseende företags organisation,70200,Landskrona,Skåne,Helsingborg/Landskrona,SKEPPARVÄGEN 65,261 61,LANDSKRONA,at35ab@gmail.com,,Är registrerad för F-skatt,Är registrerad för moms,Har aldrig varit registrerad som arbetsgivare,0 anställda,Postadress är OK,"Tar emot reklam, ej telefonnummerspärrat"
5595747204,165595747204,C5 House AB,,Övriga aktiebolag,Privat,2026-03-09,,,Normalläge,Har aldrig varit verksam,Okänd,00000,Malmö,Skåne,Malmö/Lund/Trelleborg,SKILLINGGATAN 18,212 33,MALMÖ,,,Har aldrig varit registrerad för F-skatt,Har aldrig varit registrerad för moms,Har aldrig varit registrerad som arbetsgivare,0 anställda,Postadress är OK,"Tar emot reklam, ej telefonnummerspärrat"
5595747550,165595747550,Dartiq AB,,Övriga aktiebolag,Privat,2026-03-09,2026-04-13,,Normalläge,Är verksam,Datakonsultverksamhet,62201,Malmö,Skåne,Malmö/Lund/Trelleborg,INUSTRIGATAN 4 B,212 14,MALMÖ,william.pihl@outlook.com,,Är registrerad för F-skatt,Har aldrig varit registrerad för moms,Har aldrig varit registrerad som arbetsgivare,0 anställda,Postadress är OK,"Tar emot reklam, ej telefonnummerspärrat"
5595747584,165595747584,MoYo Global Transport AB,,Övriga aktiebolag,Privat,2026-03-09,2026-03-09,,Normalläge,Är verksam,"Vägtransport, godstrafik",49410,Trelleborg,Skåne,Malmö/Lund/Trelleborg,GLÄDJEBACKSGATAN 4 A,231 45,TRELLEBORG,mohamad.youness@outlook.com,,Är registrerad för F-skatt,Är registrerad för moms,Har aldrig varit registrerad som arbetsgivare,0 anställda,Postadress är OK,"Tar emot reklam, ej telefonnummerspärrat"
5595747600,165595747600,AO Accounting AB,,Övriga aktiebolag,Privat,2026-03-09,,,Normalläge,Har aldrig varit verksam,Okänd,00000,Helsingborg,Skåne,Helsingborg/Landskrona,LYRÖGATAN 13,257 30,RYDEBÄCK,anette.o@outlook.com,,Har aldrig varit registrerad för F-skatt,Har aldrig varit registrerad för moms,Har aldrig varit registrerad som arbetsgivare,0 anställda,Postadress är OK,"Tar emot reklam, ej telefonnummerspärrat"
5595747642,165595747642,Spatalata AB,,Övriga aktiebolag,Privat,2026-03-09,2026-03-23,,Normalläge,Är verksam,Partihandel med datorer och kringutrustning samt programvara; samt annan kontorsutrustning,46501,Malmö,Skåne,Malmö/Lund/Trelleborg,BOX 2820,403 20,GÖTEBORG,spatalata.ab@gmail.com,,Är registrerad för F-skatt,Är registrerad för moms,Är registrerad som vanlig arbetsgivare,1-9 anställda,Postadress är OK,"Tar emot reklam, ej telefonnummerspärrat"
5595747741,165595747741,MIP Media AB,,Övriga aktiebolag,Privat,2026-03-09,2026-04-13,,Normalläge,Är verksam,Fotoverksamhet,74200,Östra Göinge,Skåne,Kristianstad,FRIGGATOFTA 2027,289 94,GLIMÅKRA,mp@mip.nu,,Är registrerad för F-skatt,Är registrerad för moms,Har aldrig varit registrerad som arbetsgivare,0 anställda,Postadress är OK,"Tar emot reklam, ej telefonnummerspärrat"
5595747899,165595747899,VH studio AB,,Övriga aktiebolag,Privat,2026-03-09,2026-03-09,,Normalläge,Är verksam,Mediebyråverksamhet och annonsförsäljning,73120,Helsingborg,Skåne,Helsingborg/Landskrona,DALHEMSVÄGEN 132 A,254 63,HELSINGBORG,,,Är registrerad för F-skatt,Är registrerad för moms,Är registrerad som vanlig arbetsgivare,1-9 anställda,Postadress är OK,"Tar emot reklam, ej telefonnummerspärrat"
5595748194,165595748194,CH Golvteknik Fastighets AB,,Övriga aktiebolag,Privat,2026-03-09,,,Normalläge,Har aldrig varit verksam,Okänd,00000,Malmö,Skåne,Malmö/Lund/Trelleborg,VOLFRAMGATAN 10,213 64,MALMÖ,,,Har aldrig varit registrerad för F-skatt,Har aldrig varit registrerad för moms,Har aldrig varit registrerad som arbetsgivare,0 anställda,Postadress är OK,"Tar emot reklam, ej telefonnummerspärrat"
5595748277,165595748277,Silicon Valley Mind AB,,Övriga aktiebolag,Privat,2026-03-09,,,Normalläge,Har aldrig varit verksam,Okänd,00000,Malmö,Skåne,Malmö/Lund/Trelleborg,FRIISGATAN 11 B,214 21,MALMÖ,samer@wyz.se,,Har aldrig varit registrerad för F-skatt,Har aldrig varit registrerad för moms,Har aldrig varit registrerad som arbetsgivare,0 anställda,Postadress är OK,"Tar emot reklam, ej telefonnummerspärrat"
5595748426,165595748426,Jojtec AB,,Övriga aktiebolag,Privat,2026-03-09,2026-03-23,,Normalläge,Är verksam,Dataprogrammering,62100,Hässleholm,Skåne,Hässleholm,VANKIVA 2511,281 95,VANKIVA,jonas.e.erlandsson@gmail.com,,Är registrerad för F-skatt,Är registrerad för moms,Har aldrig varit registrerad som arbetsgivare,0 anställda,Postadress är OK,"Tar emot reklam, ej telefonnummerspärrat"
5595748459,165595748459,Vomb Bed & Box Country Retreat AB,,Övriga aktiebolag,Privat,2026-03-09,2026-03-30,,Normalläge,Är verksam,Övrig fritids- och nöjesverksamhet,93290,Lund,Skåne,Malmö/Lund/Trelleborg,VOMB 203,247 96,VEBERÖD,,,Är registrerad för F-skatt,Är registrerad för moms,Har aldrig varit registrerad som arbetsgivare,0 anställda,Postadress är OK,"Tar emot reklam, ej telefonnummerspärrat"
5595749143,165595749143,KAABS Recycling AB,,Övriga aktiebolag,Privat,2026-03-09,,,Normalläge,Har aldrig varit verksam,Okänd,00000,Helsingborg,Skåne,Helsingborg/Landskrona,HJORTHÖGSVÄGEN 15,254 64,HELSINGBORG,martin.svanberg@kaabs.se,,Har aldrig varit registrerad för F-skatt,Har aldrig varit registrerad för moms,Har aldrig varit registrerad som arbetsgivare,0 anställda,Postadress är OK,"Tar emot reklam, ej telefonnummerspärrat"
5595749150,165595749150,Gimli Tools AB,,Övriga aktiebolag,Privat,2026-03-09,2026-04-07,,Normalläge,Är verksam,Utgivning av annan programvara,58290,Lund,Skåne,Malmö/Lund/Trelleborg,MUSIKANTVÄGEN 4 B,224 68,LUND,jockesan@gmail.com,,Är registrerad för F-skatt,Är registrerad för moms,Har aldrig varit registrerad som arbetsgivare,0 anställda,Postadress är OK,"Tar emot reklam, ej telefonnummerspärrat"
5595749192,165595749192,Vävgubben AB,,Övriga aktiebolag,Privat,2026-03-09,,,Normalläge,Har aldrig varit verksam,Okänd,00000,Hässleholm,Skåne,Hässleholm,BAGGABYGGEVÄGEN 13,312 52,KNÄRED,,,Har aldrig varit registrerad för F-skatt,Har aldrig varit registrerad för moms,Har aldrig varit registrerad som arbetsgivare,0 anställda,Postadress är OK,"Tar emot reklam, ej telefonnummerspärrat"
5595749218,165595749218,Nordanå Bygg AB,,Övriga aktiebolag,Privat,2026-03-09,2026-04-13,,Normalläge,Är verksam,Byggnadssnickeriarbeten,43320,Burlöv,Skåne,Malmö/Lund/Trelleborg,NORDANÅVÄGEN 20,232 91,ARLÖV,driton.celaj@outlook.com,,Är registrerad för F-skatt,Är registrerad för moms,Har aldrig varit registrerad som arbetsgivare,0 anställda,Postadress är OK,"Tar emot reklam, ej telefonnummerspärrat"
5595749291,165595749291,MS Event & Café AB,,Övriga aktiebolag,Privat,2026-03-09,2026-03-16,,Normalläge,Är verksam,Restaurangverksamhet,56110,Ängelholm,Skåne,Ängelholm,JÖNS KAUNS VÄG 4,266 97,HJÄRNARP,solbacken.alex@gmail.com,,Är registrerad för F-skatt,Är registrerad för moms,Har aldrig varit registrerad som arbetsgivare,0 anställda,Postadress är OK,"Tar emot reklam, ej telefonnummerspärrat"
5595749317,165595749317,Kummerfeldt advokatbyrå AB,,Övriga aktiebolag,Privat,2026-03-09,2026-03-23,,Normalläge,Är verksam,Advokatbyråverksamhet,69101,Malmö,Skåne,Malmö/Lund/Trelleborg,AMIRALSGATAN 20,211 55,MALMÖ,info@fridakummerfeldt.se,,Är registrerad för F-skatt,Är registrerad för moms,Är registrerad som vanlig arbetsgivare,1-9 anställda,Postadress är OK,"Tar emot reklam, ej telefonnummerspärrat"
5595749374,165595749374,Sharon Ma AB,,Övriga aktiebolag,Privat,2026-03-09,2026-03-16,,Normalläge,Är verksam,Reklambyråverksamhet,73111,Malmö,Skåne,Malmö/Lund/Trelleborg,MÖLLEDALSGATAN 64,212 40,MALMÖ,,,Är registrerad för F-skatt,Är registrerad för moms,Har aldrig varit registrerad som arbetsgivare,0 anställda,Postadress är OK,"Tar emot reklam, ej telefonnummerspärrat"
5595749630,165595749630,HumanPerformer International AB,,Övriga aktiebolag,Privat,2026-03-09,2026-03-30,,Normalläge,Är verksam,Annan naturvetenskaplig och teknisk forskning och utveckling,72109,Lund,Skåne,Malmö/Lund/Trelleborg,STORA SÖDERGATAN 28 A,222 23,LUND,ahalderemail@gmail.com,,Är registrerad för F-skatt,Är registrerad för moms,Är registrerad som vanlig arbetsgivare,1-9 anställda,Postadress är OK,"Tar emot reklam, ej telefonnummerspärrat"
5595749713,165595749713,N.L.I Bygg AB,,Övriga aktiebolag,Privat,2026-03-09,2026-03-16,,Normalläge,Är verksam,Byggande av bostadshus och andra byggnader,41000,Sjöbo,Skåne,Ystad/Simrishamn,SÖDRA NÄSBYVÄGEN 41,275 72,LÖVESTAD,nlibygg.se@gmail.com,,Är registrerad för F-skatt,Är registrerad för moms,Är registrerad som vanlig arbetsgivare,1-9 anställda,Postadress är OK,"Tar emot reklam, ej telefonnummerspärrat"
5595750042,165595750042,Oskarin Properties AB,,Övriga aktiebolag,Privat,2026-03-09,2026-04-13,,Normalläge,Är verksam,Övrig förvaltning av egna eller arrenderade fastigheter,68209,Lund,Skåne,Malmö/Lund/Trelleborg,BREDGATAN 8,222 21,LUND,oskar.ebbinghaus@gmail.com,,Är registrerad för F-skatt,Är registrerad för moms,Har aldrig varit registrerad som arbetsgivare,0 anställda,Postadress är OK,"Tar emot reklam, ej telefonnummerspärrat"
5595750133,165595750133,Clairmont Collection AB,,Övriga aktiebolag,Privat,2026-03-09,2026-03-09,,Normalläge,Är verksam,Detaljhandel via internet eller postorder med brett sortiment,47123,Malmö,Skåne,Malmö/Lund/Trelleborg,HÖBALSGATAN 23,216 33,LIMHAMN,sandra.nguyen@smidigredovisning.com,,Är registrerad för F-skatt,Är registrerad för moms,Har aldrig varit registrerad som arbetsgivare,0 anställda,Postadress är OK,"Tar emot reklam, ej telefonnummerspärrat"
5595750174,165595750174,Regmyr & Jansson AB,,Övriga aktiebolag,Privat,2026-03-09,2026-03-23,,Normalläge,Är verksam,Elinstallationer,43210,Malmö,Skåne,Malmö/Lund/Trelleborg,FLAGGSKEPPSGATAN 4,211 14,MALMÖ,,,Är registrerad för F-skatt,Har aldrig varit registrerad för moms,Har aldrig varit registrerad som arbetsgivare,0 anställda,Postadress är OK,"Tar emot reklam, ej telefonnummerspärrat"
5595750182,165595750182,Cloudanica AB,,Övriga aktiebolag,Privat,2026-03-09,2026-03-09,,Normalläge,Är verksam,Dataprogrammering,62100,Malmö,Skåne,Malmö/Lund/Trelleborg,ROSENGRENSGATA 29,216 44,LIMHAMN,justmrvka@gmail.com,,Är registrerad för F-skatt,Är registrerad för moms,Har aldrig varit registrerad som arbetsgivare,0 anställda,Postadress är OK,"Tar emot reklam, ej telefonnummerspärrat"
5595750190,165595750190,Jay Olofsson AB,,Övriga aktiebolag,Privat,2026-03-09,2026-03-30,,Normalläge,Är verksam,Detaljhandel via internet eller postorder med kläder,47712,Malmö,Skåne,Malmö/Lund/Trelleborg,KLIPPERGATAN 16,211 75,MALMÖ,edlyn.olofsson@gmail.com,,Är registrerad för F-skatt,Är registrerad för moms,Har aldrig varit registrerad som arbetsgivare,0 anställda,Postadress är OK,"Tar emot reklam, ej telefonnummerspärrat"
5595750257,165595750257,Peter Olsson Undervisning AB,,Övriga aktiebolag,Privat,2026-03-09,,,Normalläge,Har aldrig varit verksam,Okänd,00000,Lund,Skåne,Malmö/Lund/Trelleborg,VIPEHOLMS ALLÉ 40,224 66,LUND,polsn84@gmail.com,,Har aldrig varit registrerad för F-skatt,Har aldrig varit registrerad för moms,Har aldrig varit registrerad som arbetsgivare,0 anställda,Postadress är OK,"Tar emot reklam, ej telefonnummerspärrat"
5595750331,165595750331,Bistro13 AB,,Övriga aktiebolag,Privat,2026-03-09,2026-03-16,,Normalläge,Är verksam,Restaurangverksamhet,56110,Lund,Skåne,Malmö/Lund/Trelleborg,SANDGATAN 10,223 50,LUND,yuliiapleskach@gmail.com,,Är registrerad för F-skatt,Är registrerad för moms,Är registrerad som vanlig arbetsgivare,1-9 anställda,Postadress är OK,"Tar emot reklam, ej telefonnummerspärrat"
5595750372,165595750372,040Wellness AB,,Övriga aktiebolag,Privat,2026-03-09,,,Normalläge,Har aldrig varit verksam,Okänd,00000,Malmö,Skåne,Malmö/Lund/Trelleborg,LUGNAGATAN 31  LGH 108,211 59,MALMÖ,ernesto@prosperi.se,,Har aldrig varit registrerad för F-skatt,Har aldrig varit registrerad för moms,Har aldrig varit registrerad som arbetsgivare,0 anställda,Postadress är OK,"Tar emot reklam, ej telefonnummerspärrat"
5595750570,165595750570,E Göransson Entreprenad AB,,Övriga aktiebolag,Privat,2026-03-09,2026-03-16,,Normalläge,Är verksam,Mark- och grundarbeten,43120,Trelleborg,Skåne,Malmö/Lund/Trelleborg,ÅDALAVÄGEN 150-40,274 94,SKURUP,goranssonelias@gmail.com,,Är registrerad för F-skatt,Är registrerad för moms,Är registrerad som vanlig arbetsgivare,1-9 anställda,Postadress är OK,"Tar emot reklam, ej telefonnummerspärrat"
5595750646,165595750646,Adrevicor Sweden AB,,Övriga aktiebolag,Privat,2026-03-09,,,Normalläge,Har aldrig varit verksam,Okänd,00000,Helsingborg,Skåne,Helsingborg/Landskrona,KANONGATAN 155,254 67,HELSINGBORG,,,Har aldrig varit registrerad för F-skatt,Har aldrig varit registrerad för moms,Har aldrig varit registrerad som arbetsgivare,0 anställda,Postadress är OK,"Tar emot reklam, ej telefonnummerspärrat"
5595750653,165595750653,LSB Trädgård AB,,Övriga aktiebolag,Privat,2026-03-09,2026-04-13,,Normalläge,Är verksam,Skötsel och underhåll av grönytor,81300,Landskrona,Skåne,Helsingborg/Landskrona,SÖDRA KVÄRLÖVSVÄGEN 1,261 94,ANNELÖV,linnbrave@hotmail.com,,Är registrerad för F-skatt,Har aldrig varit registrerad för moms,Har aldrig varit registrerad som arbetsgivare,0 anställda,Postadress är OK,"Tar emot reklam, ej telefonnummerspärrat"
5595750695,165595750695,Psykolog Hanna Swierczewska AB,,Övriga aktiebolag,Privat,2026-03-09,2026-04-07,,Normalläge,Är verksam,"Psykologi- och psykoterapiverksamhet, utom läkare",86930,Malmö,Skåne,Malmö/Lund/Trelleborg,LUNDBERGSGATAN 18 B LGH 1302,217 51,MALMÖ,hana.swierczewska@gmail.com,,Är registrerad för F-skatt,Är registrerad för moms,Är registrerad som vanlig arbetsgivare,1-9 anställda,Postadress är OK,"Tar emot reklam, ej telefonnummerspärrat"
5595750711,165595750711,Main Quest AB,,Övriga aktiebolag,Privat,2026-03-09,,,Normalläge,Har aldrig varit verksam,Okänd,00000,Helsingborg,Skåne,Helsingborg/Landskrona,KOPPARMÖLLEPLATSEN 1,254 31,HELSINGBORG,peterlindh@me.com,,Har aldrig varit registrerad för F-skatt,Har aldrig varit registrerad för moms,Har aldrig varit registrerad som arbetsgivare,0 anställda,Postadress är OK,"Tar emot reklam, ej telefonnummerspärrat"
5595751057,165595751057,Kävlinge Vagneri AB,,Övriga aktiebolag,Privat,2026-03-09,2026-03-16,,Normalläge,Är verksam,Uthyrning och leasing av diverse övrig utrustning samt diverse övriga maskiner och materiella tillgångar,77390,Kävlinge,Skåne,Malmö/Lund/Trelleborg,FÖRETAGSHUSVÄGEN 6 C,244 93,KÄVLINGE,,,Är registrerad för F-skatt,Är registrerad för moms,Är registrerad som vanlig arbetsgivare,1-9 anställda,Postadress är OK,"Tar emot reklam, ej telefonnummerspärrat"
5595751164,165595751164,Mímir Sports AB,,Övriga aktiebolag,Privat,2026-03-09,,,Normalläge,Har aldrig varit verksam,Okänd,00000,Landskrona,Skåne,Helsingborg/Landskrona,RINGVÄGEN 9 A,261 42,LANDSKRONA,arnobdatta33@gmail.com,,Har aldrig varit registrerad för F-skatt,Har aldrig varit registrerad för moms,Har aldrig varit registrerad som arbetsgivare,0 anställda,Postadress är OK,"Tar emot reklam, ej telefonnummerspärrat"
5595751271,165595751271,Malva Lava AB,,Övriga aktiebolag,Privat,2026-03-09,2026-03-16,,Normalläge,Är verksam,Lokalvård,81210,Svedala,Skåne,Malmö/Lund/Trelleborg,KALKEMADSVÄGEN 10,233 93,SVEDALA,email@malvalava.com,,Är registrerad för F-skatt,Är registrerad för moms,Har aldrig varit registrerad som arbetsgivare,0 anställda,Postadress är OK,"Tar emot reklam, ej telefonnummerspärrat"
5595751354,165595751354,RIECON AB,,Övriga aktiebolag,Privat,2026-03-09,,,Normalläge,Har aldrig varit verksam,Okänd,00000,Helsingborg,Skåne,Helsingborg/Landskrona,VÄSTERVIKSGATAN 25,252 51,HELSINGBORG,rasmus.kronberg@hotmail.com,,Har aldrig varit registrerad för F-skatt,Har aldrig varit registrerad för moms,Har aldrig varit registrerad som arbetsgivare,0 anställda,Postadress är OK,"Tar emot reklam, ej telefonnummerspärrat"
5595751586,165595751586,Möe Mad AB,,Övriga aktiebolag,Privat,2026-03-09,2026-03-09,,Normalläge,Är verksam,Restaurangverksamhet,56110,Malmö,Skåne,Malmö/Lund/Trelleborg,VITEMÖLLEGATAN 8 A,214 42,MALMÖ,modestybladh@gmail.com,,Är registrerad för F-skatt,Är registrerad för moms,Har aldrig varit registrerad som arbetsgivare,0 anställda,Postadress är OK,"Tar emot reklam, ej telefonnummerspärrat"
5595751685,165595751685,Dunmar Studios AB,,Övriga aktiebolag,Privat,2026-03-09,,,Normalläge,Har aldrig varit verksam,Okänd,00000,Malmö,Skåne,Malmö/Lund/Trelleborg,STORA VARVSGATAN 24  LGH 1105,211 11,MALMÖ,felix.dunmar@hotmail.com,,Har aldrig varit registrerad för F-skatt,Har aldrig varit registrerad för moms,Har aldrig varit registrerad som arbetsgivare,0 anställda,Postadress är OK,"Tar emot reklam, ej telefonnummerspärrat"
5595751701,165595751701,PlatsPatrullen AB,,Övriga aktiebolag,Privat,2026-03-09,2026-03-16,,Normalläge,Är verksam,Diverse övriga konsumenttjänster,96990,Lund,Skåne,Malmö/Lund/Trelleborg,VIPEMÖLLEVÄGEN 113,224 66,LUND,marie.norberg@gmail.com,,Är registrerad för F-skatt,Är registrerad för moms,Har aldrig varit registrerad som arbetsgivare,0 anställda,Postadress är OK,"Tar emot reklam, ej telefonnummerspärrat"
5595751776,165595751776,Happy Hour Orkester AB,,Övriga aktiebolag,Privat,2026-03-09,,,Normalläge,Har aldrig varit verksam,Okänd,00000,Ystad,Skåne,Ystad/Simrishamn,VÅRGATAN 11,272 61,GÄRSNÄS,rocktrubaduren@gmail.com,,Har aldrig varit registrerad för F-skatt,Har aldrig varit registrerad för moms,Har aldrig varit registrerad som arbetsgivare,0 anställda,Postadress är OK,"Tar emot reklam, ej telefonnummerspärrat"
5595751859,165595751859,Investment AB Ristenstrand,,Övriga aktiebolag,Privat,2026-03-09,,,Normalläge,Har aldrig varit verksam,Okänd,00000,Helsingborg,Skåne,Helsingborg/Landskrona,KAPPLANDSGATAN 25,256 67,HELSINGBORG,Ristenstrand@gmail.com,,Har aldrig varit registrerad för F-skatt,Har aldrig varit registrerad för moms,Har aldrig varit registrerad som arbetsgivare,0 anställda,Postadress är OK,"Tar emot reklam, ej telefonnummerspärrat"
5595751883,165595751883,FHG Logistik AB,,Övriga aktiebolag,Privat,2026-03-09,2026-03-16,,Normalläge,Är verksam,Magasinering och varulagring,52100,Kävlinge,Skåne,Malmö/Lund/Trelleborg,FÖRETAGSHUSVÄGEN 6 C,244 93,KÄVLINGE,,,Är registrerad för F-skatt,Är registrerad för moms,Är registrerad som vanlig arbetsgivare,1-9 anställda,Postadress är OK,"Tar emot reklam, ej telefonnummerspärrat"
5595751933,165595751933,CTV.FNDTN AB,,Övriga aktiebolag,Privat,2026-03-09,,,Normalläge,Har aldrig varit verksam,Okänd,00000,Båstad,Skåne,Ängelholm,NORRA VALLGATAN 2 A,223 62,LUND,tessen.vongeijer99@gmail.com,,Har aldrig varit registrerad för F-skatt,Har aldrig varit registrerad för moms,Har aldrig varit registrerad som arbetsgivare,0 anställda,Postadress är OK,"Tar emot reklam, ej telefonnummerspärrat"
5595752097,165595752097,Kastanjelyckan AB,,Övriga aktiebolag,Privat,2026-03-09,,,Normalläge,Har aldrig varit verksam,Okänd,00000,Simrishamn,Skåne,Ystad/Simrishamn,TÅGARPSVÄGEN 48,272 93,TOMMARP,yasmine.sam@hotmail.com,,Har aldrig varit registrerad för F-skatt,Har aldrig varit registrerad för moms,Har aldrig varit registrerad som arbetsgivare,0 anställda,Postadress är OK,"Tar emot reklam, ej telefonnummerspärrat"
5595752113,165595752113,Kevki Bowling AB,,Övriga aktiebolag,Privat,2026-03-09,2026-03-16,,Normalläge,Är verksam,Reparation och underhåll av annan utrustning,33190,Helsingborg,Skåne,Helsingborg/Landskrona,LOVARTSVÄGEN 28,262 94,ÄNGELHOLM,kim@bowlare.se,,Är registrerad för F-skatt,Är registrerad för moms,Har aldrig varit registrerad som arbetsgivare,0 anställda,Postadress är OK,"Tar emot reklam, ej telefonnummerspärrat"
5595752162,165595752162,CykelPro Malmö AB,,Övriga aktiebolag,Privat,2026-03-09,2026-03-23,,Normalläge,Är verksam,Reparation och underhåll av övriga hushållsartiklar och varor för personligt bruk,95290,Malmö,Skåne,Malmö/Lund/Trelleborg,SKRÄDDAREBYN 15 C,218 42,BUNKEFLOSTRAND,ali.joon4545@gmail.com,,Är registrerad för F-skatt,Är registrerad för moms,Är registrerad som vanlig arbetsgivare,1-9 anställda,Postadress är OK,"Tar emot reklam, ej telefonnummerspärrat"
5595752170,165595752170,ToneLaw Invest AB,,Övriga aktiebolag,Privat,2026-03-09,,,Normalläge,Har aldrig varit verksam,Okänd,00000,Malmö,Skåne,Malmö/Lund/Trelleborg,HJULHAMNSGATAN 8  LGH 1403,211 34,MALMÖ,jakelindholmmusic@gmail.com,,Har aldrig varit registrerad för F-skatt,Har aldrig varit registrerad för moms,Har aldrig varit registrerad som arbetsgivare,0 anställda,Postadress är OK,"Tar emot reklam, ej telefonnummerspärrat"
5595752212,165595752212,Otterhag Consulting AB,,Övriga aktiebolag,Privat,2026-03-09,,,Normalläge,Har aldrig varit verksam,Okänd,00000,Vellinge,Skåne,Malmö/Lund/Trelleborg,NORRA SPARVSTYCKEVÄGEN 5 A,239 32,SKANÖR,oscar.otterhag@gmail.com,,Har aldrig varit registrerad för F-skatt,Har aldrig varit registrerad för moms,Har aldrig varit registrerad som arbetsgivare,0 anställda,Postadress är OK,"Tar emot reklam, ej telefonnummerspärrat"
5595752436,165595752436,Evolvion Consulting AB,,Övriga aktiebolag,Privat,2026-03-09,2026-03-30,,Normalläge,Är verksam,Konsultverksamhet avseende företags organisation,70200,Svedala,Skåne,Malmö/Lund/Trelleborg,HÖJDGATAN 3,233 61,BARA,sonya_gasparic@yahoo.com,,Är registrerad för F-skatt,Är registrerad för moms,Har aldrig varit registrerad som arbetsgivare,0 anställda,Postadress är OK,"Tar emot reklam, ej telefonnummerspärrat"
5595752501,165595752501,NALA AB,,Övriga aktiebolag,Privat,2026-03-09,2026-03-23,,Normalläge,Är verksam,Konsultverksamhet avseende företags organisation,70200,Landskrona,Skåne,Helsingborg/Landskrona,HAVSGATAN 44,261 60,LANDSKRONA,bearonja.hansson@gmail.com,,Är registrerad för F-skatt,Är registrerad för moms,Har aldrig varit registrerad som arbetsgivare,0 anställda,Postadress är OK,"Tar emot reklam, ej telefonnummerspärrat"
5595752642,165595752642,NC Commerce AB,,Övriga aktiebolag,Privat,2026-03-09,2026-04-13,,Normalläge,Är verksam,Förmedling avseende icke-specialiserad detaljhandel,47910,Helsingborg,Skåne,Helsingborg/Landskrona,VOLONTÄRSGATAN 8 D,254 55,HELSINGBORG,niclas.christiansson@outlook.com,,Är registrerad för F-skatt,Är registrerad för moms,Har aldrig varit registrerad som arbetsgivare,0 anställda,Postadress är OK,"Tar emot reklam, ej telefonnummerspärrat"
5595752766,165595752766,Dreamers Build the World AB,,Övriga aktiebolag,Privat,2026-03-09,,,Normalläge,Har aldrig varit verksam,Okänd,00000,Malmö,Skåne,Malmö/Lund/Trelleborg,LILLA VARVSGATAN 6,211 17,MALMÖ,leo.ghafari01@gmail.com,,Har aldrig varit registrerad för F-skatt,Har aldrig varit registrerad för moms,Har aldrig varit registrerad som arbetsgivare,0 anställda,Postadress är OK,"Tar emot reklam, ej telefonnummerspärrat"
5595752782,165595752782,MONSTER FRIES AB,,Övriga aktiebolag,Privat,2026-03-09,2026-04-13,,Normalläge,Är verksam,Mobil restaurangverksamhet,56120,Lund,Skåne,Malmö/Lund/Trelleborg,BLIVÄDERSVÄGEN 4 N,222 75,LUND,,,Är registrerad för F-skatt,Är registrerad för moms,Har aldrig varit registrerad som arbetsgivare,0 anställda,Postadress är OK,"Tar emot reklam, ej telefonnummerspärrat"
5595752832,165595752832,Skånska Snickaren AB,,Övriga aktiebolag,Privat,2026-03-09,2026-03-30,,Normalläge,Är verksam,Byggnadssnickeriarbeten,43320,Höör,Skåne,Eslöv,LÄNGHULT 102,243 92,HÖÖR,filip@hillifysolutions.se,,Är registrerad för F-skatt,Är registrerad för moms,Har aldrig varit registrerad som arbetsgivare,0 anställda,Postadress är OK,"Tar emot reklam, ej telefonnummerspärrat"
5595752923,165595752923,Highway Horizon AB,,Övriga aktiebolag,Privat,2026-03-09,2026-03-30,,Normalläge,Är verksam,"Uthyrning och förvaltning av egna eller arrenderade, andra lokaler",68203,Åstorp,Skåne,Helsingborg/Landskrona,PARALLELLVÄGEN 5,265 39,ÅSTORP,per.sjoberg@raapress.com,,Är registrerad för F-skatt,Är registrerad för moms,Har aldrig varit registrerad som arbetsgivare,0 anställda,Postadress är OK,"Tar emot reklam, ej telefonnummerspärrat"
5595753046,165595753046,Martins Fog & Brandskydd AB,,Övriga aktiebolag,Privat,2026-03-09,2026-03-16,,Normalläge,Är verksam,Annan slutbehandling av byggnader,43350,Ängelholm,Skåne,Ängelholm,TOCKARPSVÄGEN 70,266 98,HJÄRNARP,,,Är registrerad för F-skatt,Är registrerad för moms,Har aldrig varit registrerad som arbetsgivare,0 anställda,Postadress är OK,"Tar emot reklam, ej telefonnummerspärrat"
5595753061,165595753061,Landskrona Bil & Däckexperten AB,,Övriga aktiebolag,Privat,2026-03-09,2026-03-16,,Normalläge,Är verksam,Allmän service och reparation av motorfordon utom motorcyklar,95311,Landskrona,Skåne,Helsingborg/Landskrona,KOPPARGÅRDEN 25,261 43,LANDSKRONA,,,Är registrerad för F-skatt,Är registrerad för moms,Är registrerad som vanlig arbetsgivare,1-9 anställda,Postadress är OK,"Tar emot reklam, ej telefonnummerspärrat"
5595753129,165595753129,21Cuts AB,,Övriga aktiebolag,Privat,2026-03-09,2026-03-23,,Normalläge,Är verksam,Frisörer och barberare,96210,Eslöv,Skåne,Eslöv,VILLAVÄGEN 6 D,241 30,ESLÖV,refikshala321@gmail.com,,Är registrerad för F-skatt,Är registrerad för moms,Är registrerad som vanlig arbetsgivare,1-9 anställda,Postadress är OK,"Tar emot reklam, ej telefonnummerspärrat"
5595753285,165595753285,Byggteamet Ängelholm AB,,Övriga aktiebolag,Privat,2026-03-09,2026-03-30,,Normalläge,Är verksam,Byggande av bostadshus och andra byggnader,41000,Ängelholm,Skåne,Ängelholm,VÄSTGÖTAGATAN 12,262 43,ÄNGELHOLM,basselarsson1@gmail.com,,Är registrerad för F-skatt,Har aldrig varit registrerad för moms,Har aldrig varit registrerad som arbetsgivare,0 anställda,Postadress är OK,"Tar emot reklam, ej telefonnummerspärrat"
5595753483,165595753483,SS Frukt & Grönt AB,,Övriga aktiebolag,Privat,2026-03-09,2026-04-13,,Normalläge,Är verksam,Detaljhandel med frukt och grönsaker,47210,Malmö,Skåne,Malmö/Lund/Trelleborg,LÖNNGATAN 64 B,214 49,MALMÖ,saud.o.saud1996@gmail.com,,Är registrerad för F-skatt,Är registrerad för moms,Är registrerad som vanlig arbetsgivare,1-9 anställda,Postadress är OK,"Tar emot reklam, ej telefonnummerspärrat"
5595753533,165595753533,Tenaro AB,,Övriga aktiebolag,Privat,2026-03-09,,,Normalläge,Har aldrig varit verksam,Okänd,00000,Landskrona,Skåne,Helsingborg/Landskrona,FÖRENINGSGATAN 217,261 51,LANDSKRONA,,,Har aldrig varit registrerad för F-skatt,Har aldrig varit registrerad för moms,Har aldrig varit registrerad som arbetsgivare,0 anställda,Postadress är OK,"Tar emot reklam, ej telefonnummerspärrat"
5595753608,165595753608,Carlevel AB,,Övriga aktiebolag,Privat,2026-03-09,2026-03-16,,Normalläge,Är verksam,Detaljhandel med reservdelar och tillbehör till motorfordon,47820,Helsingborg,Skåne,Helsingborg/Landskrona,CENTRALGATAN 8,254 75,ÖDÅKRA,linus@carlevel.se,,Är registrerad för F-skatt,Är registrerad för moms,Har aldrig varit registrerad som arbetsgivare,0 anställda,Postadress är OK,"Tar emot reklam, ej telefonnummerspärrat"
5595753632,165595753632,MKS-3PL Consulting AB,,Övriga aktiebolag,Privat,2026-03-09,,,Normalläge,Har aldrig varit verksam,Okänd,00000,Malmö,Skåne,Malmö/Lund/Trelleborg,KALLENBERGSVÄG 17,218 72,TYGELSJÖ,pw.mksconsulting@gmail.com,,Har aldrig varit registrerad för F-skatt,Har aldrig varit registrerad för moms,Har aldrig varit registrerad som arbetsgivare,0 anställda,Postadress är OK,"Tar emot reklam, ej telefonnummerspärrat"
5595753707,165595753707,LUME Studio AB,,Övriga aktiebolag,Privat,2026-03-09,2026-03-23,,Normalläge,Är verksam,"Annan förlagsverksamhet, utom utgivning av programvara",58190,Lund,Skåne,Malmö/Lund/Trelleborg,VETENSKAPSGATAN 4 A,224 82,LUND,,,Är registrerad för F-skatt,Är registrerad för moms,Har aldrig varit registrerad som arbetsgivare,0 anställda,Postadress är OK,"Tar emot reklam, ej telefonnummerspärrat"
5007314031,195007314031,"Persson, Eskil",,Fysiska personer,Ej aktiebolag,2026-03-09,2026-03-09,,Normalläge,Är verksam,Utgivning av böcker,58110,Ystad,Skåne,Ystad/Simrishamn,RIDGATAN 7,271 37,YSTAD,,,Är registrerad för F-skatt,Har aldrig varit registrerad för moms,Har aldrig varit registrerad som arbetsgivare,0 anställda,Postadress är OK,"Tar emot reklam, ej telefonnummerspärrat"
5102094389,195102094389,"Larsson, Carina Desiré",Gringelstads Bilservice,Fysiska personer,Ej aktiebolag,2026-03-09,,,Normalläge,Har aldrig varit verksam,Okänd,00000,Kristianstad,Skåne,Kristianstad,SYSTER KARINS VÄG 38,291 97,GÄRDS KÖPINGE,carina5150@hotmail.com,,Har aldrig varit registrerad för F-skatt,Har aldrig varit registrerad för moms,Har aldrig varit registrerad som arbetsgivare,0 anställda,Postadress är OK,"Tar emot reklam, ej telefonnummerspärrat"
5302103550,195302103550,"Sjöstrand, Carl Erik",SJC Utbilningar,Fysiska personer,Ej aktiebolag,2026-03-09,2026-03-16,,Normalläge,Är verksam,Personalutbildning,85594,Hässleholm,Skåne,Hässleholm,IGNABERGA 7073,281 92,HÄSSLEHOLM,kicke53@outlook.com,,Är registrerad för F-skatt,Är registrerad för moms,Har aldrig varit registrerad som arbetsgivare,0 anställda,Postadress är OK,"Tar emot reklam, ej telefonnummerspärrat"
5602023755,195602023755,"Cindrak, Isat",,Fysiska personer,Ej aktiebolag,2026-03-09,2026-03-09,,Normalläge,Är verksam,Detaljhandel med övriga begagnade varor,47792,Landskrona,Skåne,Helsingborg/Landskrona,FÖRENINGSGATAN 166 A,261 51,LANDSKRONA,,,Är registrerad för F-skatt,Har aldrig varit registrerad för moms,Har aldrig varit registrerad som arbetsgivare,0 anställda,Postadress är OK,"Tar emot reklam, ej telefonnummerspärrat"
5608043252,195608043252,"Smit, Ronald Martin",,Fysiska personer,Ej aktiebolag,2026-03-09,2026-03-09,,Normalläge,Är verksam,Detaljhandel med andra livsmedel utom hälsokost,47272,Hörby,Skåne,Eslöv,ODERUP 9271,242 97,HÖRBY,,,Är registrerad för F-skatt,Har aldrig varit registrerad för moms,Har aldrig varit registrerad som arbetsgivare,0 anställda,Postadress är OK,"Tar emot reklam, ej telefonnummerspärrat"
5903103561,195903103561,"Silwer, Louise",,Fysiska personer,Ej aktiebolag,2026-03-09,,,Normalläge,Har aldrig varit verksam,Okänd,00000,Båstad,Skåne,Ängelholm,VASALTSVÄGEN 54,269 93,BÅSTAD,,,Har aldrig varit registrerad för F-skatt,Har aldrig varit registrerad för moms,Har aldrig varit registrerad som arbetsgivare,0 anställda,Postadress är OK,"Tar emot reklam, ej telefonnummerspärrat"
5911255924,195911255924,"Magnusson, Katarina",,Fysiska personer,Ej aktiebolag,2026-03-09,2026-03-09,,Normalläge,Är verksam,Skogsskötsel,02102,Malmö,Skåne,Malmö/Lund/Trelleborg,HARBERGAGRÄND 4,212 30,MALMÖ,,,Är registrerad för F-skatt,Är registrerad för moms,Har aldrig varit registrerad som arbetsgivare,0 anställda,Postadress är OK,"Tar emot reklam, ej telefonnummerspärrat"
6104273922,196104273922,"Lindquist Persson, Åsa",,Fysiska personer,Ej aktiebolag,2026-03-09,2026-03-09,,Normalläge,Är verksam,Annan övrig utbildning,85599,Staffanstorp,Skåne,Malmö/Lund/Trelleborg,SIRAPSVÄGEN 1,245 33,STAFFANSTORP,,,Är registrerad för F-skatt,Är registrerad för moms,Har aldrig varit registrerad som arbetsgivare,0 anställda,Postadress är OK,"Tar emot reklam, ej telefonnummerspärrat"
6108244317,196108244317,"Sjögren, Jonas",HimlaNära,Fysiska personer,Ej aktiebolag,2026-03-09,,,Normalläge,Har aldrig varit verksam,Okänd,00000,Hörby,Skåne,Eslöv,OMSED 9264,242 97,HÖRBY,jsjogren.777@gmail.com,,Har aldrig varit registrerad för F-skatt,Har aldrig varit registrerad för moms,Har aldrig varit registrerad som arbetsgivare,0 anställda,Postadress är OK,"Tar emot reklam, ej telefonnummerspärrat"
6209160107,196209160107,"Nilsson, Lilia",,Fysiska personer,Ej aktiebolag,2026-03-09,2026-03-09,,Normalläge,Är verksam,"Dagspa, bastu och ångbastu",96230,Helsingborg,Skåne,Helsingborg/Landskrona,ANNEROVÄGEN 22 B LGH 1103,254 62,HELSINGBORG,,,Är registrerad för F-skatt,Har aldrig varit registrerad för moms,Har aldrig varit registrerad som arbetsgivare,0 anställda,Postadress är OK,"Tar emot reklam, ej telefonnummerspärrat"
6209233920,196209233920,"Nilsson, Birgitta",Billiyon Förlag,Fysiska personer,Ej aktiebolag,2026-03-09,,,Normalläge,Har aldrig varit verksam,Okänd,00000,Malmö,Skåne,Malmö/Lund/Trelleborg,GABRIEL JÖNSSONSGATAN 8  LGH 1304,211 49,MALMÖ,,,Har aldrig varit registrerad för F-skatt,Har aldrig varit registrerad för moms,Har aldrig varit registrerad som arbetsgivare,0 anställda,Postadress är OK,"Tar emot reklam, ej telefonnummerspärrat"
6211134306,196211134306,"Boman Johansson, Ingrid",,Fysiska personer,Ej aktiebolag,2026-03-09,2026-03-09,,Normalläge,Är verksam,Icke-specialiserad partihandel,46900,Simrishamn,Skåne,Ystad/Simrishamn,BACKAVÄGEN 10,276 50,HAMMENHÖG,,,Är registrerad för F-skatt,Har aldrig varit registrerad för moms,Har aldrig varit registrerad som arbetsgivare,0 anställda,Postadress är OK,"Tar emot reklam, ej telefonnummerspärrat"
6407274312,196407274312,"Balogh, Gabriel",,Fysiska personer,Ej aktiebolag,2026-03-09,2026-03-09,,Normalläge,Är verksam,Detaljhandel med övriga begagnade varor,47792,Malmö,Skåne,Malmö/Lund/Trelleborg,GAMLA GATAN 25  LGH 1001,216 12,LIMHAMN,,,Är registrerad för F-skatt,Har aldrig varit registrerad för moms,Har aldrig varit registrerad som arbetsgivare,0 anställda,Postadress är OK,"Tar emot reklam, ej telefonnummerspärrat"
6906108771,196906108771,"Alosskan, Oskan",,Fysiska personer,Ej aktiebolag,2026-03-09,2026-03-09,,Normalläge,Är verksam,"Passagerartrafik på beställning, fordon med förare",49330,Trelleborg,Skåne,Malmö/Lund/Trelleborg,TOMMARPSVÄGEN 177 A,231 66,TRELLEBORG,,,Är registrerad för F-skatt,Är registrerad för moms,Har aldrig varit registrerad som arbetsgivare,0 anställda,Postadress är OK,"Tar emot reklam, ej telefonnummerspärrat"
6911080593,196911080593,"Rubenstein, Joel Benjamin",,Fysiska personer,Ej aktiebolag,2026-03-09,2026-03-09,,Normalläge,Är verksam,Konsultverksamhet avseende företags organisation,70200,Malmö,Skåne,Malmö/Lund/Trelleborg,FÖRENINGSGATAN 48 C LGH 1202,212 14,MALMÖ,,,Är registrerad för F-skatt,Är registrerad för moms,Har aldrig varit registrerad som arbetsgivare,0 anställda,Postadress är OK,"Tar emot reklam, ej telefonnummerspärrat"
7164387891,167164387891,SYDÖSTRA PÄRUPS SAMFÄLLIGHETSFÖRENING,,Samfälligheter,Ej aktiebolag,2026-03-09,,,Normalläge,Har aldrig varit verksam,Okänd,00000,Hörby,Skåne,Eslöv,PÄRUP PL 114,242 91,HÖRBY,,,Har aldrig varit registrerad för F-skatt,Har aldrig varit registrerad för moms,Har aldrig varit registrerad som arbetsgivare,0 anställda,Postadress är OK,"Tar emot reklam, ej telefonnummerspärrat"
7179249854,167179249854,Knätorps samfällighetsförening,,Samfälligheter,Ej aktiebolag,2026-03-09,,,Normalläge,Har aldrig varit verksam,Okänd,00000,Staffanstorp,Skåne,Malmö/Lund/Trelleborg,SÖDRA KNÄTORPSVÄGEN 64,245 93,STAFFANSTORP,,,Har aldrig varit registrerad för F-skatt,Har aldrig varit registrerad för moms,Har aldrig varit registrerad som arbetsgivare,0 anställda,Postadress är OK,"Tar emot reklam, ej telefonnummerspärrat"
7696436448,167696436448,Bostadsrättsföreningen Annellska,,Bostadsrättsföreningar,Ej aktiebolag,2026-03-09,,,Normalläge,Har aldrig varit verksam,Förvaltning i bostadsrättsföreningar,68204,Malmö,Skåne,Malmö/Lund/Trelleborg,JACOB NILSGATAN 11-13,211 21,MALMÖ,,,Har aldrig varit registrerad för F-skatt,Har aldrig varit registrerad för moms,Har aldrig varit registrerad som arbetsgivare,0 anställda,Postadress är OK,"Tar emot reklam, ej telefonnummerspärrat"
7696436455,167696436455,Kooperativet Skogsgården ekonomisk förening,,Ekonomiska föreningar,Ej aktiebolag,2026-03-09,,,Normalläge,Har aldrig varit verksam,Okänd,00000,Tomelilla,Skåne,Ystad/Simrishamn,ANDRARUM SKOGSGÅRDEN 213,273 57,BRÖSARP,kerstinfersters@gmail.com,,Har aldrig varit registrerad för F-skatt,Har aldrig varit registrerad för moms,Har aldrig varit registrerad som arbetsgivare,0 anställda,Postadress är OK,"Tar emot reklam, ej telefonnummerspärrat"
7696436471,167696436471,Ärtklubben i Viken Ekonomisk förening,,Ekonomiska föreningar,Ej aktiebolag,2026-03-09,,,Normalläge,Har aldrig varit verksam,Okänd,00000,Höganäs,Skåne,Helsingborg/Landskrona,ASKVÄGEN 28,263 62,VIKEN,wikis46@hotmail.com,,Har aldrig varit registrerad för F-skatt,Har aldrig varit registrerad för moms,Har aldrig varit registrerad som arbetsgivare,0 anställda,Postadress är OK,"Tar emot reklam, ej telefonnummerspärrat"
7003205668,197003205668,"Stokland Nielsen, Irené",Studio Gränskraft,Fysiska personer,Ej aktiebolag,2026-03-09,2026-03-09,,Normalläge,Är verksam,Litterärt skapande och musikkomposition,90110,Helsingborg,Skåne,Helsingborg/Landskrona,JOHAN HÅRDS GATA 66 A,254 54,HELSINGBORG,irene.stokland@hotmail.com,,Är registrerad för F-skatt,Är registrerad för moms,Har aldrig varit registrerad som arbetsgivare,0 anställda,Postadress är OK,"Tar emot reklam, ej telefonnummerspärrat"
7202294489,197202294489,"Chan-Udom, Podjanart",,Fysiska personer,Ej aktiebolag,2026-03-09,2026-03-09,,Normalläge,Är verksam,"Dagspa, bastu och ångbastu",96230,Ängelholm,Skåne,Ängelholm,AUSÅS MÖLLEVÄG 25,262 95,ÄNGELHOLM,,,Är registrerad för F-skatt,Har aldrig varit registrerad för moms,Har aldrig varit registrerad som arbetsgivare,0 anställda,Postadress är OK,"Tar emot reklam, ej telefonnummerspärrat"
7301234212,197301234212,"Echenique, Alexander",,Fysiska personer,Ej aktiebolag,2026-03-09,2026-03-09,,Normalläge,Är verksam,Golv- och väggbeläggningsarbeten,43330,Lund,Skåne,Malmö/Lund/Trelleborg,STAFFANS GRÄND 6 B LGH 1101,222 23,LUND,,,Är registrerad för F-skatt,Är registrerad för moms,Har aldrig varit registrerad som arbetsgivare,0 anställda,Postadress är OK,"Tar emot reklam, ej telefonnummerspärrat"
7306027819,197306027819,"Johansson, Örjan",,Fysiska personer,Ej aktiebolag,2026-03-09,2026-03-09,,Normalläge,Är verksam,Skogsförvaltning,02101,Hörby,Skåne,Eslöv,ÄSPINGE 5095,242 95,HÖRBY,,,Är registrerad för F-skatt,Är registrerad för moms,Har aldrig varit registrerad som arbetsgivare,0 anställda,Postadress är OK,"Tar emot reklam, ej telefonnummerspärrat"
7406117973,197406117973,"Gagalov, Shamil",,Fysiska personer,Ej aktiebolag,2026-03-09,2026-03-09,,Normalläge,Är verksam,Måleriarbeten,43341,Helsingborg,Skåne,Helsingborg/Landskrona,BÄRNSTENSGATAN 13 B LGH 1101,253 61,HELSINGBORG,,,Är registrerad för F-skatt,Är registrerad för moms,Har aldrig varit registrerad som arbetsgivare,0 anställda,Postadress är OK,"Tar emot reklam, ej telefonnummerspärrat"
7501093954,197501093954,"Landgren, Fredrik",,Fysiska personer,Ej aktiebolag,2026-03-09,2026-03-09,,Normalläge,Är verksam,Litterärt skapande och musikkomposition,90110,Malmö,Skåne,Malmö/Lund/Trelleborg,FACKELROSVÄGEN 15,216 30,LIMHAMN,,,Är registrerad för F-skatt,Har aldrig varit registrerad för moms,Har aldrig varit registrerad som arbetsgivare,0 anställda,Postadress är OK,"Tar emot reklam, ej telefonnummerspärrat"
7507257678,197507257678,"Ellefsen, Håvard",,Fysiska personer,Ej aktiebolag,2026-03-09,2026-03-09,,Normalläge,Är verksam,"Detaljhandel med kläder, utom via internet eller postorder",47711,Höganäs,Skåne,Helsingborg/Landskrona,YXVÄGEN 6 D,263 95,FARHULT,,,Är registrerad för F-skatt,Är registrerad för moms,Har aldrig varit registrerad som arbetsgivare,0 anställda,Postadress är OK,"Tar emot reklam, ej telefonnummerspärrat"
7601017051,197601017051,"Zarg, Mehmet",,Fysiska personer,Ej aktiebolag,2026-03-09,2026-03-09,,Normalläge,Är verksam,Restaurangverksamhet,56110,Helsingborg,Skåne,Helsingborg/Landskrona,BROHULTSVÄGEN 128,254 65,HELSINGBORG,,,Är registrerad för F-skatt,Är registrerad för moms,Är registrerad som vanlig arbetsgivare,1-9 anställda,Postadress är OK,"Tar emot reklam, ej telefonnummerspärrat"
7610106630,197610106630,"Bumark, Fredrik",,Fysiska personer,Ej aktiebolag,2026-03-09,2026-03-09,,Normalläge,Är verksam,"Vägtransport, godstrafik",49410,Hässleholm,Skåne,Hässleholm,DYKENS VÄG 29,281 39,HÄSSLEHOLM,,,Är registrerad för F-skatt,Är registrerad för moms,Har aldrig varit registrerad som arbetsgivare,0 anställda,Postadress är OK,"Tar emot reklam, ej telefonnummerspärrat"
7702224176,197702224176,"Ludvigsen, Johan",,Fysiska personer,Ej aktiebolag,2026-03-09,2026-03-09,,Normalläge,Är verksam,"Specialistläkarverksamhet inom öppenvård, på sjukhus",86221,Malmö,Skåne,Malmö/Lund/Trelleborg,LINNÉGATAN 135,216 18,LIMHAMN,,,Är registrerad för F-skatt,Har aldrig varit registrerad för moms,Har aldrig varit registrerad som arbetsgivare,0 anställda,Postadress är OK,"Tar emot reklam, ej telefonnummerspärrat"
7710054011,197710054011,"Nilsson, Mikael",,Fysiska personer,Ej aktiebolag,2026-03-09,2026-03-09,,Normalläge,Är verksam,Mark- och grundarbeten,43120,Svedala,Skåne,Malmö/Lund/Trelleborg,STORGATAN 3 C,233 31,SVEDALA,,,Är registrerad för F-skatt,Är registrerad för moms,Har aldrig varit registrerad som arbetsgivare,0 anställda,Postadress är OK,"Tar emot reklam, ej telefonnummerspärrat"
7712193197,197712193197,"Bak, Sylwester",,Fysiska personer,Ej aktiebolag,2026-03-09,2026-03-09,,Normalläge,Är verksam,Övrig förvaltning av egna eller arrenderade fastigheter,68209,Skurup,Skåne,Ystad/Simrishamn,HYLTEBERGA 2720  KVARNEN,274 92,SKURUP,,,Har aldrig varit registrerad för F-skatt,Är registrerad för moms,Har aldrig varit registrerad som arbetsgivare,0 anställda,Postadress är OK,"Tar emot reklam, ej telefonnummerspärrat"
7809178358,197809178358,"Kolmogorov, Tymofiy",,Fysiska personer,Ej aktiebolag,2026-03-09,2026-03-09,,Normalläge,Är verksam,Detaljhandel via internet eller postorder med brett sortiment,47123,Burlöv,Skåne,Malmö/Lund/Trelleborg,KRONETORPS ALLÉ 14 A LGH 1205,232 39,ARLÖV,,,Är registrerad för F-skatt,Är registrerad för moms,Har aldrig varit registrerad som arbetsgivare,0 anställda,Postadress är OK,"Tar emot reklam, ej telefonnummerspärrat"
8024828355,168024828355,BOALTS SYFÖRENING,,Övriga stiftelser och fonder,Ej aktiebolag,2026-03-09,,,Normalläge,Har aldrig varit verksam,Verksamhet i diverse övriga intresseorganisationer,94990,Östra Göinge,Skåne,Kristianstad,STOLPARÖDSVÄGEN 21  STOLPARÖD,289 94,GLIMÅKRA,,,Har aldrig varit registrerad för F-skatt,Har aldrig varit registrerad för moms,Har aldrig varit registrerad som arbetsgivare,0 anställda,Postadress är OK,"Tar emot reklam, ej telefonnummerspärrat"
8025557359,168025557359,FRYSHUSET IDROTTSFÖRENING HELSINGBORG,,Ideella föreningar,Ej aktiebolag,2026-03-09,,,Normalläge,Har aldrig varit verksam,Sportklubbars och idrottsföreningars verksamhet,93120,Helsingborg,Skåne,Helsingborg/Landskrona,KVARNSTENSGATAN 8,252 27,HELSINGBORG,,,Har aldrig varit registrerad för F-skatt,Har aldrig varit registrerad för moms,Har aldrig varit registrerad som arbetsgivare,0 anställda,Postadress är OK,"Tar emot reklam, ej telefonnummerspärrat"
8025557425,168025557425,WELLBEING U,,Ideella föreningar,Ej aktiebolag,2026-03-09,,,Normalläge,Har aldrig varit verksam,Verksamhet i diverse övriga intresseorganisationer,94990,Malmö,Skåne,Malmö/Lund/Trelleborg,VÄSTRA VARVSGATAN 27  LGH 1502,211 14,MALMÖ,,,Har aldrig varit registrerad för F-skatt,Har aldrig varit registrerad för moms,Har aldrig varit registrerad som arbetsgivare,0 anställda,Postadress är OK,"Tar emot reklam, ej telefonnummerspärrat"
8025557474,168025557474,THE MINISTRY OF I AM,,Ideella föreningar,Ej aktiebolag,2026-03-09,,,Normalläge,Har aldrig varit verksam,Verksamhet i religiösa samfund,94910,Trelleborg,Skåne,Malmö/Lund/Trelleborg,RÖDKLINTSVÄGEN 8,231 75,BEDDINGESTRAND,,,Har aldrig varit registrerad för F-skatt,Har aldrig varit registrerad för moms,Har aldrig varit registrerad som arbetsgivare,0 anställda,Postadress är OK,"Tar emot reklam, ej telefonnummerspärrat"
8025557516,168025557516,TEXT SESSION,,Ideella föreningar,Ej aktiebolag,2026-03-09,,,Normalläge,Har aldrig varit verksam,Scenkonst,90200,Malmö,Skåne,Malmö/Lund/Trelleborg,SÖDERVÄRNSGATAN 2  LGH 1104,214 27,MALMÖ,,,Har aldrig varit registrerad för F-skatt,Har aldrig varit registrerad för moms,Har aldrig varit registrerad som arbetsgivare,0 anställda,Postadress är OK,"Tar emot reklam, ej telefonnummerspärrat"
8025557532,168025557532,MODEL UNITED NATIONS OF MALMÖ,,Ideella föreningar,Ej aktiebolag,2026-03-09,,,Normalläge,Har aldrig varit verksam,Verksamhet i diverse övriga intresseorganisationer,94990,Malmö,Skåne,Malmö/Lund/Trelleborg,REGEMENTSGATAN 36,211 42,MALMÖ,,,Har aldrig varit registrerad för F-skatt,Har aldrig varit registrerad för moms,Har aldrig varit registrerad som arbetsgivare,0 anställda,Postadress är OK,"Tar emot reklam, ej telefonnummerspärrat"
8025557573,168025557573,SOCOTRA FÖRENING,,Ideella föreningar,Ej aktiebolag,2026-03-09,,,Normalläge,Har aldrig varit verksam,Scenkonst,90200,Malmö,Skåne,Malmö/Lund/Trelleborg,SÖRBÄCKSGATAN 11  LGH 1101,216 25,MALMÖ,,,Har aldrig varit registrerad för F-skatt,Har aldrig varit registrerad för moms,Har aldrig varit registrerad som arbetsgivare,0 anställda,Postadress är OK,"Tar emot reklam, ej telefonnummerspärrat"
8025557623,168025557623,KUTIELEH FC,,Ideella föreningar,Ej aktiebolag,2026-03-09,,,Normalläge,Har aldrig varit verksam,Sportklubbars och idrottsföreningars verksamhet,93120,Malmö,Skåne,Malmö/Lund/Trelleborg,STENSJÖGATAN 20  LGH 1804,217 65,MALMÖ,,,Har aldrig varit registrerad för F-skatt,Har aldrig varit registrerad för moms,Har aldrig varit registrerad som arbetsgivare,0 anställda,Postadress är OK,"Tar emot reklam, ej telefonnummerspärrat"
8025557680,168025557680,ESLÖVS GEMENSKAPS FÖRENING,,Ideella föreningar,Ej aktiebolag,2026-03-09,,,Normalläge,Har aldrig varit verksam,Verksamhet i diverse övriga intresseorganisationer,94990,Eslöv,Skåne,Eslöv,KLARAGATAN 1 E,241 72,MARIEHOLM,,,Har aldrig varit registrerad för F-skatt,Har aldrig varit registrerad för moms,Har aldrig varit registrerad som arbetsgivare,0 anställda,Postadress är OK,"Tar emot reklam, ej telefonnummerspärrat"
8025557763,168025557763,TRIBE SKÅNE,,Ideella föreningar,Ej aktiebolag,2026-03-09,,,Normalläge,Har aldrig varit verksam,Verksamhet i diverse övriga intresseorganisationer,94990,Malmö,Skåne,Malmö/Lund/Trelleborg,KIVIKSGATAN 5 B LGH 1302,214 40,MALMÖ,,,Har aldrig varit registrerad för F-skatt,Har aldrig varit registrerad för moms,Har aldrig varit registrerad som arbetsgivare,0 anställda,Postadress är OK,"Tar emot reklam, ej telefonnummerspärrat"
8025557789,168025557789,MILJÖPARTIET DE GRÖNA I ESLÖV,,Ideella föreningar,Ej aktiebolag,2026-03-09,,,Normalläge,Har aldrig varit verksam,Verksamhet i politiska organisationer,94920,Eslöv,Skåne,Eslöv,GUNNARÖD ÅKULLA,241 96,STOCKAMÖLLAN,,,Har aldrig varit registrerad för F-skatt,Har aldrig varit registrerad för moms,Har aldrig varit registrerad som arbetsgivare,0 anställda,Postadress är OK,"Tar emot reklam, ej telefonnummerspärrat"
8025557870,168025557870,SAMFAM IDEELL FÖRENING,,Ideella föreningar,Ej aktiebolag,2026-03-09,,,Normalläge,Har aldrig varit verksam,Verksamhet i diverse övriga intresseorganisationer,94990,Malmö,Skåne,Malmö/Lund/Trelleborg,JOHN ERICSSONS VÄG 88 B LGH 1103,217 72,MALMÖ,,,Har aldrig varit registrerad för F-skatt,Har aldrig varit registrerad för moms,Har aldrig varit registrerad som arbetsgivare,0 anställda,Postadress är OK,"Tar emot reklam, ej telefonnummerspärrat"
8025557987,168025557987,2U4U,,Ideella föreningar,Ej aktiebolag,2026-03-09,,,Normalläge,Har aldrig varit verksam,Sportklubbars och idrottsföreningars verksamhet,93120,Helsingborg,Skåne,Helsingborg/Landskrona,HOFVERBERGSGATAN 2 A LGH 2102,254 43,HELSINGBORG,,,Har aldrig varit registrerad för F-skatt,Har aldrig varit registrerad för moms,Har aldrig varit registrerad som arbetsgivare,0 anställda,Postadress är OK,"Tar emot reklam, ej telefonnummerspärrat"
8025558027,168025558027,SNAPPHANE WHISKYSÄLLSKAP,,Ideella föreningar,Ej aktiebolag,2026-03-09,,,Normalläge,Har aldrig varit verksam,Scenkonst,90200,Hässleholm,Skåne,Hässleholm,LÖVGATAN 3  LGH 1101,281 30,HÄSSLEHOLM,,,Har aldrig varit registrerad för F-skatt,Har aldrig varit registrerad för moms,Har aldrig varit registrerad som arbetsgivare,0 anställda,Postadress är OK,"Tar emot reklam, ej telefonnummerspärrat"
8025558100,168025558100,KULTURRESOR SKANDINAVIEN,,Ideella föreningar,Ej aktiebolag,2026-03-09,,,Normalläge,Har aldrig varit verksam,Verksamhet i diverse övriga intresseorganisationer,94990,Ängelholm,Skåne,Ängelholm,RINGVÄGEN 176,263 63,VIKEN,,,Har aldrig varit registrerad för F-skatt,Har aldrig varit registrerad för moms,Har aldrig varit registrerad som arbetsgivare,0 anställda,Postadress är OK,"Tar emot reklam, ej telefonnummerspärrat"
8025558167,168025558167,MALMÖ GITARRFORUM,,Ideella föreningar,Ej aktiebolag,2026-03-09,,,Normalläge,Har aldrig varit verksam,Scenkonst,90200,Malmö,Skåne,Malmö/Lund/Trelleborg,SÖDRA FÖRSTADSGATAN 27  LGH 1201,211 43,MALMÖ,,,Har aldrig varit registrerad för F-skatt,Har aldrig varit registrerad för moms,Har aldrig varit registrerad som arbetsgivare,0 anställda,Postadress är OK,"Tar emot reklam, ej telefonnummerspärrat"
8025558183,168025558183,FGK BRIDGEKLUBB,,Ideella föreningar,Ej aktiebolag,2026-03-09,,,Normalläge,Har aldrig varit verksam,Verksamhet i diverse övriga intresseorganisationer,94990,Vellinge,Skåne,Malmö/Lund/Trelleborg,DAMMSAGERVÄGEN 22 A,239 42,FALSTERBO,,,Har aldrig varit registrerad för F-skatt,Har aldrig varit registrerad för moms,Har aldrig varit registrerad som arbetsgivare,0 anställda,Postadress är OK,"Tar emot reklam, ej telefonnummerspärrat"
8001214553,198001214553,"Dzehverovic, Mensur",,Fysiska personer,Ej aktiebolag,2026-03-09,2026-03-09,,Normalläge,Är verksam,Byggande av bostadshus och andra byggnader,41000,Malmö,Skåne,Malmö/Lund/Trelleborg,GRÖNSISKEGATAN 9,214 59,MALMÖ,,,Är registrerad för F-skatt,Är registrerad för moms,Har aldrig varit registrerad som arbetsgivare,0 anställda,Postadress är OK,"Tar emot reklam, ej telefonnummerspärrat"
8002243916,198002243916,"Wennerberg, Christian",,Fysiska personer,Ej aktiebolag,2026-03-09,2026-03-09,,Normalläge,Är verksam,Konsultverksamhet avseende företags organisation,70200,Lomma,Skåne,Malmö/Lund/Trelleborg,REKTORSVÄGEN 9,237 31,BJÄRRED,,,Är registrerad för F-skatt,Är registrerad för moms,Har aldrig varit registrerad som arbetsgivare,0 anställda,Postadress är OK,"Tar emot reklam, ej telefonnummerspärrat"
8005143550,198005143550,"Nilsson, Robert",R Fönster & Dörr,Fysiska personer,Ej aktiebolag,2026-03-09,2026-03-16,,Normalläge,Är verksam,Byggnadssnickeriarbeten,43320,Trelleborg,Skåne,Malmö/Lund/Trelleborg,GULDMYNTSVÄGEN 19,231 55,TRELLEBORG,robban_64@hotmail.com,,Är registrerad för F-skatt,Är registrerad för moms,Har aldrig varit registrerad som arbetsgivare,0 anställda,Postadress är OK,"Tar emot reklam, ej telefonnummerspärrat"
8111245000,198111245000,"Naumoska, Mirjana",Norion Events & Marketing,Fysiska personer,Ej aktiebolag,2026-03-09,2026-03-09,,Normalläge,Är verksam,Konsultverksamhet avseende företags organisation,70200,Malmö,Skåne,Malmö/Lund/Trelleborg,CARL HERSLOWSGATAN 11 D LGH 1002,211 47,MALMÖ,mirjana.naumoska@gmail.com,,Är registrerad för F-skatt,Har aldrig varit registrerad för moms,Har aldrig varit registrerad som arbetsgivare,0 anställda,Postadress är OK,"Tar emot reklam, ej telefonnummerspärrat"
8210311729,198210311729,"Pebes, Dajana",The Inner Pause,Fysiska personer,Ej aktiebolag,2026-03-09,2026-03-09,,Normalläge,Är verksam,Diverse övriga konsumenttjänster,96990,Östra Göinge,Skåne,Kristianstad,KRABBAVÄGEN 24,289 50,HANASKOG,,,Är registrerad för F-skatt,Är registrerad för moms,Har aldrig varit registrerad som arbetsgivare,0 anställda,Postadress är OK,"Tar emot reklam, ej telefonnummerspärrat"
8301182450,198301182450,"Alfallah, Kamal",,Fysiska personer,Ej aktiebolag,2026-03-09,2026-03-09,,Normalläge,Är verksam,Byggande av bostadshus och andra byggnader,41000,Malmö,Skåne,Malmö/Lund/Trelleborg,ÖSTRA FARMVÄGEN 6 B LGH 1705,212 16,MALMÖ,,,Är registrerad för F-skatt,Har aldrig varit registrerad för moms,Har aldrig varit registrerad som arbetsgivare,0 anställda,Postadress är OK,"Tar emot reklam, ej telefonnummerspärrat"
8308167751,198308167751,"Zakaria, Khaled",,Fysiska personer,Ej aktiebolag,2026-03-09,2026-03-09,,Normalläge,Är verksam,Utgivning av tidskrifter,58130,Lund,Skåne,Malmö/Lund/Trelleborg,LUZERNVÄGEN 12  LGH 1203,227 38,LUND,,,Är registrerad för F-skatt,Är registrerad för moms,Har aldrig varit registrerad som arbetsgivare,0 anställda,Postadress är OK,"Tar emot reklam, ej telefonnummerspärrat"
8402264033,198402264033,"Wellbo, Christian",,Fysiska personer,Ej aktiebolag,2026-03-09,2026-03-09,,Normalläge,Är verksam,Ljudinspelning och musikutgivning,59200,Lund,Skåne,Malmö/Lund/Trelleborg,SÖDRA VÄGEN 7 B LGH 1301,223 58,LUND,,,Är registrerad för F-skatt,Är registrerad för moms,Har aldrig varit registrerad som arbetsgivare,0 anställda,Postadress är OK,"Tar emot reklam, ej telefonnummerspärrat"
8403072633,198403072633,"Zhupani, Kreshnik",,Fysiska personer,Ej aktiebolag,2026-03-09,2026-03-09,,Normalläge,Är verksam,Golv- och väggbeläggningsarbeten,43330,Lund,Skåne,Malmö/Lund/Trelleborg,ARKEOLOGVÄGEN 15,226 54,LUND,,,Är registrerad för F-skatt,Är registrerad för moms,Har aldrig varit registrerad som arbetsgivare,0 anställda,Postadress är OK,"Tar emot reklam, ej telefonnummerspärrat"
8410052768,198410052768,"Irving-Dageborn, Anna",Dr. Dent. Anna,Fysiska personer,Ej aktiebolag,2026-03-09,2026-04-13,,Normalläge,Är verksam,"Förmedling avseende sjukvård, tandvård och annan hälso- och sjukvård",86970,Helsingborg,Skåne,Helsingborg/Landskrona,ROSENFINKSGATAN 32,254 50,HELSINGBORG,,,Är registrerad för F-skatt,Har aldrig varit registrerad för moms,Har aldrig varit registrerad som arbetsgivare,0 anställda,Postadress är OK,"Tar emot reklam, ej telefonnummerspärrat"
8601226858,198601226858,"Hamdiya, Ahmed J S",,Fysiska personer,Ej aktiebolag,2026-03-09,2026-03-09,,Normalläge,Är verksam,Frisörer och barberare,96210,Kristianstad,Skåne,Kristianstad,INGELSTADSGATAN 17  LGH 1301,291 38,KRISTIANSTAD,,,Är registrerad för F-skatt,Är registrerad för moms,Har aldrig varit registrerad som arbetsgivare,0 anställda,Postadress är OK,"Tar emot reklam, ej telefonnummerspärrat"
8611144943,198611144943,"Eng, Larissa",,Fysiska personer,Ej aktiebolag,2026-03-09,2026-03-09,,Normalläge,Är verksam,"Uthyrning och förvaltning av egna eller arrenderade, andra lokaler",68203,Hörby,Skåne,Eslöv,MAGNARÖD 1132,242 97,HÖRBY,,,Är registrerad för F-skatt,Är registrerad för moms,Har aldrig varit registrerad som arbetsgivare,0 anställda,Postadress är OK,"Tar emot reklam, ej telefonnummerspärrat"
8707106830,198707106830,"Sharaf, Mohammed Jomaa",,Fysiska personer,Ej aktiebolag,2026-03-09,2026-03-09,,Normalläge,Är verksam,Restaurangverksamhet,56110,Malmö,Skåne,Malmö/Lund/Trelleborg,GÅNGLÅTSVÄGEN 49  LGH 1603,215 78,MALMÖ,,,Är registrerad för F-skatt,Är registrerad för moms,Är registrerad som vanlig arbetsgivare,1-9 anställda,Postadress är OK,"Tar emot reklam, ej telefonnummerspärrat"
8801205074,198801205074,"Stotzer, Sebastian",,Fysiska personer,Ej aktiebolag,2026-03-09,2026-03-09,,Normalläge,Är verksam,Skogsförvaltning,02101,Kristianstad,Skåne,Kristianstad,LIARUMSVÄGEN 211,298 92,TOLLARP,,,Är registrerad för F-skatt,Har aldrig varit registrerad för moms,Har aldrig varit registrerad som arbetsgivare,0 anställda,Postadress är OK,"Tar emot reklam, ej telefonnummerspärrat"
8801274161,198801274161,"Nordin, Cecilia",,Fysiska personer,Ej aktiebolag,2026-03-09,2026-03-09,,Normalläge,Är verksam,Tillverkning av spel och leksaker,32400,Höör,Skåne,Eslöv,BRÄNNEMÖLLAVÄGEN 6,243 32,HÖÖR,,,Är registrerad för F-skatt,Har aldrig varit registrerad för moms,Har aldrig varit registrerad som arbetsgivare,0 anställda,Postadress är OK,"Tar emot reklam, ej telefonnummerspärrat"
8810153554,198810153554,"Lavesson, André",,Fysiska personer,Ej aktiebolag,2026-03-09,2026-03-09,,Normalläge,Är verksam,Skogsförvaltning,02101,Kristianstad,Skåne,Kristianstad,BROGÅRDSVÄGEN 85,288 90,VINSLÖV,,,Är registrerad för F-skatt,Är registrerad för moms,Har aldrig varit registrerad som arbetsgivare,0 anställda,Postadress är OK,"Tar emot reklam, ej telefonnummerspärrat"
8812080920,198812080920,"Connolly, Rebecca Francis",,Fysiska personer,Ej aktiebolag,2026-03-09,2026-03-09,,Normalläge,Är verksam,Uthyrning och förvaltning av egna eller arrenderade bostäder,68201,Hässleholm,Skåne,Hässleholm,STOBY-ALGUSTORP 2363 B,281 97,BALLINGSLÖV,,,Är registrerad för F-skatt,Är registrerad för moms,Har aldrig varit registrerad som arbetsgivare,0 anställda,Postadress är OK,"Tar emot reklam, ej telefonnummerspärrat"
8902270878,198902270878,"Kahidani, Muhammad Ali",,Fysiska personer,Ej aktiebolag,2026-03-09,2026-03-09,,Normalläge,Är verksam,Reklambyråverksamhet,73111,Malmö,Skåne,Malmö/Lund/Trelleborg,SERENADGATAN 24  LGH 2404,215 72,MALMÖ,,,Är registrerad för F-skatt,Är registrerad för moms,Har aldrig varit registrerad som arbetsgivare,0 anställda,Postadress är OK,"Tar emot reklam, ej telefonnummerspärrat"
8903073941,198903073941,"Barmer, Jennifer",,Fysiska personer,Ej aktiebolag,2026-03-09,2026-03-09,,Normalläge,Är verksam,Tillverkning av mjukt matbröd och färska bakverk,10710,Helsingborg,Skåne,Helsingborg/Landskrona,JOFS GRÄND 8,254 76,ALLERUM,,,Är registrerad för F-skatt,Är registrerad för moms,Har aldrig varit registrerad som arbetsgivare,0 anställda,Postadress är OK,"Tar emot reklam, ej telefonnummerspärrat"
8906073617,198906073617,"Mihlberg, Emil",,Fysiska personer,Ej aktiebolag,2026-03-09,2026-03-09,,Normalläge,Är verksam,Uthyrning och förvaltning av egna eller arrenderade industrilokaler,68202,Hässleholm,Skåne,Hässleholm,LOMMARP 2121,288 33,VINSLÖV,,,Är registrerad för F-skatt,Är registrerad för moms,Har aldrig varit registrerad som arbetsgivare,0 anställda,Postadress är OK,"Tar emot reklam, ej telefonnummerspärrat"
8910029274,198910029274,"Rajan, Enfi",,Fysiska personer,Ej aktiebolag,2026-03-09,2026-03-09,,Normalläge,Är verksam,Reparation och underhåll av motorcyklar,95320,Malmö,Skåne,Malmö/Lund/Trelleborg,VON LINGENS VÄG 132  LGH 1601,213 72,MALMÖ,,,Är registrerad för F-skatt,Har aldrig varit registrerad för moms,Har aldrig varit registrerad som arbetsgivare,0 anställda,Postadress är OK,"Tar emot reklam, ej telefonnummerspärrat"
9340125625,169340125625,TOARP,,Enkla bolag,Ej aktiebolag,2026-03-09,2026-03-09,,Normalläge,Är verksam,Okänd,00000,Kristianstad,Skåne,Kristianstad,LIARUMSVÄGEN 211,298 92,TOLLARP,,,Har aldrig varit registrerad för F-skatt,Är registrerad för moms via representant,Har aldrig varit registrerad som arbetsgivare,0 anställda,Postadress är OK,"Tar emot reklam, ej telefonnummerspärrat"
9698043008,169698043008,Skånes bygghandel handelsbolag,,"Handelsbolag, kommanditbolag",Ej aktiebolag,2026-03-09,,,Normalläge,Har aldrig varit verksam,Okänd,00000,Kristianstad,Skåne,Kristianstad,WILHELM LAGERCRANTZ VÄG 10,291 45,KRISTIANSTAD,,,Har aldrig varit registrerad för F-skatt,Har aldrig varit registrerad för moms,Har aldrig varit registrerad som arbetsgivare,0 anställda,Postadress är OK,"Tar emot reklam, ej telefonnummerspärrat"
9698043065,169698043065,Alltid städ & flytt Handelsbolag,,"Handelsbolag, kommanditbolag",Ej aktiebolag,2026-03-09,2026-03-09,,Normalläge,Är verksam,Lokalvård,81210,Malmö,Skåne,Malmö/Lund/Trelleborg,RÖDKULLASTIGEN 6 F,214 57,MALMÖ,qurbaniruhullah@gmail.com,,Är registrerad för F-skatt,Är registrerad för moms,Har aldrig varit registrerad som arbetsgivare,0 anställda,Postadress är OK,"Tar emot reklam, ej telefonnummerspärrat"
9698043073,169698043073,Last1Out Handelsbolag,,"Handelsbolag, kommanditbolag",Ej aktiebolag,2026-03-09,2026-03-23,,Normalläge,Är verksam,Utgivning av datorspel,58210,Malmö,Skåne,Malmö/Lund/Trelleborg,PANELGATAN 50,238 37,OXIE,erik@hausner.se,,Är registrerad för F-skatt,Är registrerad för moms,Har aldrig varit registrerad som arbetsgivare,0 anställda,Postadress är OK,"Tar emot reklam, ej telefonnummerspärrat"
9698043156,169698043156,Theblad Kultur Handelsbolag,,"Handelsbolag, kommanditbolag",Ej aktiebolag,2026-03-09,,,Normalläge,Har aldrig varit verksam,Okänd,00000,Lund,Skåne,Malmö/Lund/Trelleborg,MARIAGATAN 1 A,223 53,LUND,,,Har aldrig varit registrerad för F-skatt,Har aldrig varit registrerad för moms,Har aldrig varit registrerad som arbetsgivare,0 anställda,Postadress är OK,"Tar emot reklam, ej telefonnummerspärrat"
9698043198,169698043198,Seyar-Azim handelsbolag,,"Handelsbolag, kommanditbolag",Ej aktiebolag,2026-03-09,2026-03-16,,Normalläge,Är verksam,Bud- och kurirverksamhet,53202,Malmö,Skåne,Malmö/Lund/Trelleborg,SEGEPARKSGATAN 14  LGH 1304,212 50,MALMÖ,bahmadseyar@gmail.com,,Är registrerad för F-skatt,Är registrerad för moms,Har aldrig varit registrerad som arbetsgivare,0 anställda,Postadress är OK,"Tar emot reklam, ej telefonnummerspärrat"
9001282046,199001282046,"Blomquist, Emelie",,Fysiska personer,Ej aktiebolag,2026-03-09,2026-03-09,,Normalläge,Är verksam,Annan sportverksamhet,93199,Hörby,Skåne,Eslöv,RÅBYGATAN 18 B LGH 1302,242 30,HÖRBY,,,Är registrerad för F-skatt,Har aldrig varit registrerad för moms,Har aldrig varit registrerad som arbetsgivare,0 anställda,Postadress är OK,"Tar emot reklam, ej telefonnummerspärrat"
9002055573,199002055573,"Österholm, Carl",,Fysiska personer,Ej aktiebolag,2026-03-09,2026-03-09,,Normalläge,Är verksam,Odling av grönsaker (köksväxter) på friland,01133,Svalöv,Skåne,Helsingborg/Landskrona,TROLLEHOLM 1267  SÖDRA GRYDERUP,268 90,SVALÖV,,,Är registrerad för F-skatt,Är registrerad för moms,Har aldrig varit registrerad som arbetsgivare,0 anställda,Postadress är OK,"Tar emot reklam, ej telefonnummerspärrat"
9004273695,199004273695,"Svensson, Marcus",,Fysiska personer,Ej aktiebolag,2026-03-09,2026-03-09,,Normalläge,Är verksam,Allmän service och reparation av motorfordon utom motorcyklar,95311,Kristianstad,Skåne,Kristianstad,ÅHUSVÄGEN 55,291 76,RINKABY,,,Är registrerad för F-skatt,Är registrerad för moms,Har aldrig varit registrerad som arbetsgivare,0 anställda,Postadress är OK,"Tar emot reklam, ej telefonnummerspärrat"
9008183270,199008183270,"Hamoud, Mohammad",nord clean pro,Fysiska personer,Ej aktiebolag,2026-03-09,2026-03-09,,Normalläge,Är verksam,Lokalvård,81210,Malmö,Skåne,Malmö/Lund/Trelleborg,HÅLSJÖGATAN 43  LGH 1403,217 66,MALMÖ,,,Är registrerad för F-skatt,Är registrerad för moms,Är registrerad som vanlig arbetsgivare,1-9 anställda,Postadress är OK,"Tar emot reklam, ej telefonnummerspärrat"
9010033703,199010033703,"Meller, Cecilia",Förnyad Ro,Fysiska personer,Ej aktiebolag,2026-03-09,2026-03-09,,Normalläge,Är verksam,Tillhandahållande av konsumenttjänster i hemmet,96910,Eslöv,Skåne,Eslöv,NÖBBELÖV 802,241 93,ESLÖV,fornyadro@gmail.com,,Är registrerad för F-skatt,Är registrerad för moms,Har aldrig varit registrerad som arbetsgivare,0 anställda,Postadress är OK,"Tar emot reklam, ej telefonnummerspärrat"
9012053923,199012053923,"Palm, Anais",,Fysiska personer,Ej aktiebolag,2026-03-09,2026-03-09,,Normalläge,Är verksam,Utgivning av böcker,58110,Malmö,Skåne,Malmö/Lund/Trelleborg,LILLA VARVSGATAN 51 E,211 74,MALMÖ,,,Är registrerad för F-skatt,Har aldrig varit registrerad för moms,Har aldrig varit registrerad som arbetsgivare,0 anställda,Postadress är OK,"Tar emot reklam, ej telefonnummerspärrat"
9104243457,199104243457,"Olofsson Geving, Gustaf Peder",,Fysiska personer,Ej aktiebolag,2026-03-09,2026-03-09,,Normalläge,Är verksam,"Detaljhandel med ur, guldsmedsvaror och smycken, utom via internet eller postorder",47771,Malmö,Skåne,Malmö/Lund/Trelleborg,NÄTSNÄCKSGRÄND 4  LGH 1202,216 31,LIMHAMN,,,Är registrerad för F-skatt,Är registrerad för moms,Har aldrig varit registrerad som arbetsgivare,0 anställda,Postadress är OK,"Tar emot reklam, ej telefonnummerspärrat"
9107265085,199107265085,"Hennig, Lisa Maria Charlotte",,Fysiska personer,Ej aktiebolag,2026-03-09,2026-03-09,,Normalläge,Är verksam,Inredningsdesign,74130,Simrishamn,Skåne,Ystad/Simrishamn,IDROTTSGATAN 19,276 30,BORRBY,,,Är registrerad för F-skatt,Har aldrig varit registrerad för moms,Har aldrig varit registrerad som arbetsgivare,0 anställda,Postadress är OK,"Tar emot reklam, ej telefonnummerspärrat"
9108135600,199108135600,"Quartini Norström, Ester Gioia",,Fysiska personer,Ej aktiebolag,2026-03-09,2026-03-09,,Normalläge,Är verksam,Översättning och tolkning,74300,Malmö,Skåne,Malmö/Lund/Trelleborg,MASTGRÄND 6 A LGH 1202,211 77,MALMÖ,,,Är registrerad för F-skatt,Har aldrig varit registrerad för moms,Har aldrig varit registrerad som arbetsgivare,0 anställda,Postadress är OK,"Tar emot reklam, ej telefonnummerspärrat"
9108318727,199108318727,"Isaacs, Zahrah",,Fysiska personer,Ej aktiebolag,2026-03-09,2026-03-09,,Normalläge,Är verksam,Scenkonst,90200,Malmö,Skåne,Malmö/Lund/Trelleborg,VÄSTRA HINDBYVÄGEN 5 B LGH 1301,214 58,MALMÖ,,,Är registrerad för F-skatt,Har aldrig varit registrerad för moms,Har aldrig varit registrerad som arbetsgivare,0 anställda,Postadress är OK,"Tar emot reklam, ej telefonnummerspärrat"
9109092206,199109092206,"Dahlgren, Lilly Ann",,Fysiska personer,Ej aktiebolag,2026-03-09,2026-03-09,,Normalläge,Är verksam,Blandat jordbruk,01500,Tomelilla,Skåne,Ystad/Simrishamn,LÖNHULT 410,273 55,BRÖSARP,,,Är registrerad för F-skatt,Har aldrig varit registrerad för moms,Har aldrig varit registrerad som arbetsgivare,0 anställda,Postadress är OK,"Tar emot reklam, ej telefonnummerspärrat"
9112313474,199112313474,"Franck, Peter",,Fysiska personer,Ej aktiebolag,2026-03-09,2026-03-09,,Normalläge,Är verksam,Odling av kärnfrukter och stenfrukter,01240,Eslöv,Skåne,Eslöv,ÖSTRA KARABY 1902,241 71,MARIEHOLM,,,Är registrerad för F-skatt,Är registrerad för moms,Har aldrig varit registrerad som arbetsgivare,0 anställda,Postadress är OK,"Tar emot reklam, ej telefonnummerspärrat"
9203168852,199203168852,"Masri, Mohamed",Spider flytt och städ,Fysiska personer,Ej aktiebolag,2026-03-09,2026-04-13,,Normalläge,Är verksam,Lokalvård,81210,Helsingborg,Skåne,Helsingborg/Landskrona,RUSTHÅLLSGATAN 18  LGH 1301,252 31,HELSINGBORG,,,Är registrerad för F-skatt,Har aldrig varit registrerad för moms,Har aldrig varit registrerad som arbetsgivare,0 anställda,Postadress är OK,"Tar emot reklam, ej telefonnummerspärrat"
9203303558,199203303558,"Made, Brwa Jumaah Made",Hemmodel,Fysiska personer,Ej aktiebolag,2026-03-09,2026-03-09,,Normalläge,Är verksam,Detaljhandel med järn- och VVS-varor,47522,Kristianstad,Skåne,Kristianstad,VÄVSKEDSVÄGEN 5,291 65,KRISTIANSTAD,Brwamade92@gmail.com,,Är registrerad för F-skatt,Har aldrig varit registrerad för moms,Har aldrig varit registrerad som arbetsgivare,0 anställda,Postadress är OK,"Tar emot reklam, ej telefonnummerspärrat"
9207275398,199207275398,"Franck, Björn",,Fysiska personer,Ej aktiebolag,2026-03-09,2026-03-09,,Normalläge,Är verksam,Odling av kärnfrukter och stenfrukter,01240,Eslöv,Skåne,Eslöv,ÖSTRA KARABY 1902,241 71,MARIEHOLM,,,Är registrerad för F-skatt,Är registrerad för moms,Har aldrig varit registrerad som arbetsgivare,0 anställda,Postadress är OK,"Tar emot reklam, ej telefonnummerspärrat"
9209230748,199209230748,"Pernu, Lauriina",,Fysiska personer,Ej aktiebolag,2026-03-09,2026-03-09,,Normalläge,Är verksam,Fysioterapeutisk verksamhet,86950,Malmö,Skåne,Malmö/Lund/Trelleborg,DISPONENTGATAN 19  LGH 1303,211 57,MALMÖ,,,Är registrerad för F-skatt,Är registrerad för moms,Har aldrig varit registrerad som arbetsgivare,0 anställda,Postadress är OK,"Tar emot reklam, ej telefonnummerspärrat"
9302033437,199302033437,"Villota Macias, Luis Felipe",,Fysiska personer,Ej aktiebolag,2026-03-09,2026-03-09,,Normalläge,Är verksam,Samhällsvetenskaplig och humanistisk forskning och utveckling,72200,Malmö,Skåne,Malmö/Lund/Trelleborg,KARLSKRONAPLAN 9  LGH 1003,214 36,MALMÖ,,,Är registrerad för F-skatt,Har aldrig varit registrerad för moms,Har aldrig varit registrerad som arbetsgivare,0 anställda,Postadress är OK,"Tar emot reklam, ej telefonnummerspärrat"
9302210597,199302210597,"Hadevik, Christoffer",,Fysiska personer,Ej aktiebolag,2026-03-09,2026-03-09,,Normalläge,Är verksam,Mark- och grundarbeten,43120,Ängelholm,Skåne,Ängelholm,POLLENGATAN 28,262 54,ÄNGELHOLM,,,Är registrerad för F-skatt,Är registrerad för moms,Har aldrig varit registrerad som arbetsgivare,0 anställda,Postadress är OK,"Tar emot reklam, ej telefonnummerspärrat"
9304105613,199304105613,"Quist, Oliver",,Fysiska personer,Ej aktiebolag,2026-03-09,2026-03-09,,Normalläge,Är verksam,"Offentlig förvaltning av program för kultur, miljö, boende m.m.",84125,Malmö,Skåne,Malmö/Lund/Trelleborg,ÖSTRA KRISTINELUNDSVÄGEN 25 A LGH 1103,217 48,MALMÖ,,,Är registrerad för F-skatt,Har aldrig varit registrerad för moms,Har aldrig varit registrerad som arbetsgivare,0 anställda,Postadress är OK,"Tar emot reklam, ej telefonnummerspärrat"
9305290802,199305290802,"Malaj, Desara",,Fysiska personer,Ej aktiebolag,2026-03-09,2026-03-09,,Normalläge,Är verksam,Skönhetsvård och andra skönhetsbehandlingar,96220,Malmö,Skåne,Malmö/Lund/Trelleborg,MÖLLEVÅNGSGATAN 32  LGH 1501,214 20,MALMÖ,,,Är registrerad för F-skatt,Är registrerad för moms,Har aldrig varit registrerad som arbetsgivare,0 anställda,Postadress är OK,"Tar emot reklam, ej telefonnummerspärrat"
9311151204,199311151204,"Larsen, Ellen",,Fysiska personer,Ej aktiebolag,2026-03-09,2026-03-09,,Normalläge,Är verksam,Blandat jordbruk,01500,Kristianstad,Skåne,Kristianstad,KJUGEVÄGEN 290  SÄVEDAL,291 68,FJÄLKINGE,,,Är registrerad för F-skatt,Är registrerad för moms,Har aldrig varit registrerad som arbetsgivare,0 anställda,Postadress är OK,"Tar emot reklam, ej telefonnummerspärrat"
9311163969,199311163969,"Al-Tahi, Khadija Aid",,Fysiska personer,Ej aktiebolag,2026-03-09,2026-03-09,,Normalläge,Är verksam,Lokalvård,81210,Helsingborg,Skåne,Helsingborg/Landskrona,NORRA TORGGATAN 2  LGH 1102,254 71,HASSLARP,,,Är registrerad för F-skatt,Är registrerad för moms,Har aldrig varit registrerad som arbetsgivare,0 anställda,Postadress är OK,"Tar emot reklam, ej telefonnummerspärrat"
9311307160,199311307160,"Wilör, Ida",,Fysiska personer,Ej aktiebolag,2026-03-09,2026-03-09,,Normalläge,Är verksam,Fotoverksamhet,74200,Trelleborg,Skåne,Malmö/Lund/Trelleborg,PETERSBORGSVÄGEN 12,231 56,TRELLEBORG,,,Är registrerad för F-skatt,Har aldrig varit registrerad för moms,Har aldrig varit registrerad som arbetsgivare,0 anställda,Postadress är OK,"Tar emot reklam, ej telefonnummerspärrat"
9401090353,199401090353,"Möller, Johan",,Fysiska personer,Ej aktiebolag,2026-03-09,2026-03-09,,Normalläge,Är verksam,Tillverkning av köksmöbler,31003,Malmö,Skåne,Malmö/Lund/Trelleborg,STENBOCKSGATAN 13 A LGH 1102,211 50,MALMÖ,,,Är registrerad för F-skatt,Är registrerad för moms,Har aldrig varit registrerad som arbetsgivare,0 anställda,Postadress är OK,"Tar emot reklam, ej telefonnummerspärrat"
9404122526,199404122526,"Rastelica, Donjetë",,Fysiska personer,Ej aktiebolag,2026-03-09,2026-03-09,,Normalläge,Är verksam,Lokalvård,81210,Helsingborg,Skåne,Helsingborg/Landskrona,MAGISTERGATAN 7  LGH 1003,252 38,HELSINGBORG,,,Är registrerad för F-skatt,Är registrerad för moms,Har aldrig varit registrerad som arbetsgivare,0 anställda,Postadress är OK,"Tar emot reklam, ej telefonnummerspärrat"
9508081628,199508081628,"Najjar, Widad",,Fysiska personer,Ej aktiebolag,2026-03-09,2026-03-09,,Normalläge,Är verksam,Lokalvård,81210,Malmö,Skåne,Malmö/Lund/Trelleborg,MUNKHÄTTEGATAN 41,214 56,MALMÖ,,,Är registrerad för F-skatt,Är registrerad för moms,Har aldrig varit registrerad som arbetsgivare,0 anställda,Postadress är OK,"Tar emot reklam, ej telefonnummerspärrat"
9509130010,199509130010,"Athley, Anton",,Fysiska personer,Ej aktiebolag,2026-03-09,2026-03-09,,Normalläge,Är verksam,Redovisning och bokföring; skatterådgivning,69201,Malmö,Skåne,Malmö/Lund/Trelleborg,RÖNNBLOMSGATAN 11  LGH 1389,212 16,MALMÖ,,,Är registrerad för F-skatt,Är registrerad för moms,Har aldrig varit registrerad som arbetsgivare,0 anställda,Postadress är OK,"Tar emot reklam, ej telefonnummerspärrat"
9509268562,199509268562,"Medvecz, Anna",,Fysiska personer,Ej aktiebolag,2026-03-09,2026-03-09,,Normalläge,Är verksam,Diverse övriga konsumenttjänster,96990,Malmö,Skåne,Malmö/Lund/Trelleborg,SLUSSGATAN 12 I LGH 1402,211 30,MALMÖ,,,Är registrerad för F-skatt,Har aldrig varit registrerad för moms,Har aldrig varit registrerad som arbetsgivare,0 anställda,Postadress är OK,"Tar emot reklam, ej telefonnummerspärrat"
9607315109,199607315109,"Moberg, Lusse",,Fysiska personer,Ej aktiebolag,2026-03-09,2026-03-09,,Normalläge,Är verksam,Frisörer och barberare,96210,Kristianstad,Skåne,Kristianstad,ALBOGATAN 36  LGH 1301,291 38,KRISTIANSTAD,,,Är registrerad för F-skatt,Är registrerad för moms,Har aldrig varit registrerad som arbetsgivare,0 anställda,Postadress är OK,"Tar emot reklam, ej telefonnummerspärrat"
9609104956,199609104956,"Nilsson, Emil",,Fysiska personer,Ej aktiebolag,2026-03-09,2026-03-09,,Normalläge,Är verksam,"Uthyrning och förvaltning av egna eller arrenderade, andra lokaler",68203,Sjöbo,Skåne,Ystad/Simrishamn,OMMA BYAVÄG 44,275 91,SJÖBO,,,Är registrerad för F-skatt,Har aldrig varit registrerad för moms,Har aldrig varit registrerad som arbetsgivare,0 anställda,Postadress är OK,"Tar emot reklam, ej telefonnummerspärrat"
9610221005,199610221005,"Sjödin, Alexandra",,Fysiska personer,Ej aktiebolag,2026-03-09,2026-03-09,,Normalläge,Är verksam,Förmedling avseende icke-specialiserad detaljhandel,47910,Malmö,Skåne,Malmö/Lund/Trelleborg,STORA KVARNGATAN 10  LGH 1302,211 29,MALMÖ,,,Är registrerad för F-skatt,Är registrerad för moms,Har aldrig varit registrerad som arbetsgivare,0 anställda,Postadress är OK,"Tar emot reklam, ej telefonnummerspärrat"
9703063389,199703063389,"Vlashi, Floriana",,Fysiska personer,Ej aktiebolag,2026-03-09,2026-03-09,,Normalläge,Är verksam,Skönhetsvård och andra skönhetsbehandlingar,96220,Malmö,Skåne,Malmö/Lund/Trelleborg,ORMVRÅKSGATAN 11  LGH 1401,215 62,MALMÖ,,,Är registrerad för F-skatt,Är registrerad för moms,Har aldrig varit registrerad som arbetsgivare,0 anställda,Postadress är OK,"Tar emot reklam, ej telefonnummerspärrat"
9705290352,199705290352,"Smailagic, Benjamin",,Fysiska personer,Ej aktiebolag,2026-03-09,2026-03-09,,Normalläge,Är verksam,Allmän service och reparation av motorfordon utom motorcyklar,95311,Landskrona,Skåne,Helsingborg/Landskrona,BJÖRKGATAN 17,261 51,LANDSKRONA,,,Är registrerad för F-skatt,Har aldrig varit registrerad för moms,Har aldrig varit registrerad som arbetsgivare,0 anställda,Postadress är OK,"Tar emot reklam, ej telefonnummerspärrat"
9708251849,199708251849,"Persson, Hanna Katarina",,Fysiska personer,Ej aktiebolag,2026-03-09,2026-03-09,,Normalläge,Är verksam,Scenkonst,90200,Malmö,Skåne,Malmö/Lund/Trelleborg,HAGAVIKSVÄGEN 7,212 91,MALMÖ,,,Är registrerad för F-skatt,Är registrerad för moms,Har aldrig varit registrerad som arbetsgivare,0 anställda,Postadress är OK,"Tar emot reklam, ej telefonnummerspärrat"
9801166563,199801166563,"Axmacher, Antonia",,Fysiska personer,Ej aktiebolag,2026-03-09,2026-03-09,,Normalläge,Är verksam,"Produktion av film, video och tv-program",59110,Malmö,Skåne,Malmö/Lund/Trelleborg,ISBERGS GATA 16  LGH 1205,211 19,MALMÖ,,,Är registrerad för F-skatt,Är registrerad för moms,Har aldrig varit registrerad som arbetsgivare,0 anställda,Postadress är OK,"Tar emot reklam, ej telefonnummerspärrat"
9803261149,199803261149,"Paulsson, Julia",,Fysiska personer,Ej aktiebolag,2026-03-09,2026-03-09,,Normalläge,Är verksam,Dataprogrammering,62100,Kristianstad,Skåne,Kristianstad,FLINGEVÄGEN 4,291 77,GÄRDS KÖPINGE,,,Är registrerad för F-skatt,Är registrerad för moms,Har aldrig varit registrerad som arbetsgivare,0 anställda,Postadress är OK,"Tar emot reklam, ej telefonnummerspärrat"
9808128715,199808128715,"Abbas Mohammad Faraj, Zardasht",,Fysiska personer,Ej aktiebolag,2026-03-09,2026-03-09,,Normalläge,Är verksam,Allmän service och reparation av motorfordon utom motorcyklar,95311,Malmö,Skåne,Malmö/Lund/Trelleborg,RÖDKULLASTIGEN 9 B LGH 1502,214 57,MALMÖ,,,Är registrerad för F-skatt,Är registrerad för moms,Har aldrig varit registrerad som arbetsgivare,0 anställda,Postadress är OK,"Tar emot reklam, ej telefonnummerspärrat"
9903060037,199903060037,"Iturrieta Diaz, Ezequiel",,Fysiska personer,Ej aktiebolag,2026-03-09,2026-03-09,,Normalläge,Är verksam,Detaljhandel via internet eller postorder med brett sortiment,47123,Malmö,Skåne,Malmö/Lund/Trelleborg,STADIONGATAN 61 A LGH 1801,217 62,MALMÖ,,,Är registrerad för F-skatt,Är registrerad för moms,Har aldrig varit registrerad som arbetsgivare,0 anställda,Postadress är OK,"Tar emot reklam, ej telefonnummerspärrat"
9905238151,199905238151,"Al-Shanabra, Hayder Abbas Hatem",,Fysiska personer,Ej aktiebolag,2026-03-09,2026-03-09,,Normalläge,Är verksam,Diverse övriga konsumenttjänster,96990,Malmö,Skåne,Malmö/Lund/Trelleborg,NORRBÄCKSGATAN 14  LGH 1004,216 24,MALMÖ,,,Är registrerad för F-skatt,Har aldrig varit registrerad för moms,Har aldrig varit registrerad som arbetsgivare,0 anställda,Postadress är OK,"Tar emot reklam, ej telefonnummerspärrat"
9907288808,199907288808,"Fiori, Margherita",,Fysiska personer,Ej aktiebolag,2026-03-09,2026-03-09,,Normalläge,Är verksam,Skönhetsvård och andra skönhetsbehandlingar,96220,Helsingborg,Skåne,Helsingborg/Landskrona,LIEBÄCKSKROKEN 10 E LGH 1401,256 58,HELSINGBORG,,,Är registrerad för F-skatt,Är registrerad för moms,Har aldrig varit registrerad som arbetsgivare,0 anställda,Postadress är OK,"Tar emot reklam, ej telefonnummerspärrat"